seed,topology,traffic_level,destination_pattern,mask_target,routing_pressure,ablation,baseline_hops,tested_hops,baseline_congested_hops,tested_congested_hops,baseline_mask_size,tested_mask_size,baseline_energy_proxy,tested_energy_proxy,baseline_latency_proxy,tested_latency_proxy,path_changed
11,8x8,low,clustered,4,low,baseline,3,3,0,0,18,18,6.24,6.24,3.0,3.0,0
11,8x8,low,clustered,4,low,space_bits_only,3,3,0,0,18,18,6.24,6.24,3.0,3.0,0
11,8x8,low,clustered,4,low,mask_only,3,3,0,0,18,4,6.24,3.72,3.0,3.0,0
11,8x8,low,clustered,4,low,both,3,3,0,0,18,4,6.24,3.72,3.0,3.0,0
11,8x8,low,clustered,4,low,null_dispatch,3,3,0,0,18,18,6.24,6.24,3.0,3.0,0
11,8x8,low,clustered,4,high,baseline,4,4,0,0,18,18,7.24,7.24,4.0,4.0,0
11,8x8,low,clustered,4,high,space_bits_only,4,4,0,0,18,18,7.24,7.24,4.0,4.0,0
11,8x8,low,clustered,4,high,mask_only,4,4,0,0,18,4,7.24,4.72,4.0,4.0,0
11,8x8,low,clustered,4,high,both,4,4,0,0,18,4,7.24,4.72,4.0,4.0,0
11,8x8,low,clustered,4,high,null_dispatch,4,4,0,0,18,18,7.24,7.24,4.0,4.0,0
11,8x8,low,clustered,8,low,baseline,5,5,0,0,18,18,8.24,8.24,5.0,5.0,0
11,8x8,low,clustered,8,low,space_bits_only,5,5,0,0,18,18,8.24,8.24,5.0,5.0,0
11,8x8,low,clustered,8,low,mask_only,5,5,0,0,18,8,8.24,6.44,5.0,5.0,0
11,8x8,low,clustered,8,low,both,5,5,0,0,18,8,8.24,6.44,5.0,5.0,0
11,8x8,low,clustered,8,low,null_dispatch,5,5,0,0,18,18,8.24,8.24,5.0,5.0,0
11,8x8,low,clustered,8,high,baseline,5,5,0,0,18,18,8.24,8.24,5.0,5.0,0
11,8x8,low,clustered,8,high,space_bits_only,5,5,0,0,18,18,8.24,8.24,5.0,5.0,0
11,8x8,low,clustered,8,high,mask_only,5,5,0,0,18,8,8.24,6.44,5.0,5.0,0
11,8x8,low,clustered,8,high,both,5,5,0,0,18,8,8.24,6.44,5.0,5.0,0
11,8x8,low,clustered,8,high,null_dispatch,5,5,0,0,18,18,8.24,8.24,5.0,5.0,0
11,8x8,low,clustered,12,low,baseline,3,3,0,0,18,18,6.24,6.24,3.0,3.0,0
11,8x8,low,clustered,12,low,space_bits_only,3,3,0,0,18,18,6.24,6.24,3.0,3.0,0
11,8x8,low,clustered,12,low,mask_only,3,3,0,0,18,12,6.24,5.16,3.0,3.0,0
11,8x8,low,clustered,12,low,both,3,3,0,0,18,12,6.24,5.16,3.0,3.0,0
11,8x8,low,clustered,12,low,null_dispatch,3,3,0,0,18,18,6.24,6.24,3.0,3.0,0
11,8x8,low,clustered,12,high,baseline,4,4,0,0,18,18,7.24,7.24,4.0,4.0,0
11,8x8,low,clustered,12,high,space_bits_only,4,4,0,0,18,18,7.24,7.24,4.0,4.0,0
11,8x8,low,clustered,12,high,mask_only,4,4,0,0,18,12,7.24,6.16,4.0,4.0,0
11,8x8,low,clustered,12,high,both,4,4,0,0,18,12,7.24,6.16,4.0,4.0,0
11,8x8,low,clustered,12,high,null_dispatch,4,4,0,0,18,18,7.24,7.24,4.0,4.0,0
11,8x8,low,clustered,18,low,baseline,3,3,0,0,18,18,6.24,6.24,3.0,3.0,0
11,8x8,low,clustered,18,low,space_bits_only,3,3,0,0,18,18,6.24,6.24,3.0,3.0,0
11,8x8,low,clustered,18,low,mask_only,3,3,0,0,18,18,6.24,6.24,3.0,3.0,0
11,8x8,low,clustered,18,low,both,3,3,0,0,18,18,6.24,6.24,3.0,3.0,0
11,8x8,low,clustered,18,low,null_dispatch,3,3,0,0,18,18,6.24,6.24,3.0,3.0,0
11,8x8,low,clustered,18,high,baseline,5,5,0,0,18,18,8.24,8.24,5.0,5.0,0
11,8x8,low,clustered,18,high,space_bits_only,5,5,0,0,18,18,8.24,8.24,5.0,5.0,0
11,8x8,low,clustered,18,high,mask_only,5,5,0,0,18,18,8.24,8.24,5.0,5.0,0
11,8x8,low,clustered,18,high,both,5,5,0,0,18,18,8.24,8.24,5.0,5.0,0
11,8x8,low,clustered,18,high,null_dispatch,5,5,0,0,18,18,8.24,8.24,5.0,5.0,0
11,8x8,low,dispersed,4,low,baseline,4,4,0,0,18,18,7.24,7.24,4.0,4.0,0
11,8x8,low,dispersed,4,low,space_bits_only,4,4,0,0,18,18,7.24,7.24,4.0,4.0,0
11,8x8,low,dispersed,4,low,mask_only,4,4,0,0,18,4,7.24,4.72,4.0,4.0,0
11,8x8,low,dispersed,4,low,both,4,4,0,0,18,4,7.24,4.72,4.0,4.0,0
11,8x8,low,dispersed,4,low,null_dispatch,4,4,0,0,18,18,7.24,7.24,4.0,4.0,0
11,8x8,low,dispersed,4,high,baseline,5,5,0,0,18,18,8.24,8.24,5.0,5.0,0
11,8x8,low,dispersed,4,high,space_bits_only,5,5,0,0,18,18,8.24,8.24,5.0,5.0,0
11,8x8,low,dispersed,4,high,mask_only,5,5,0,0,18,4,8.24,5.72,5.0,5.0,0
11,8x8,low,dispersed,4,high,both,5,5,0,0,18,4,8.24,5.72,5.0,5.0,0
11,8x8,low,dispersed,4,high,null_dispatch,5,5,0,0,18,18,8.24,8.24,5.0,5.0,0
11,8x8,low,dispersed,8,low,baseline,4,4,1,1,18,18,8.14,8.14,5.75,5.75,0
11,8x8,low,dispersed,8,low,space_bits_only,4,4,1,0,18,18,8.14,7.24,5.75,4.0,1
11,8x8,low,dispersed,8,low,mask_only,4,4,1,1,18,8,8.14,6.34,5.75,5.75,0
11,8x8,low,dispersed,8,low,both,4,4,1,0,18,8,8.14,5.44,5.75,4.0,1
11,8x8,low,dispersed,8,low,null_dispatch,4,4,1,1,18,18,8.14,8.14,5.75,5.75,0
11,8x8,low,dispersed,8,high,baseline,3,3,0,0,18,18,6.24,6.24,3.0,3.0,0
11,8x8,low,dispersed,8,high,space_bits_only,3,3,0,0,18,18,6.24,6.24,3.0,3.0,0
11,8x8,low,dispersed,8,high,mask_only,3,3,0,0,18,8,6.24,4.44,3.0,3.0,0
11,8x8,low,dispersed,8,high,both,3,3,0,0,18,8,6.24,4.44,3.0,3.0,0
11,8x8,low,dispersed,8,high,null_dispatch,3,3,0,0,18,18,6.24,6.24,3.0,3.0,0
11,8x8,low,dispersed,12,low,baseline,5,5,0,0,18,18,8.24,8.24,5.0,5.0,0
11,8x8,low,dispersed,12,low,space_bits_only,5,5,0,0,18,18,8.24,8.24,5.0,5.0,0
11,8x8,low,dispersed,12,low,mask_only,5,5,0,0,18,12,8.24,7.16,5.0,5.0,0
11,8x8,low,dispersed,12,low,both,5,5,0,0,18,12,8.24,7.16,5.0,5.0,0
11,8x8,low,dispersed,12,low,null_dispatch,5,5,0,0,18,18,8.24,8.24,5.0,5.0,0
11,8x8,low,dispersed,12,high,baseline,4,4,0,0,18,18,7.24,7.24,4.0,4.0,0
11,8x8,low,dispersed,12,high,space_bits_only,4,4,0,0,18,18,7.24,7.24,4.0,4.0,0
11,8x8,low,dispersed,12,high,mask_only,4,4,0,0,18,12,7.24,6.16,4.0,4.0,0
11,8x8,low,dispersed,12,high,both,4,4,0,0,18,12,7.24,6.16,4.0,4.0,0
11,8x8,low,dispersed,12,high,null_dispatch,4,4,0,0,18,18,7.24,7.24,4.0,4.0,0
11,8x8,low,dispersed,18,low,baseline,7,7,1,1,18,18,11.14,11.14,8.75,8.75,0
11,8x8,low,dispersed,18,low,space_bits_only,7,7,1,0,18,18,11.14,10.24,8.75,7.0,1
11,8x8,low,dispersed,18,low,mask_only,7,7,1,1,18,18,11.14,11.14,8.75,8.75,0
11,8x8,low,dispersed,18,low,both,7,7,1,0,18,18,11.14,10.24,8.75,7.0,1
11,8x8,low,dispersed,18,low,null_dispatch,7,7,1,1,18,18,11.14,11.14,8.75,8.75,0
11,8x8,low,dispersed,18,high,baseline,6,6,0,0,18,18,9.24,9.24,6.0,6.0,0
11,8x8,low,dispersed,18,high,space_bits_only,6,6,0,0,18,18,9.24,9.24,6.0,6.0,0
11,8x8,low,dispersed,18,high,mask_only,6,6,0,0,18,18,9.24,9.24,6.0,6.0,0
11,8x8,low,dispersed,18,high,both,6,6,0,0,18,18,9.24,9.24,6.0,6.0,0
11,8x8,low,dispersed,18,high,null_dispatch,6,6,0,0,18,18,9.24,9.24,6.0,6.0,0
11,8x8,medium,clustered,4,low,baseline,6,6,0,0,18,18,9.24,9.24,6.0,6.0,0
11,8x8,medium,clustered,4,low,space_bits_only,6,6,0,0,18,18,9.24,9.24,6.0,6.0,0
11,8x8,medium,clustered,4,low,mask_only,6,6,0,0,18,4,9.24,6.72,6.0,6.0,0
11,8x8,medium,clustered,4,low,both,6,6,0,0,18,4,9.24,6.72,6.0,6.0,0
11,8x8,medium,clustered,4,low,null_dispatch,6,6,0,0,18,18,9.24,9.24,6.0,6.0,0
11,8x8,medium,clustered,4,high,baseline,4,4,0,0,18,18,7.24,7.24,4.0,4.0,0
11,8x8,medium,clustered,4,high,space_bits_only,4,4,0,0,18,18,7.24,7.24,4.0,4.0,0
11,8x8,medium,clustered,4,high,mask_only,4,4,0,0,18,4,7.24,4.72,4.0,4.0,0
11,8x8,medium,clustered,4,high,both,4,4,0,0,18,4,7.24,4.72,4.0,4.0,0
11,8x8,medium,clustered,4,high,null_dispatch,4,4,0,0,18,18,7.24,7.24,4.0,4.0,0
11,8x8,medium,clustered,8,low,baseline,6,6,1,1,18,18,10.14,10.14,7.75,7.75,0
11,8x8,medium,clustered,8,low,space_bits_only,6,6,1,1,18,18,10.14,10.14,7.75,7.75,0
11,8x8,medium,clustered,8,low,mask_only,6,6,1,1,18,8,10.14,8.34,7.75,7.75,0
11,8x8,medium,clustered,8,low,both,6,6,1,1,18,8,10.14,8.34,7.75,7.75,0
11,8x8,medium,clustered,8,low,null_dispatch,6,6,1,1,18,18,10.14,10.14,7.75,7.75,0
11,8x8,medium,clustered,8,high,baseline,4,4,0,0,18,18,7.24,7.24,4.0,4.0,0
11,8x8,medium,clustered,8,high,space_bits_only,4,4,0,0,18,18,7.24,7.24,4.0,4.0,0
11,8x8,medium,clustered,8,high,mask_only,4,4,0,0,18,8,7.24,5.44,4.0,4.0,0
11,8x8,medium,clustered,8,high,both,4,4,0,0,18,8,7.24,5.44,4.0,4.0,0
11,8x8,medium,clustered,8,high,null_dispatch,4,4,0,0,18,18,7.24,7.24,4.0,4.0,0
11,8x8,medium,clustered,12,low,baseline,4,4,0,0,18,18,7.24,7.24,4.0,4.0,0
11,8x8,medium,clustered,12,low,space_bits_only,4,4,0,0,18,18,7.24,7.24,4.0,4.0,0
11,8x8,medium,clustered,12,low,mask_only,4,4,0,0,18,12,7.24,6.16,4.0,4.0,0
11,8x8,medium,clustered,12,low,both,4,4,0,0,18,12,7.24,6.16,4.0,4.0,0
11,8x8,medium,clustered,12,low,null_dispatch,4,4,0,0,18,18,7.24,7.24,4.0,4.0,0
11,8x8,medium,clustered,12,high,baseline,4,4,0,0,18,18,7.24,7.24,4.0,4.0,0
11,8x8,medium,clustered,12,high,space_bits_only,4,4,0,0,18,18,7.24,7.24,4.0,4.0,0
11,8x8,medium,clustered,12,high,mask_only,4,4,0,0,18,12,7.24,6.16,4.0,4.0,0
11,8x8,medium,clustered,12,high,both,4,4,0,0,18,12,7.24,6.16,4.0,4.0,0
11,8x8,medium,clustered,12,high,null_dispatch,4,4,0,0,18,18,7.24,7.24,4.0,4.0,0
11,8x8,medium,clustered,18,low,baseline,4,4,0,0,18,18,7.24,7.24,4.0,4.0,0
11,8x8,medium,clustered,18,low,space_bits_only,4,4,0,0,18,18,7.24,7.24,4.0,4.0,0
11,8x8,medium,clustered,18,low,mask_only,4,4,0,0,18,18,7.24,7.24,4.0,4.0,0
11,8x8,medium,clustered,18,low,both,4,4,0,0,18,18,7.24,7.24,4.0,4.0,0
11,8x8,medium,clustered,18,low,null_dispatch,4,4,0,0,18,18,7.24,7.24,4.0,4.0,0
11,8x8,medium,clustered,18,high,baseline,5,5,1,1,18,18,9.14,9.14,6.75,6.75,0
11,8x8,medium,clustered,18,high,space_bits_only,5,5,1,1,18,18,9.14,9.14,6.75,6.75,0
11,8x8,medium,clustered,18,high,mask_only,5,5,1,1,18,18,9.14,9.14,6.75,6.75,0
11,8x8,medium,clustered,18,high,both,5,5,1,1,18,18,9.14,9.14,6.75,6.75,0
11,8x8,medium,clustered,18,high,null_dispatch,5,5,1,1,18,18,9.14,9.14,6.75,6.75,0
11,8x8,medium,dispersed,4,low,baseline,2,2,0,0,18,18,5.24,5.24,2.0,2.0,0
11,8x8,medium,dispersed,4,low,space_bits_only,2,2,0,0,18,18,5.24,5.24,2.0,2.0,0
11,8x8,medium,dispersed,4,low,mask_only,2,2,0,0,18,4,5.24,2.72,2.0,2.0,0
11,8x8,medium,dispersed,4,low,both,2,2,0,0,18,4,5.24,2.72,2.0,2.0,0
11,8x8,medium,dispersed,4,low,null_dispatch,2,2,0,0,18,18,5.24,5.24,2.0,2.0,0
11,8x8,medium,dispersed,4,high,baseline,5,5,1,1,18,18,9.14,9.14,6.75,6.75,0
11,8x8,medium,dispersed,4,high,space_bits_only,5,5,1,0,18,18,9.14,8.24,6.75,5.0,1
11,8x8,medium,dispersed,4,high,mask_only,5,5,1,1,18,4,9.14,6.62,6.75,6.75,0
11,8x8,medium,dispersed,4,high,both,5,5,1,0,18,4,9.14,5.72,6.75,5.0,1
11,8x8,medium,dispersed,4,high,null_dispatch,5,5,1,1,18,18,9.14,9.14,6.75,6.75,0
11,8x8,medium,dispersed,8,low,baseline,5,5,1,1,18,18,9.14,9.14,6.75,6.75,0
11,8x8,medium,dispersed,8,low,space_bits_only,5,5,1,1,18,18,9.14,9.14,6.75,6.75,0
11,8x8,medium,dispersed,8,low,mask_only,5,5,1,1,18,8,9.14,7.34,6.75,6.75,0
11,8x8,medium,dispersed,8,low,both,5,5,1,1,18,8,9.14,7.34,6.75,6.75,0
11,8x8,medium,dispersed,8,low,null_dispatch,5,5,1,1,18,18,9.14,9.14,6.75,6.75,0
11,8x8,medium,dispersed,8,high,baseline,3,3,0,0,18,18,6.24,6.24,3.0,3.0,0
11,8x8,medium,dispersed,8,high,space_bits_only,3,3,0,0,18,18,6.24,6.24,3.0,3.0,0
11,8x8,medium,dispersed,8,high,mask_only,3,3,0,0,18,8,6.24,4.44,3.0,3.0,0
11,8x8,medium,dispersed,8,high,both,3,3,0,0,18,8,6.24,4.44,3.0,3.0,0
11,8x8,medium,dispersed,8,high,null_dispatch,3,3,0,0,18,18,6.24,6.24,3.0,3.0,0
11,8x8,medium,dispersed,12,low,baseline,3,3,0,0,18,18,6.24,6.24,3.0,3.0,0
11,8x8,medium,dispersed,12,low,space_bits_only,3,3,0,0,18,18,6.24,6.24,3.0,3.0,0
11,8x8,medium,dispersed,12,low,mask_only,3,3,0,0,18,12,6.24,5.16,3.0,3.0,0
11,8x8,medium,dispersed,12,low,both,3,3,0,0,18,12,6.24,5.16,3.0,3.0,0
11,8x8,medium,dispersed,12,low,null_dispatch,3,3,0,0,18,18,6.24,6.24,3.0,3.0,0
11,8x8,medium,dispersed,12,high,baseline,3,3,0,0,18,18,6.24,6.24,3.0,3.0,0
11,8x8,medium,dispersed,12,high,space_bits_only,3,3,0,0,18,18,6.24,6.24,3.0,3.0,0
11,8x8,medium,dispersed,12,high,mask_only,3,3,0,0,18,12,6.24,5.16,3.0,3.0,0
11,8x8,medium,dispersed,12,high,both,3,3,0,0,18,12,6.24,5.16,3.0,3.0,0
11,8x8,medium,dispersed,12,high,null_dispatch,3,3,0,0,18,18,6.24,6.24,3.0,3.0,0
11,8x8,medium,dispersed,18,low,baseline,7,7,0,0,18,18,10.24,10.24,7.0,7.0,0
11,8x8,medium,dispersed,18,low,space_bits_only,7,7,0,0,18,18,10.24,10.24,7.0,7.0,0
11,8x8,medium,dispersed,18,low,mask_only,7,7,0,0,18,18,10.24,10.24,7.0,7.0,0
11,8x8,medium,dispersed,18,low,both,7,7,0,0,18,18,10.24,10.24,7.0,7.0,0
11,8x8,medium,dispersed,18,low,null_dispatch,7,7,0,0,18,18,10.24,10.24,7.0,7.0,0
11,8x8,medium,dispersed,18,high,baseline,5,5,1,1,18,18,9.14,9.14,6.75,6.75,0
11,8x8,medium,dispersed,18,high,space_bits_only,5,5,1,0,18,18,9.14,8.24,6.75,5.0,1
11,8x8,medium,dispersed,18,high,mask_only,5,5,1,1,18,18,9.14,9.14,6.75,6.75,0
11,8x8,medium,dispersed,18,high,both,5,5,1,0,18,18,9.14,8.24,6.75,5.0,1
11,8x8,medium,dispersed,18,high,null_dispatch,5,5,1,1,18,18,9.14,9.14,6.75,6.75,0
11,8x8,high,clustered,4,low,baseline,5,5,0,0,18,18,8.24,8.24,5.0,5.0,0
11,8x8,high,clustered,4,low,space_bits_only,5,5,0,0,18,18,8.24,8.24,5.0,5.0,0
11,8x8,high,clustered,4,low,mask_only,5,5,0,0,18,4,8.24,5.72,5.0,5.0,0
11,8x8,high,clustered,4,low,both,5,5,0,0,18,4,8.24,5.72,5.0,5.0,0
11,8x8,high,clustered,4,low,null_dispatch,5,5,0,0,18,18,8.24,8.24,5.0,5.0,0
11,8x8,high,clustered,4,high,baseline,5,5,2,2,18,18,10.04,10.04,8.5,8.5,0
11,8x8,high,clustered,4,high,space_bits_only,5,5,2,1,18,18,10.04,9.14,8.5,6.75,1
11,8x8,high,clustered,4,high,mask_only,5,5,2,2,18,4,10.04,7.52,8.5,8.5,0
11,8x8,high,clustered,4,high,both,5,5,2,1,18,4,10.04,6.62,8.5,6.75,1
11,8x8,high,clustered,4,high,null_dispatch,5,5,2,2,18,18,10.04,10.04,8.5,8.5,0
11,8x8,high,clustered,8,low,baseline,4,4,1,1,18,18,8.14,8.14,5.75,5.75,0
11,8x8,high,clustered,8,low,space_bits_only,4,4,1,1,18,18,8.14,8.14,5.75,5.75,0
11,8x8,high,clustered,8,low,mask_only,4,4,1,1,18,8,8.14,6.34,5.75,5.75,0
11,8x8,high,clustered,8,low,both,4,4,1,1,18,8,8.14,6.34,5.75,5.75,0
11,8x8,high,clustered,8,low,null_dispatch,4,4,1,1,18,18,8.14,8.14,5.75,5.75,0
11,8x8,high,clustered,8,high,baseline,4,4,0,0,18,18,7.24,7.24,4.0,4.0,0
11,8x8,high,clustered,8,high,space_bits_only,4,4,0,0,18,18,7.24,7.24,4.0,4.0,0
11,8x8,high,clustered,8,high,mask_only,4,4,0,0,18,8,7.24,5.44,4.0,4.0,0
11,8x8,high,clustered,8,high,both,4,4,0,0,18,8,7.24,5.44,4.0,4.0,0
11,8x8,high,clustered,8,high,null_dispatch,4,4,0,0,18,18,7.24,7.24,4.0,4.0,0
11,8x8,high,clustered,12,low,baseline,6,6,0,0,18,18,9.24,9.24,6.0,6.0,0
11,8x8,high,clustered,12,low,space_bits_only,6,6,0,0,18,18,9.24,9.24,6.0,6.0,0
11,8x8,high,clustered,12,low,mask_only,6,6,0,0,18,12,9.24,8.16,6.0,6.0,0
11,8x8,high,clustered,12,low,both,6,6,0,0,18,12,9.24,8.16,6.0,6.0,0
11,8x8,high,clustered,12,low,null_dispatch,6,6,0,0,18,18,9.24,9.24,6.0,6.0,0
11,8x8,high,clustered,12,high,baseline,4,4,2,2,18,18,9.04,9.04,7.5,7.5,0
11,8x8,high,clustered,12,high,space_bits_only,4,4,2,0,18,18,9.04,7.24,7.5,4.0,1
11,8x8,high,clustered,12,high,mask_only,4,4,2,2,18,12,9.04,7.96,7.5,7.5,0
11,8x8,high,clustered,12,high,both,4,4,2,0,18,12,9.04,6.16,7.5,4.0,1
11,8x8,high,clustered,12,high,null_dispatch,4,4,2,2,18,18,9.04,9.04,7.5,7.5,0
11,8x8,high,clustered,18,low,baseline,4,4,0,0,18,18,7.24,7.24,4.0,4.0,0
11,8x8,high,clustered,18,low,space_bits_only,4,4,0,0,18,18,7.24,7.24,4.0,4.0,0
11,8x8,high,clustered,18,low,mask_only,4,4,0,0,18,18,7.24,7.24,4.0,4.0,0
11,8x8,high,clustered,18,low,both,4,4,0,0,18,18,7.24,7.24,4.0,4.0,0
11,8x8,high,clustered,18,low,null_dispatch,4,4,0,0,18,18,7.24,7.24,4.0,4.0,0
11,8x8,high,clustered,18,high,baseline,4,4,2,2,18,18,9.04,9.04,7.5,7.5,0
11,8x8,high,clustered,18,high,space_bits_only,4,4,2,1,18,18,9.04,8.14,7.5,5.75,1
11,8x8,high,clustered,18,high,mask_only,4,4,2,2,18,18,9.04,9.04,7.5,7.5,0
11,8x8,high,clustered,18,high,both,4,4,2,1,18,18,9.04,8.14,7.5,5.75,1
11,8x8,high,clustered,18,high,null_dispatch,4,4,2,2,18,18,9.04,9.04,7.5,7.5,0
11,8x8,high,dispersed,4,low,baseline,3,3,0,0,18,18,6.24,6.24,3.0,3.0,0
11,8x8,high,dispersed,4,low,space_bits_only,3,3,0,0,18,18,6.24,6.24,3.0,3.0,0
11,8x8,high,dispersed,4,low,mask_only,3,3,0,0,18,4,6.24,3.72,3.0,3.0,0
11,8x8,high,dispersed,4,low,both,3,3,0,0,18,4,6.24,3.72,3.0,3.0,0
11,8x8,high,dispersed,4,low,null_dispatch,3,3,0,0,18,18,6.24,6.24,3.0,3.0,0
11,8x8,high,dispersed,4,high,baseline,6,6,0,0,18,18,9.24,9.24,6.0,6.0,0
11,8x8,high,dispersed,4,high,space_bits_only,6,6,0,0,18,18,9.24,9.24,6.0,6.0,0
11,8x8,high,dispersed,4,high,mask_only,6,6,0,0,18,4,9.24,6.72,6.0,6.0,0
11,8x8,high,dispersed,4,high,both,6,6,0,0,18,4,9.24,6.72,6.0,6.0,0
11,8x8,high,dispersed,4,high,null_dispatch,6,6,0,0,18,18,9.24,9.24,6.0,6.0,0
11,8x8,high,dispersed,8,low,baseline,4,4,1,1,18,18,8.14,8.14,5.75,5.75,0
11,8x8,high,dispersed,8,low,space_bits_only,4,4,1,0,18,18,8.14,7.24,5.75,4.0,1
11,8x8,high,dispersed,8,low,mask_only,4,4,1,1,18,8,8.14,6.34,5.75,5.75,0
11,8x8,high,dispersed,8,low,both,4,4,1,0,18,8,8.14,5.44,5.75,4.0,1
11,8x8,high,dispersed,8,low,null_dispatch,4,4,1,1,18,18,8.14,8.14,5.75,5.75,0
11,8x8,high,dispersed,8,high,baseline,4,4,0,0,18,18,7.24,7.24,4.0,4.0,0
11,8x8,high,dispersed,8,high,space_bits_only,4,4,0,0,18,18,7.24,7.24,4.0,4.0,0
11,8x8,high,dispersed,8,high,mask_only,4,4,0,0,18,8,7.24,5.44,4.0,4.0,0
11,8x8,high,dispersed,8,high,both,4,4,0,0,18,8,7.24,5.44,4.0,4.0,0
11,8x8,high,dispersed,8,high,null_dispatch,4,4,0,0,18,18,7.24,7.24,4.0,4.0,0
11,8x8,high,dispersed,12,low,baseline,8,8,0,0,18,18,11.24,11.24,8.0,8.0,0
11,8x8,high,dispersed,12,low,space_bits_only,8,8,0,0,18,18,11.24,11.24,8.0,8.0,0
11,8x8,high,dispersed,12,low,mask_only,8,8,0,0,18,12,11.24,10.16,8.0,8.0,0
11,8x8,high,dispersed,12,low,both,8,8,0,0,18,12,11.24,10.16,8.0,8.0,0
11,8x8,high,dispersed,12,low,null_dispatch,8,8,0,0,18,18,11.24,11.24,8.0,8.0,0
11,8x8,high,dispersed,12,high,baseline,5,5,0,0,18,18,8.24,8.24,5.0,5.0,0
11,8x8,high,dispersed,12,high,space_bits_only,5,5,0,0,18,18,8.24,8.24,5.0,5.0,0
11,8x8,high,dispersed,12,high,mask_only,5,5,0,0,18,12,8.24,7.16,5.0,5.0,0
11,8x8,high,dispersed,12,high,both,5,5,0,0,18,12,8.24,7.16,5.0,5.0,0
11,8x8,high,dispersed,12,high,null_dispatch,5,5,0,0,18,18,8.24,8.24,5.0,5.0,0
11,8x8,high,dispersed,18,low,baseline,6,6,1,1,18,18,10.14,10.14,7.75,7.75,0
11,8x8,high,dispersed,18,low,space_bits_only,6,6,1,1,18,18,10.14,10.14,7.75,7.75,0
11,8x8,high,dispersed,18,low,mask_only,6,6,1,1,18,18,10.14,10.14,7.75,7.75,0
11,8x8,high,dispersed,18,low,both,6,6,1,1,18,18,10.14,10.14,7.75,7.75,0
11,8x8,high,dispersed,18,low,null_dispatch,6,6,1,1,18,18,10.14,10.14,7.75,7.75,0
11,8x8,high,dispersed,18,high,baseline,5,5,1,1,18,18,9.14,9.14,6.75,6.75,0
11,8x8,high,dispersed,18,high,space_bits_only,5,7,1,0,18,18,9.14,10.24,6.75,7.0,1
11,8x8,high,dispersed,18,high,mask_only,5,5,1,1,18,18,9.14,9.14,6.75,6.75,0
11,8x8,high,dispersed,18,high,both,5,7,1,0,18,18,9.14,10.24,6.75,7.0,1
11,8x8,high,dispersed,18,high,null_dispatch,5,5,1,1,18,18,9.14,9.14,6.75,6.75,0
23,8x8,low,clustered,4,low,baseline,5,5,0,0,18,18,8.24,8.24,5.0,5.0,0
23,8x8,low,clustered,4,low,space_bits_only,5,5,0,0,18,18,8.24,8.24,5.0,5.0,0
23,8x8,low,clustered,4,low,mask_only,5,5,0,0,18,4,8.24,5.72,5.0,5.0,0
23,8x8,low,clustered,4,low,both,5,5,0,0,18,4,8.24,5.72,5.0,5.0,0
23,8x8,low,clustered,4,low,null_dispatch,5,5,0,0,18,18,8.24,8.24,5.0,5.0,0
23,8x8,low,clustered,4,high,baseline,3,3,0,0,18,18,6.24,6.24,3.0,3.0,0
23,8x8,low,clustered,4,high,space_bits_only,3,3,0,0,18,18,6.24,6.24,3.0,3.0,0
23,8x8,low,clustered,4,high,mask_only,3,3,0,0,18,4,6.24,3.72,3.0,3.0,0
23,8x8,low,clustered,4,high,both,3,3,0,0,18,4,6.24,3.72,3.0,3.0,0
23,8x8,low,clustered,4,high,null_dispatch,3,3,0,0,18,18,6.24,6.24,3.0,3.0,0
23,8x8,low,clustered,8,low,baseline,4,4,0,0,18,18,7.24,7.24,4.0,4.0,0
23,8x8,low,clustered,8,low,space_bits_only,4,4,0,0,18,18,7.24,7.24,4.0,4.0,0
23,8x8,low,clustered,8,low,mask_only,4,4,0,0,18,8,7.24,5.44,4.0,4.0,0
23,8x8,low,clustered,8,low,both,4,4,0,0,18,8,7.24,5.44,4.0,4.0,0
23,8x8,low,clustered,8,low,null_dispatch,4,4,0,0,18,18,7.24,7.24,4.0,4.0,0
23,8x8,low,clustered,8,high,baseline,4,4,0,0,18,18,7.24,7.24,4.0,4.0,0
23,8x8,low,clustered,8,high,space_bits_only,4,4,0,0,18,18,7.24,7.24,4.0,4.0,0
23,8x8,low,clustered,8,high,mask_only,4,4,0,0,18,8,7.24,5.44,4.0,4.0,0
23,8x8,low,clustered,8,high,both,4,4,0,0,18,8,7.24,5.44,4.0,4.0,0
23,8x8,low,clustered,8,high,null_dispatch,4,4,0,0,18,18,7.24,7.24,4.0,4.0,0
23,8x8,low,clustered,12,low,baseline,5,5,0,0,18,18,8.24,8.24,5.0,5.0,0
23,8x8,low,clustered,12,low,space_bits_only,5,5,0,0,18,18,8.24,8.24,5.0,5.0,0
23,8x8,low,clustered,12,low,mask_only,5,5,0,0,18,12,8.24,7.16,5.0,5.0,0
23,8x8,low,clustered,12,low,both,5,5,0,0,18,12,8.24,7.16,5.0,5.0,0
23,8x8,low,clustered,12,low,null_dispatch,5,5,0,0,18,18,8.24,8.24,5.0,5.0,0
23,8x8,low,clustered,12,high,baseline,3,3,0,0,18,18,6.24,6.24,3.0,3.0,0
23,8x8,low,clustered,12,high,space_bits_only,3,3,0,0,18,18,6.24,6.24,3.0,3.0,0
23,8x8,low,clustered,12,high,mask_only,3,3,0,0,18,12,6.24,5.16,3.0,3.0,0
23,8x8,low,clustered,12,high,both,3,3,0,0,18,12,6.24,5.16,3.0,3.0,0
23,8x8,low,clustered,12,high,null_dispatch,3,3,0,0,18,18,6.24,6.24,3.0,3.0,0
23,8x8,low,clustered,18,low,baseline,4,4,1,1,18,18,8.14,8.14,5.75,5.75,0
23,8x8,low,clustered,18,low,space_bits_only,4,4,1,0,18,18,8.14,7.24,5.75,4.0,1
23,8x8,low,clustered,18,low,mask_only,4,4,1,1,18,18,8.14,8.14,5.75,5.75,0
23,8x8,low,clustered,18,low,both,4,4,1,0,18,18,8.14,7.24,5.75,4.0,1
23,8x8,low,clustered,18,low,null_dispatch,4,4,1,1,18,18,8.14,8.14,5.75,5.75,0
23,8x8,low,clustered,18,high,baseline,6,6,0,0,18,18,9.24,9.24,6.0,6.0,0
23,8x8,low,clustered,18,high,space_bits_only,6,6,0,0,18,18,9.24,9.24,6.0,6.0,0
23,8x8,low,clustered,18,high,mask_only,6,6,0,0,18,18,9.24,9.24,6.0,6.0,0
23,8x8,low,clustered,18,high,both,6,6,0,0,18,18,9.24,9.24,6.0,6.0,0
23,8x8,low,clustered,18,high,null_dispatch,6,6,0,0,18,18,9.24,9.24,6.0,6.0,0
23,8x8,low,dispersed,4,low,baseline,7,7,0,0,18,18,10.24,10.24,7.0,7.0,0
23,8x8,low,dispersed,4,low,space_bits_only,7,7,0,0,18,18,10.24,10.24,7.0,7.0,0
23,8x8,low,dispersed,4,low,mask_only,7,7,0,0,18,4,10.24,7.72,7.0,7.0,0
23,8x8,low,dispersed,4,low,both,7,7,0,0,18,4,10.24,7.72,7.0,7.0,0
23,8x8,low,dispersed,4,low,null_dispatch,7,7,0,0,18,18,10.24,10.24,7.0,7.0,0
23,8x8,low,dispersed,4,high,baseline,5,5,0,0,18,18,8.24,8.24,5.0,5.0,0
23,8x8,low,dispersed,4,high,space_bits_only,5,5,0,0,18,18,8.24,8.24,5.0,5.0,0
23,8x8,low,dispersed,4,high,mask_only,5,5,0,0,18,4,8.24,5.72,5.0,5.0,0
23,8x8,low,dispersed,4,high,both,5,5,0,0,18,4,8.24,5.72,5.0,5.0,0
23,8x8,low,dispersed,4,high,null_dispatch,5,5,0,0,18,18,8.24,8.24,5.0,5.0,0
23,8x8,low,dispersed,8,low,baseline,8,8,1,1,18,18,12.14,12.14,9.75,9.75,0
23,8x8,low,dispersed,8,low,space_bits_only,8,8,1,1,18,18,12.14,12.14,9.75,9.75,0
23,8x8,low,dispersed,8,low,mask_only,8,8,1,1,18,8,12.14,10.34,9.75,9.75,0
23,8x8,low,dispersed,8,low,both,8,8,1,1,18,8,12.14,10.34,9.75,9.75,0
23,8x8,low,dispersed,8,low,null_dispatch,8,8,1,1,18,18,12.14,12.14,9.75,9.75,0
23,8x8,low,dispersed,8,high,baseline,4,4,0,0,18,18,7.24,7.24,4.0,4.0,0
23,8x8,low,dispersed,8,high,space_bits_only,4,4,0,0,18,18,7.24,7.24,4.0,4.0,0
23,8x8,low,dispersed,8,high,mask_only,4,4,0,0,18,8,7.24,5.44,4.0,4.0,0
23,8x8,low,dispersed,8,high,both,4,4,0,0,18,8,7.24,5.44,4.0,4.0,0
23,8x8,low,dispersed,8,high,null_dispatch,4,4,0,0,18,18,7.24,7.24,4.0,4.0,0
23,8x8,low,dispersed,12,low,baseline,5,5,0,0,18,18,8.24,8.24,5.0,5.0,0
23,8x8,low,dispersed,12,low,space_bits_only,5,5,0,0,18,18,8.24,8.24,5.0,5.0,0
23,8x8,low,dispersed,12,low,mask_only,5,5,0,0,18,12,8.24,7.16,5.0,5.0,0
23,8x8,low,dispersed,12,low,both,5,5,0,0,18,12,8.24,7.16,5.0,5.0,0
23,8x8,low,dispersed,12,low,null_dispatch,5,5,0,0,18,18,8.24,8.24,5.0,5.0,0
23,8x8,low,dispersed,12,high,baseline,5,5,0,0,18,18,8.24,8.24,5.0,5.0,0
23,8x8,low,dispersed,12,high,space_bits_only,5,5,0,0,18,18,8.24,8.24,5.0,5.0,0
23,8x8,low,dispersed,12,high,mask_only,5,5,0,0,18,12,8.24,7.16,5.0,5.0,0
23,8x8,low,dispersed,12,high,both,5,5,0,0,18,12,8.24,7.16,5.0,5.0,0
23,8x8,low,dispersed,12,high,null_dispatch,5,5,0,0,18,18,8.24,8.24,5.0,5.0,0
23,8x8,low,dispersed,18,low,baseline,6,6,1,1,18,18,10.14,10.14,7.75,7.75,0
23,8x8,low,dispersed,18,low,space_bits_only,6,6,1,1,18,18,10.14,10.14,7.75,7.75,0
23,8x8,low,dispersed,18,low,mask_only,6,6,1,1,18,18,10.14,10.14,7.75,7.75,0
23,8x8,low,dispersed,18,low,both,6,6,1,1,18,18,10.14,10.14,7.75,7.75,0
23,8x8,low,dispersed,18,low,null_dispatch,6,6,1,1,18,18,10.14,10.14,7.75,7.75,0
23,8x8,low,dispersed,18,high,baseline,3,3,0,0,18,18,6.24,6.24,3.0,3.0,0
23,8x8,low,dispersed,18,high,space_bits_only,3,3,0,0,18,18,6.24,6.24,3.0,3.0,0
23,8x8,low,dispersed,18,high,mask_only,3,3,0,0,18,18,6.24,6.24,3.0,3.0,0
23,8x8,low,dispersed,18,high,both,3,3,0,0,18,18,6.24,6.24,3.0,3.0,0
23,8x8,low,dispersed,18,high,null_dispatch,3,3,0,0,18,18,6.24,6.24,3.0,3.0,0
23,8x8,medium,clustered,4,low,baseline,4,4,1,1,18,18,8.14,8.14,5.75,5.75,0
23,8x8,medium,clustered,4,low,space_bits_only,4,4,1,1,18,18,8.14,8.14,5.75,5.75,0
23,8x8,medium,clustered,4,low,mask_only,4,4,1,1,18,4,8.14,5.62,5.75,5.75,0
23,8x8,medium,clustered,4,low,both,4,4,1,1,18,4,8.14,5.62,5.75,5.75,0
23,8x8,medium,clustered,4,low,null_dispatch,4,4,1,1,18,18,8.14,8.14,5.75,5.75,0
23,8x8,medium,clustered,4,high,baseline,5,5,0,0,18,18,8.24,8.24,5.0,5.0,0
23,8x8,medium,clustered,4,high,space_bits_only,5,5,0,0,18,18,8.24,8.24,5.0,5.0,0
23,8x8,medium,clustered,4,high,mask_only,5,5,0,0,18,4,8.24,5.72,5.0,5.0,0
23,8x8,medium,clustered,4,high,both,5,5,0,0,18,4,8.24,5.72,5.0,5.0,0
23,8x8,medium,clustered,4,high,null_dispatch,5,5,0,0,18,18,8.24,8.24,5.0,5.0,0
23,8x8,medium,clustered,8,low,baseline,3,3,0,0,18,18,6.24,6.24,3.0,3.0,0
23,8x8,medium,clustered,8,low,space_bits_only,3,3,0,0,18,18,6.24,6.24,3.0,3.0,0
23,8x8,medium,clustered,8,low,mask_only,3,3,0,0,18,8,6.24,4.44,3.0,3.0,0
23,8x8,medium,clustered,8,low,both,3,3,0,0,18,8,6.24,4.44,3.0,3.0,0
23,8x8,medium,clustered,8,low,null_dispatch,3,3,0,0,18,18,6.24,6.24,3.0,3.0,0
23,8x8,medium,clustered,8,high,baseline,5,5,0,0,18,18,8.24,8.24,5.0,5.0,0
23,8x8,medium,clustered,8,high,space_bits_only,5,5,0,0,18,18,8.24,8.24,5.0,5.0,0
23,8x8,medium,clustered,8,high,mask_only,5,5,0,0,18,8,8.24,6.44,5.0,5.0,0
23,8x8,medium,clustered,8,high,both,5,5,0,0,18,8,8.24,6.44,5.0,5.0,0
23,8x8,medium,clustered,8,high,null_dispatch,5,5,0,0,18,18,8.24,8.24,5.0,5.0,0
23,8x8,medium,clustered,12,low,baseline,5,5,1,1,18,18,9.14,9.14,6.75,6.75,0
23,8x8,medium,clustered,12,low,space_bits_only,5,5,1,0,18,18,9.14,8.24,6.75,5.0,1
23,8x8,medium,clustered,12,low,mask_only,5,5,1,1,18,12,9.14,8.06,6.75,6.75,0
23,8x8,medium,clustered,12,low,both,5,5,1,0,18,12,9.14,7.16,6.75,5.0,1
23,8x8,medium,clustered,12,low,null_dispatch,5,5,1,1,18,18,9.14,9.14,6.75,6.75,0
23,8x8,medium,clustered,12,high,baseline,3,3,0,0,18,18,6.24,6.24,3.0,3.0,0
23,8x8,medium,clustered,12,high,space_bits_only,3,3,0,0,18,18,6.24,6.24,3.0,3.0,0
23,8x8,medium,clustered,12,high,mask_only,3,3,0,0,18,12,6.24,5.16,3.0,3.0,0
23,8x8,medium,clustered,12,high,both,3,3,0,0,18,12,6.24,5.16,3.0,3.0,0
23,8x8,medium,clustered,12,high,null_dispatch,3,3,0,0,18,18,6.24,6.24,3.0,3.0,0
23,8x8,medium,clustered,18,low,baseline,5,5,0,0,18,18,8.24,8.24,5.0,5.0,0
23,8x8,medium,clustered,18,low,space_bits_only,5,5,0,0,18,18,8.24,8.24,5.0,5.0,0
23,8x8,medium,clustered,18,low,mask_only,5,5,0,0,18,18,8.24,8.24,5.0,5.0,0
23,8x8,medium,clustered,18,low,both,5,5,0,0,18,18,8.24,8.24,5.0,5.0,0
23,8x8,medium,clustered,18,low,null_dispatch,5,5,0,0,18,18,8.24,8.24,5.0,5.0,0
23,8x8,medium,clustered,18,high,baseline,2,2,0,0,18,18,5.24,5.24,2.0,2.0,0
23,8x8,medium,clustered,18,high,space_bits_only,2,2,0,0,18,18,5.24,5.24,2.0,2.0,0
23,8x8,medium,clustered,18,high,mask_only,2,2,0,0,18,18,5.24,5.24,2.0,2.0,0
23,8x8,medium,clustered,18,high,both,2,2,0,0,18,18,5.24,5.24,2.0,2.0,0
23,8x8,medium,clustered,18,high,null_dispatch,2,2,0,0,18,18,5.24,5.24,2.0,2.0,0
23,8x8,medium,dispersed,4,low,baseline,7,7,1,1,18,18,11.14,11.14,8.75,8.75,0
23,8x8,medium,dispersed,4,low,space_bits_only,7,7,1,1,18,18,11.14,11.14,8.75,8.75,0
23,8x8,medium,dispersed,4,low,mask_only,7,7,1,1,18,4,11.14,8.62,8.75,8.75,0
23,8x8,medium,dispersed,4,low,both,7,7,1,1,18,4,11.14,8.62,8.75,8.75,0
23,8x8,medium,dispersed,4,low,null_dispatch,7,7,1,1,18,18,11.14,11.14,8.75,8.75,0
23,8x8,medium,dispersed,4,high,baseline,8,8,1,1,18,18,12.14,12.14,9.75,9.75,0
23,8x8,medium,dispersed,4,high,space_bits_only,8,8,1,0,18,18,12.14,11.24,9.75,8.0,1
23,8x8,medium,dispersed,4,high,mask_only,8,8,1,1,18,4,12.14,9.62,9.75,9.75,0
23,8x8,medium,dispersed,4,high,both,8,8,1,0,18,4,12.14,8.72,9.75,8.0,1
23,8x8,medium,dispersed,4,high,null_dispatch,8,8,1,1,18,18,12.14,12.14,9.75,9.75,0
23,8x8,medium,dispersed,8,low,baseline,3,3,0,0,18,18,6.24,6.24,3.0,3.0,0
23,8x8,medium,dispersed,8,low,space_bits_only,3,3,0,0,18,18,6.24,6.24,3.0,3.0,0
23,8x8,medium,dispersed,8,low,mask_only,3,3,0,0,18,8,6.24,4.44,3.0,3.0,0
23,8x8,medium,dispersed,8,low,both,3,3,0,0,18,8,6.24,4.44,3.0,3.0,0
23,8x8,medium,dispersed,8,low,null_dispatch,3,3,0,0,18,18,6.24,6.24,3.0,3.0,0
23,8x8,medium,dispersed,8,high,baseline,5,5,0,0,18,18,8.24,8.24,5.0,5.0,0
23,8x8,medium,dispersed,8,high,space_bits_only,5,5,0,0,18,18,8.24,8.24,5.0,5.0,0
23,8x8,medium,dispersed,8,high,mask_only,5,5,0,0,18,8,8.24,6.44,5.0,5.0,0
23,8x8,medium,dispersed,8,high,both,5,5,0,0,18,8,8.24,6.44,5.0,5.0,0
23,8x8,medium,dispersed,8,high,null_dispatch,5,5,0,0,18,18,8.24,8.24,5.0,5.0,0
23,8x8,medium,dispersed,12,low,baseline,5,5,0,0,18,18,8.24,8.24,5.0,5.0,0
23,8x8,medium,dispersed,12,low,space_bits_only,5,5,0,0,18,18,8.24,8.24,5.0,5.0,0
23,8x8,medium,dispersed,12,low,mask_only,5,5,0,0,18,12,8.24,7.16,5.0,5.0,0
23,8x8,medium,dispersed,12,low,both,5,5,0,0,18,12,8.24,7.16,5.0,5.0,0
23,8x8,medium,dispersed,12,low,null_dispatch,5,5,0,0,18,18,8.24,8.24,5.0,5.0,0
23,8x8,medium,dispersed,12,high,baseline,7,7,0,0,18,18,10.24,10.24,7.0,7.0,0
23,8x8,medium,dispersed,12,high,space_bits_only,7,7,0,0,18,18,10.24,10.24,7.0,7.0,0
23,8x8,medium,dispersed,12,high,mask_only,7,7,0,0,18,12,10.24,9.16,7.0,7.0,0
23,8x8,medium,dispersed,12,high,both,7,7,0,0,18,12,10.24,9.16,7.0,7.0,0
23,8x8,medium,dispersed,12,high,null_dispatch,7,7,0,0,18,18,10.24,10.24,7.0,7.0,0
23,8x8,medium,dispersed,18,low,baseline,6,6,0,0,18,18,9.24,9.24,6.0,6.0,0
23,8x8,medium,dispersed,18,low,space_bits_only,6,6,0,0,18,18,9.24,9.24,6.0,6.0,0
23,8x8,medium,dispersed,18,low,mask_only,6,6,0,0,18,18,9.24,9.24,6.0,6.0,0
23,8x8,medium,dispersed,18,low,both,6,6,0,0,18,18,9.24,9.24,6.0,6.0,0
23,8x8,medium,dispersed,18,low,null_dispatch,6,6,0,0,18,18,9.24,9.24,6.0,6.0,0
23,8x8,medium,dispersed,18,high,baseline,7,7,0,0,18,18,10.24,10.24,7.0,7.0,0
23,8x8,medium,dispersed,18,high,space_bits_only,7,7,0,0,18,18,10.24,10.24,7.0,7.0,0
23,8x8,medium,dispersed,18,high,mask_only,7,7,0,0,18,18,10.24,10.24,7.0,7.0,0
23,8x8,medium,dispersed,18,high,both,7,7,0,0,18,18,10.24,10.24,7.0,7.0,0
23,8x8,medium,dispersed,18,high,null_dispatch,7,7,0,0,18,18,10.24,10.24,7.0,7.0,0
23,8x8,high,clustered,4,low,baseline,5,5,2,2,18,18,10.04,10.04,8.5,8.5,0
23,8x8,high,clustered,4,low,space_bits_only,5,5,2,2,18,18,10.04,10.04,8.5,8.5,0
23,8x8,high,clustered,4,low,mask_only,5,5,2,2,18,4,10.04,7.52,8.5,8.5,0
23,8x8,high,clustered,4,low,both,5,5,2,2,18,4,10.04,7.52,8.5,8.5,0
23,8x8,high,clustered,4,low,null_dispatch,5,5,2,2,18,18,10.04,10.04,8.5,8.5,0
23,8x8,high,clustered,4,high,baseline,4,4,1,1,18,18,8.14,8.14,5.75,5.75,0
23,8x8,high,clustered,4,high,space_bits_only,4,4,1,0,18,18,8.14,7.24,5.75,4.0,1
23,8x8,high,clustered,4,high,mask_only,4,4,1,1,18,4,8.14,5.62,5.75,5.75,0
23,8x8,high,clustered,4,high,both,4,4,1,0,18,4,8.14,4.72,5.75,4.0,1
23,8x8,high,clustered,4,high,null_dispatch,4,4,1,1,18,18,8.14,8.14,5.75,5.75,0
23,8x8,high,clustered,8,low,baseline,3,3,1,1,18,18,7.14,7.14,4.75,4.75,0
23,8x8,high,clustered,8,low,space_bits_only,3,3,1,0,18,18,7.14,6.24,4.75,3.0,1
23,8x8,high,clustered,8,low,mask_only,3,3,1,1,18,8,7.14,5.34,4.75,4.75,0
23,8x8,high,clustered,8,low,both,3,3,1,0,18,8,7.14,4.44,4.75,3.0,1
23,8x8,high,clustered,8,low,null_dispatch,3,3,1,1,18,18,7.14,7.14,4.75,4.75,0
23,8x8,high,clustered,8,high,baseline,2,2,0,0,18,18,5.24,5.24,2.0,2.0,0
23,8x8,high,clustered,8,high,space_bits_only,2,2,0,0,18,18,5.24,5.24,2.0,2.0,0
23,8x8,high,clustered,8,high,mask_only,2,2,0,0,18,8,5.24,3.44,2.0,2.0,0
23,8x8,high,clustered,8,high,both,2,2,0,0,18,8,5.24,3.44,2.0,2.0,0
23,8x8,high,clustered,8,high,null_dispatch,2,2,0,0,18,18,5.24,5.24,2.0,2.0,0
23,8x8,high,clustered,12,low,baseline,4,4,0,0,18,18,7.24,7.24,4.0,4.0,0
23,8x8,high,clustered,12,low,space_bits_only,4,4,0,0,18,18,7.24,7.24,4.0,4.0,0
23,8x8,high,clustered,12,low,mask_only,4,4,0,0,18,12,7.24,6.16,4.0,4.0,0
23,8x8,high,clustered,12,low,both,4,4,0,0,18,12,7.24,6.16,4.0,4.0,0
23,8x8,high,clustered,12,low,null_dispatch,4,4,0,0,18,18,7.24,7.24,4.0,4.0,0
23,8x8,high,clustered,12,high,baseline,5,5,0,0,18,18,8.24,8.24,5.0,5.0,0
23,8x8,high,clustered,12,high,space_bits_only,5,5,0,0,18,18,8.24,8.24,5.0,5.0,0
23,8x8,high,clustered,12,high,mask_only,5,5,0,0,18,12,8.24,7.16,5.0,5.0,0
23,8x8,high,clustered,12,high,both,5,5,0,0,18,12,8.24,7.16,5.0,5.0,0
23,8x8,high,clustered,12,high,null_dispatch,5,5,0,0,18,18,8.24,8.24,5.0,5.0,0
23,8x8,high,clustered,18,low,baseline,4,4,0,0,18,18,7.24,7.24,4.0,4.0,0
23,8x8,high,clustered,18,low,space_bits_only,4,4,0,0,18,18,7.24,7.24,4.0,4.0,0
23,8x8,high,clustered,18,low,mask_only,4,4,0,0,18,18,7.24,7.24,4.0,4.0,0
23,8x8,high,clustered,18,low,both,4,4,0,0,18,18,7.24,7.24,4.0,4.0,0
23,8x8,high,clustered,18,low,null_dispatch,4,4,0,0,18,18,7.24,7.24,4.0,4.0,0
23,8x8,high,clustered,18,high,baseline,5,5,1,1,18,18,9.14,9.14,6.75,6.75,0
23,8x8,high,clustered,18,high,space_bits_only,5,5,1,0,18,18,9.14,8.24,6.75,5.0,1
23,8x8,high,clustered,18,high,mask_only,5,5,1,1,18,18,9.14,9.14,6.75,6.75,0
23,8x8,high,clustered,18,high,both,5,5,1,0,18,18,9.14,8.24,6.75,5.0,1
23,8x8,high,clustered,18,high,null_dispatch,5,5,1,1,18,18,9.14,9.14,6.75,6.75,0
23,8x8,high,dispersed,4,low,baseline,5,5,0,0,18,18,8.24,8.24,5.0,5.0,0
23,8x8,high,dispersed,4,low,space_bits_only,5,5,0,0,18,18,8.24,8.24,5.0,5.0,0
23,8x8,high,dispersed,4,low,mask_only,5,5,0,0,18,4,8.24,5.72,5.0,5.0,0
23,8x8,high,dispersed,4,low,both,5,5,0,0,18,4,8.24,5.72,5.0,5.0,0
23,8x8,high,dispersed,4,low,null_dispatch,5,5,0,0,18,18,8.24,8.24,5.0,5.0,0
23,8x8,high,dispersed,4,high,baseline,7,7,3,3,18,18,12.94,12.94,12.25,12.25,0
23,8x8,high,dispersed,4,high,space_bits_only,7,7,3,1,18,18,12.94,11.14,12.25,8.75,1
23,8x8,high,dispersed,4,high,mask_only,7,7,3,3,18,4,12.94,10.42,12.25,12.25,0
23,8x8,high,dispersed,4,high,both,7,7,3,1,18,4,12.94,8.62,12.25,8.75,1
23,8x8,high,dispersed,4,high,null_dispatch,7,7,3,3,18,18,12.94,12.94,12.25,12.25,0
23,8x8,high,dispersed,8,low,baseline,6,6,1,1,18,18,10.14,10.14,7.75,7.75,0
23,8x8,high,dispersed,8,low,space_bits_only,6,6,1,1,18,18,10.14,10.14,7.75,7.75,0
23,8x8,high,dispersed,8,low,mask_only,6,6,1,1,18,8,10.14,8.34,7.75,7.75,0
23,8x8,high,dispersed,8,low,both,6,6,1,1,18,8,10.14,8.34,7.75,7.75,0
23,8x8,high,dispersed,8,low,null_dispatch,6,6,1,1,18,18,10.14,10.14,7.75,7.75,0
23,8x8,high,dispersed,8,high,baseline,4,4,0,0,18,18,7.24,7.24,4.0,4.0,0
23,8x8,high,dispersed,8,high,space_bits_only,4,4,0,0,18,18,7.24,7.24,4.0,4.0,0
23,8x8,high,dispersed,8,high,mask_only,4,4,0,0,18,8,7.24,5.44,4.0,4.0,0
23,8x8,high,dispersed,8,high,both,4,4,0,0,18,8,7.24,5.44,4.0,4.0,0
23,8x8,high,dispersed,8,high,null_dispatch,4,4,0,0,18,18,7.24,7.24,4.0,4.0,0
23,8x8,high,dispersed,12,low,baseline,5,5,1,1,18,18,9.14,9.14,6.75,6.75,0
23,8x8,high,dispersed,12,low,space_bits_only,5,5,1,1,18,18,9.14,9.14,6.75,6.75,0
23,8x8,high,dispersed,12,low,mask_only,5,5,1,1,18,12,9.14,8.06,6.75,6.75,0
23,8x8,high,dispersed,12,low,both,5,5,1,1,18,12,9.14,8.06,6.75,6.75,0
23,8x8,high,dispersed,12,low,null_dispatch,5,5,1,1,18,18,9.14,9.14,6.75,6.75,0
23,8x8,high,dispersed,12,high,baseline,4,4,1,1,18,18,8.14,8.14,5.75,5.75,0
23,8x8,high,dispersed,12,high,space_bits_only,4,4,1,0,18,18,8.14,7.24,5.75,4.0,1
23,8x8,high,dispersed,12,high,mask_only,4,4,1,1,18,12,8.14,7.06,5.75,5.75,0
23,8x8,high,dispersed,12,high,both,4,4,1,0,18,12,8.14,6.16,5.75,4.0,1
23,8x8,high,dispersed,12,high,null_dispatch,4,4,1,1,18,18,8.14,8.14,5.75,5.75,0
23,8x8,high,dispersed,18,low,baseline,5,5,0,0,18,18,8.24,8.24,5.0,5.0,0
23,8x8,high,dispersed,18,low,space_bits_only,5,5,0,0,18,18,8.24,8.24,5.0,5.0,0
23,8x8,high,dispersed,18,low,mask_only,5,5,0,0,18,18,8.24,8.24,5.0,5.0,0
23,8x8,high,dispersed,18,low,both,5,5,0,0,18,18,8.24,8.24,5.0,5.0,0
23,8x8,high,dispersed,18,low,null_dispatch,5,5,0,0,18,18,8.24,8.24,5.0,5.0,0
23,8x8,high,dispersed,18,high,baseline,6,6,0,0,18,18,9.24,9.24,6.0,6.0,0
23,8x8,high,dispersed,18,high,space_bits_only,6,6,0,0,18,18,9.24,9.24,6.0,6.0,0
23,8x8,high,dispersed,18,high,mask_only,6,6,0,0,18,18,9.24,9.24,6.0,6.0,0
23,8x8,high,dispersed,18,high,both,6,6,0,0,18,18,9.24,9.24,6.0,6.0,0
23,8x8,high,dispersed,18,high,null_dispatch,6,6,0,0,18,18,9.24,9.24,6.0,6.0,0
37,8x8,low,clustered,4,low,baseline,4,4,0,0,18,18,7.24,7.24,4.0,4.0,0
37,8x8,low,clustered,4,low,space_bits_only,4,4,0,0,18,18,7.24,7.24,4.0,4.0,0
37,8x8,low,clustered,4,low,mask_only,4,4,0,0,18,4,7.24,4.72,4.0,4.0,0
37,8x8,low,clustered,4,low,both,4,4,0,0,18,4,7.24,4.72,4.0,4.0,0
37,8x8,low,clustered,4,low,null_dispatch,4,4,0,0,18,18,7.24,7.24,4.0,4.0,0
37,8x8,low,clustered,4,high,baseline,3,3,0,0,18,18,6.24,6.24,3.0,3.0,0
37,8x8,low,clustered,4,high,space_bits_only,3,3,0,0,18,18,6.24,6.24,3.0,3.0,0
37,8x8,low,clustered,4,high,mask_only,3,3,0,0,18,4,6.24,3.72,3.0,3.0,0
37,8x8,low,clustered,4,high,both,3,3,0,0,18,4,6.24,3.72,3.0,3.0,0
37,8x8,low,clustered,4,high,null_dispatch,3,3,0,0,18,18,6.24,6.24,3.0,3.0,0
37,8x8,low,clustered,8,low,baseline,3,3,0,0,18,18,6.24,6.24,3.0,3.0,0
37,8x8,low,clustered,8,low,space_bits_only,3,3,0,0,18,18,6.24,6.24,3.0,3.0,0
37,8x8,low,clustered,8,low,mask_only,3,3,0,0,18,8,6.24,4.44,3.0,3.0,0
37,8x8,low,clustered,8,low,both,3,3,0,0,18,8,6.24,4.44,3.0,3.0,0
37,8x8,low,clustered,8,low,null_dispatch,3,3,0,0,18,18,6.24,6.24,3.0,3.0,0
37,8x8,low,clustered,8,high,baseline,2,2,0,0,18,18,5.24,5.24,2.0,2.0,0
37,8x8,low,clustered,8,high,space_bits_only,2,2,0,0,18,18,5.24,5.24,2.0,2.0,0
37,8x8,low,clustered,8,high,mask_only,2,2,0,0,18,8,5.24,3.44,2.0,2.0,0
37,8x8,low,clustered,8,high,both,2,2,0,0,18,8,5.24,3.44,2.0,2.0,0
37,8x8,low,clustered,8,high,null_dispatch,2,2,0,0,18,18,5.24,5.24,2.0,2.0,0
37,8x8,low,clustered,12,low,baseline,3,3,0,0,18,18,6.24,6.24,3.0,3.0,0
37,8x8,low,clustered,12,low,space_bits_only,3,3,0,0,18,18,6.24,6.24,3.0,3.0,0
37,8x8,low,clustered,12,low,mask_only,3,3,0,0,18,12,6.24,5.16,3.0,3.0,0
37,8x8,low,clustered,12,low,both,3,3,0,0,18,12,6.24,5.16,3.0,3.0,0
37,8x8,low,clustered,12,low,null_dispatch,3,3,0,0,18,18,6.24,6.24,3.0,3.0,0
37,8x8,low,clustered,12,high,baseline,5,5,0,0,18,18,8.24,8.24,5.0,5.0,0
37,8x8,low,clustered,12,high,space_bits_only,5,5,0,0,18,18,8.24,8.24,5.0,5.0,0
37,8x8,low,clustered,12,high,mask_only,5,5,0,0,18,12,8.24,7.16,5.0,5.0,0
37,8x8,low,clustered,12,high,both,5,5,0,0,18,12,8.24,7.16,5.0,5.0,0
37,8x8,low,clustered,12,high,null_dispatch,5,5,0,0,18,18,8.24,8.24,5.0,5.0,0
37,8x8,low,clustered,18,low,baseline,4,4,0,0,18,18,7.24,7.24,4.0,4.0,0
37,8x8,low,clustered,18,low,space_bits_only,4,4,0,0,18,18,7.24,7.24,4.0,4.0,0
37,8x8,low,clustered,18,low,mask_only,4,4,0,0,18,18,7.24,7.24,4.0,4.0,0
37,8x8,low,clustered,18,low,both,4,4,0,0,18,18,7.24,7.24,4.0,4.0,0
37,8x8,low,clustered,18,low,null_dispatch,4,4,0,0,18,18,7.24,7.24,4.0,4.0,0
37,8x8,low,clustered,18,high,baseline,3,3,0,0,18,18,6.24,6.24,3.0,3.0,0
37,8x8,low,clustered,18,high,space_bits_only,3,3,0,0,18,18,6.24,6.24,3.0,3.0,0
37,8x8,low,clustered,18,high,mask_only,3,3,0,0,18,18,6.24,6.24,3.0,3.0,0
37,8x8,low,clustered,18,high,both,3,3,0,0,18,18,6.24,6.24,3.0,3.0,0
37,8x8,low,clustered,18,high,null_dispatch,3,3,0,0,18,18,6.24,6.24,3.0,3.0,0
37,8x8,low,dispersed,4,low,baseline,6,6,0,0,18,18,9.24,9.24,6.0,6.0,0
37,8x8,low,dispersed,4,low,space_bits_only,6,6,0,0,18,18,9.24,9.24,6.0,6.0,0
37,8x8,low,dispersed,4,low,mask_only,6,6,0,0,18,4,9.24,6.72,6.0,6.0,0
37,8x8,low,dispersed,4,low,both,6,6,0,0,18,4,9.24,6.72,6.0,6.0,0
37,8x8,low,dispersed,4,low,null_dispatch,6,6,0,0,18,18,9.24,9.24,6.0,6.0,0
37,8x8,low,dispersed,4,high,baseline,6,6,0,0,18,18,9.24,9.24,6.0,6.0,0
37,8x8,low,dispersed,4,high,space_bits_only,6,6,0,0,18,18,9.24,9.24,6.0,6.0,0
37,8x8,low,dispersed,4,high,mask_only,6,6,0,0,18,4,9.24,6.72,6.0,6.0,0
37,8x8,low,dispersed,4,high,both,6,6,0,0,18,4,9.24,6.72,6.0,6.0,0
37,8x8,low,dispersed,4,high,null_dispatch,6,6,0,0,18,18,9.24,9.24,6.0,6.0,0
37,8x8,low,dispersed,8,low,baseline,6,6,0,0,18,18,9.24,9.24,6.0,6.0,0
37,8x8,low,dispersed,8,low,space_bits_only,6,6,0,0,18,18,9.24,9.24,6.0,6.0,0
37,8x8,low,dispersed,8,low,mask_only,6,6,0,0,18,8,9.24,7.44,6.0,6.0,0
37,8x8,low,dispersed,8,low,both,6,6,0,0,18,8,9.24,7.44,6.0,6.0,0
37,8x8,low,dispersed,8,low,null_dispatch,6,6,0,0,18,18,9.24,9.24,6.0,6.0,0
37,8x8,low,dispersed,8,high,baseline,3,3,0,0,18,18,6.24,6.24,3.0,3.0,0
37,8x8,low,dispersed,8,high,space_bits_only,3,3,0,0,18,18,6.24,6.24,3.0,3.0,0
37,8x8,low,dispersed,8,high,mask_only,3,3,0,0,18,8,6.24,4.44,3.0,3.0,0
37,8x8,low,dispersed,8,high,both,3,3,0,0,18,8,6.24,4.44,3.0,3.0,0
37,8x8,low,dispersed,8,high,null_dispatch,3,3,0,0,18,18,6.24,6.24,3.0,3.0,0
37,8x8,low,dispersed,12,low,baseline,4,4,0,0,18,18,7.24,7.24,4.0,4.0,0
37,8x8,low,dispersed,12,low,space_bits_only,4,4,0,0,18,18,7.24,7.24,4.0,4.0,0
37,8x8,low,dispersed,12,low,mask_only,4,4,0,0,18,12,7.24,6.16,4.0,4.0,0
37,8x8,low,dispersed,12,low,both,4,4,0,0,18,12,7.24,6.16,4.0,4.0,0
37,8x8,low,dispersed,12,low,null_dispatch,4,4,0,0,18,18,7.24,7.24,4.0,4.0,0
37,8x8,low,dispersed,12,high,baseline,4,4,0,0,18,18,7.24,7.24,4.0,4.0,0
37,8x8,low,dispersed,12,high,space_bits_only,4,4,0,0,18,18,7.24,7.24,4.0,4.0,0
37,8x8,low,dispersed,12,high,mask_only,4,4,0,0,18,12,7.24,6.16,4.0,4.0,0
37,8x8,low,dispersed,12,high,both,4,4,0,0,18,12,7.24,6.16,4.0,4.0,0
37,8x8,low,dispersed,12,high,null_dispatch,4,4,0,0,18,18,7.24,7.24,4.0,4.0,0
37,8x8,low,dispersed,18,low,baseline,5,5,0,0,18,18,8.24,8.24,5.0,5.0,0
37,8x8,low,dispersed,18,low,space_bits_only,5,5,0,0,18,18,8.24,8.24,5.0,5.0,0
37,8x8,low,dispersed,18,low,mask_only,5,5,0,0,18,18,8.24,8.24,5.0,5.0,0
37,8x8,low,dispersed,18,low,both,5,5,0,0,18,18,8.24,8.24,5.0,5.0,0
37,8x8,low,dispersed,18,low,null_dispatch,5,5,0,0,18,18,8.24,8.24,5.0,5.0,0
37,8x8,low,dispersed,18,high,baseline,5,5,0,0,18,18,8.24,8.24,5.0,5.0,0
37,8x8,low,dispersed,18,high,space_bits_only,5,5,0,0,18,18,8.24,8.24,5.0,5.0,0
37,8x8,low,dispersed,18,high,mask_only,5,5,0,0,18,18,8.24,8.24,5.0,5.0,0
37,8x8,low,dispersed,18,high,both,5,5,0,0,18,18,8.24,8.24,5.0,5.0,0
37,8x8,low,dispersed,18,high,null_dispatch,5,5,0,0,18,18,8.24,8.24,5.0,5.0,0
37,8x8,medium,clustered,4,low,baseline,4,4,1,1,18,18,8.14,8.14,5.75,5.75,0
37,8x8,medium,clustered,4,low,space_bits_only,4,4,1,0,18,18,8.14,7.24,5.75,4.0,1
37,8x8,medium,clustered,4,low,mask_only,4,4,1,1,18,4,8.14,5.62,5.75,5.75,0
37,8x8,medium,clustered,4,low,both,4,4,1,0,18,4,8.14,4.72,5.75,4.0,1
37,8x8,medium,clustered,4,low,null_dispatch,4,4,1,1,18,18,8.14,8.14,5.75,5.75,0
37,8x8,medium,clustered,4,high,baseline,4,4,1,1,18,18,8.14,8.14,5.75,5.75,0
37,8x8,medium,clustered,4,high,space_bits_only,4,4,1,0,18,18,8.14,7.24,5.75,4.0,1
37,8x8,medium,clustered,4,high,mask_only,4,4,1,1,18,4,8.14,5.62,5.75,5.75,0
37,8x8,medium,clustered,4,high,both,4,4,1,0,18,4,8.14,4.72,5.75,4.0,1
37,8x8,medium,clustered,4,high,null_dispatch,4,4,1,1,18,18,8.14,8.14,5.75,5.75,0
37,8x8,medium,clustered,8,low,baseline,4,4,0,0,18,18,7.24,7.24,4.0,4.0,0
37,8x8,medium,clustered,8,low,space_bits_only,4,4,0,0,18,18,7.24,7.24,4.0,4.0,0
37,8x8,medium,clustered,8,low,mask_only,4,4,0,0,18,8,7.24,5.44,4.0,4.0,0
37,8x8,medium,clustered,8,low,both,4,4,0,0,18,8,7.24,5.44,4.0,4.0,0
37,8x8,medium,clustered,8,low,null_dispatch,4,4,0,0,18,18,7.24,7.24,4.0,4.0,0
37,8x8,medium,clustered,8,high,baseline,2,2,1,1,18,18,6.14,6.14,3.75,3.75,0
37,8x8,medium,clustered,8,high,space_bits_only,2,2,1,0,18,18,6.14,5.24,3.75,2.0,1
37,8x8,medium,clustered,8,high,mask_only,2,2,1,1,18,8,6.14,4.34,3.75,3.75,0
37,8x8,medium,clustered,8,high,both,2,2,1,0,18,8,6.14,3.44,3.75,2.0,1
37,8x8,medium,clustered,8,high,null_dispatch,2,2,1,1,18,18,6.14,6.14,3.75,3.75,0
37,8x8,medium,clustered,12,low,baseline,5,5,1,1,18,18,9.14,9.14,6.75,6.75,0
37,8x8,medium,clustered,12,low,space_bits_only,5,5,1,1,18,18,9.14,9.14,6.75,6.75,0
37,8x8,medium,clustered,12,low,mask_only,5,5,1,1,18,12,9.14,8.06,6.75,6.75,0
37,8x8,medium,clustered,12,low,both,5,5,1,1,18,12,9.14,8.06,6.75,6.75,0
37,8x8,medium,clustered,12,low,null_dispatch,5,5,1,1,18,18,9.14,9.14,6.75,6.75,0
37,8x8,medium,clustered,12,high,baseline,5,5,0,0,18,18,8.24,8.24,5.0,5.0,0
37,8x8,medium,clustered,12,high,space_bits_only,5,5,0,0,18,18,8.24,8.24,5.0,5.0,0
37,8x8,medium,clustered,12,high,mask_only,5,5,0,0,18,12,8.24,7.16,5.0,5.0,0
37,8x8,medium,clustered,12,high,both,5,5,0,0,18,12,8.24,7.16,5.0,5.0,0
37,8x8,medium,clustered,12,high,null_dispatch,5,5,0,0,18,18,8.24,8.24,5.0,5.0,0
37,8x8,medium,clustered,18,low,baseline,5,5,0,0,18,18,8.24,8.24,5.0,5.0,0
37,8x8,medium,clustered,18,low,space_bits_only,5,5,0,0,18,18,8.24,8.24,5.0,5.0,0
37,8x8,medium,clustered,18,low,mask_only,5,5,0,0,18,18,8.24,8.24,5.0,5.0,0
37,8x8,medium,clustered,18,low,both,5,5,0,0,18,18,8.24,8.24,5.0,5.0,0
37,8x8,medium,clustered,18,low,null_dispatch,5,5,0,0,18,18,8.24,8.24,5.0,5.0,0
37,8x8,medium,clustered,18,high,baseline,2,2,0,0,18,18,5.24,5.24,2.0,2.0,0
37,8x8,medium,clustered,18,high,space_bits_only,2,2,0,0,18,18,5.24,5.24,2.0,2.0,0
37,8x8,medium,clustered,18,high,mask_only,2,2,0,0,18,18,5.24,5.24,2.0,2.0,0
37,8x8,medium,clustered,18,high,both,2,2,0,0,18,18,5.24,5.24,2.0,2.0,0
37,8x8,medium,clustered,18,high,null_dispatch,2,2,0,0,18,18,5.24,5.24,2.0,2.0,0
37,8x8,medium,dispersed,4,low,baseline,4,4,0,0,18,18,7.24,7.24,4.0,4.0,0
37,8x8,medium,dispersed,4,low,space_bits_only,4,4,0,0,18,18,7.24,7.24,4.0,4.0,0
37,8x8,medium,dispersed,4,low,mask_only,4,4,0,0,18,4,7.24,4.72,4.0,4.0,0
37,8x8,medium,dispersed,4,low,both,4,4,0,0,18,4,7.24,4.72,4.0,4.0,0
37,8x8,medium,dispersed,4,low,null_dispatch,4,4,0,0,18,18,7.24,7.24,4.0,4.0,0
37,8x8,medium,dispersed,4,high,baseline,4,4,0,0,18,18,7.24,7.24,4.0,4.0,0
37,8x8,medium,dispersed,4,high,space_bits_only,4,4,0,0,18,18,7.24,7.24,4.0,4.0,0
37,8x8,medium,dispersed,4,high,mask_only,4,4,0,0,18,4,7.24,4.72,4.0,4.0,0
37,8x8,medium,dispersed,4,high,both,4,4,0,0,18,4,7.24,4.72,4.0,4.0,0
37,8x8,medium,dispersed,4,high,null_dispatch,4,4,0,0,18,18,7.24,7.24,4.0,4.0,0
37,8x8,medium,dispersed,8,low,baseline,3,3,1,1,18,18,7.14,7.14,4.75,4.75,0
37,8x8,medium,dispersed,8,low,space_bits_only,3,3,1,1,18,18,7.14,7.14,4.75,4.75,0
37,8x8,medium,dispersed,8,low,mask_only,3,3,1,1,18,8,7.14,5.34,4.75,4.75,0
37,8x8,medium,dispersed,8,low,both,3,3,1,1,18,8,7.14,5.34,4.75,4.75,0
37,8x8,medium,dispersed,8,low,null_dispatch,3,3,1,1,18,18,7.14,7.14,4.75,4.75,0
37,8x8,medium,dispersed,8,high,baseline,3,3,0,0,18,18,6.24,6.24,3.0,3.0,0
37,8x8,medium,dispersed,8,high,space_bits_only,3,3,0,0,18,18,6.24,6.24,3.0,3.0,0
37,8x8,medium,dispersed,8,high,mask_only,3,3,0,0,18,8,6.24,4.44,3.0,3.0,0
37,8x8,medium,dispersed,8,high,both,3,3,0,0,18,8,6.24,4.44,3.0,3.0,0
37,8x8,medium,dispersed,8,high,null_dispatch,3,3,0,0,18,18,6.24,6.24,3.0,3.0,0
37,8x8,medium,dispersed,12,low,baseline,3,3,0,0,18,18,6.24,6.24,3.0,3.0,0
37,8x8,medium,dispersed,12,low,space_bits_only,3,3,0,0,18,18,6.24,6.24,3.0,3.0,0
37,8x8,medium,dispersed,12,low,mask_only,3,3,0,0,18,12,6.24,5.16,3.0,3.0,0
37,8x8,medium,dispersed,12,low,both,3,3,0,0,18,12,6.24,5.16,3.0,3.0,0
37,8x8,medium,dispersed,12,low,null_dispatch,3,3,0,0,18,18,6.24,6.24,3.0,3.0,0
37,8x8,medium,dispersed,12,high,baseline,3,3,1,1,18,18,7.14,7.14,4.75,4.75,0
37,8x8,medium,dispersed,12,high,space_bits_only,3,3,1,1,18,18,7.14,7.14,4.75,4.75,0
37,8x8,medium,dispersed,12,high,mask_only,3,3,1,1,18,12,7.14,6.06,4.75,4.75,0
37,8x8,medium,dispersed,12,high,both,3,3,1,1,18,12,7.14,6.06,4.75,4.75,0
37,8x8,medium,dispersed,12,high,null_dispatch,3,3,1,1,18,18,7.14,7.14,4.75,4.75,0
37,8x8,medium,dispersed,18,low,baseline,5,5,1,1,18,18,9.14,9.14,6.75,6.75,0
37,8x8,medium,dispersed,18,low,space_bits_only,5,5,1,1,18,18,9.14,9.14,6.75,6.75,0
37,8x8,medium,dispersed,18,low,mask_only,5,5,1,1,18,18,9.14,9.14,6.75,6.75,0
37,8x8,medium,dispersed,18,low,both,5,5,1,1,18,18,9.14,9.14,6.75,6.75,0
37,8x8,medium,dispersed,18,low,null_dispatch,5,5,1,1,18,18,9.14,9.14,6.75,6.75,0
37,8x8,medium,dispersed,18,high,baseline,5,5,0,0,18,18,8.24,8.24,5.0,5.0,0
37,8x8,medium,dispersed,18,high,space_bits_only,5,5,0,0,18,18,8.24,8.24,5.0,5.0,0
37,8x8,medium,dispersed,18,high,mask_only,5,5,0,0,18,18,8.24,8.24,5.0,5.0,0
37,8x8,medium,dispersed,18,high,both,5,5,0,0,18,18,8.24,8.24,5.0,5.0,0
37,8x8,medium,dispersed,18,high,null_dispatch,5,5,0,0,18,18,8.24,8.24,5.0,5.0,0
37,8x8,high,clustered,4,low,baseline,3,3,0,0,18,18,6.24,6.24,3.0,3.0,0
37,8x8,high,clustered,4,low,space_bits_only,3,3,0,0,18,18,6.24,6.24,3.0,3.0,0
37,8x8,high,clustered,4,low,mask_only,3,3,0,0,18,4,6.24,3.72,3.0,3.0,0
37,8x8,high,clustered,4,low,both,3,3,0,0,18,4,6.24,3.72,3.0,3.0,0
37,8x8,high,clustered,4,low,null_dispatch,3,3,0,0,18,18,6.24,6.24,3.0,3.0,0
37,8x8,high,clustered,4,high,baseline,6,6,0,0,18,18,9.24,9.24,6.0,6.0,0
37,8x8,high,clustered,4,high,space_bits_only,6,6,0,0,18,18,9.24,9.24,6.0,6.0,0
37,8x8,high,clustered,4,high,mask_only,6,6,0,0,18,4,9.24,6.72,6.0,6.0,0
37,8x8,high,clustered,4,high,both,6,6,0,0,18,4,9.24,6.72,6.0,6.0,0
37,8x8,high,clustered,4,high,null_dispatch,6,6,0,0,18,18,9.24,9.24,6.0,6.0,0
37,8x8,high,clustered,8,low,baseline,5,5,0,0,18,18,8.24,8.24,5.0,5.0,0
37,8x8,high,clustered,8,low,space_bits_only,5,5,0,0,18,18,8.24,8.24,5.0,5.0,0
37,8x8,high,clustered,8,low,mask_only,5,5,0,0,18,8,8.24,6.44,5.0,5.0,0
37,8x8,high,clustered,8,low,both,5,5,0,0,18,8,8.24,6.44,5.0,5.0,0
37,8x8,high,clustered,8,low,null_dispatch,5,5,0,0,18,18,8.24,8.24,5.0,5.0,0
37,8x8,high,clustered,8,high,baseline,5,5,0,0,18,18,8.24,8.24,5.0,5.0,0
37,8x8,high,clustered,8,high,space_bits_only,5,5,0,0,18,18,8.24,8.24,5.0,5.0,0
37,8x8,high,clustered,8,high,mask_only,5,5,0,0,18,8,8.24,6.44,5.0,5.0,0
37,8x8,high,clustered,8,high,both,5,5,0,0,18,8,8.24,6.44,5.0,5.0,0
37,8x8,high,clustered,8,high,null_dispatch,5,5,0,0,18,18,8.24,8.24,5.0,5.0,0
37,8x8,high,clustered,12,low,baseline,2,2,0,0,18,18,5.24,5.24,2.0,2.0,0
37,8x8,high,clustered,12,low,space_bits_only,2,2,0,0,18,18,5.24,5.24,2.0,2.0,0
37,8x8,high,clustered,12,low,mask_only,2,2,0,0,18,12,5.24,4.16,2.0,2.0,0
37,8x8,high,clustered,12,low,both,2,2,0,0,18,12,5.24,4.16,2.0,2.0,0
37,8x8,high,clustered,12,low,null_dispatch,2,2,0,0,18,18,5.24,5.24,2.0,2.0,0
37,8x8,high,clustered,12,high,baseline,4,4,1,1,18,18,8.14,8.14,5.75,5.75,0
37,8x8,high,clustered,12,high,space_bits_only,4,6,1,0,18,18,8.14,9.24,5.75,6.0,1
37,8x8,high,clustered,12,high,mask_only,4,4,1,1,18,12,8.14,7.06,5.75,5.75,0
37,8x8,high,clustered,12,high,both,4,6,1,0,18,12,8.14,8.16,5.75,6.0,1
37,8x8,high,clustered,12,high,null_dispatch,4,4,1,1,18,18,8.14,8.14,5.75,5.75,0
37,8x8,high,clustered,18,low,baseline,3,3,0,0,18,18,6.24,6.24,3.0,3.0,0
37,8x8,high,clustered,18,low,space_bits_only,3,3,0,0,18,18,6.24,6.24,3.0,3.0,0
37,8x8,high,clustered,18,low,mask_only,3,3,0,0,18,18,6.24,6.24,3.0,3.0,0
37,8x8,high,clustered,18,low,both,3,3,0,0,18,18,6.24,6.24,3.0,3.0,0
37,8x8,high,clustered,18,low,null_dispatch,3,3,0,0,18,18,6.24,6.24,3.0,3.0,0
37,8x8,high,clustered,18,high,baseline,2,2,0,0,18,18,5.24,5.24,2.0,2.0,0
37,8x8,high,clustered,18,high,space_bits_only,2,2,0,0,18,18,5.24,5.24,2.0,2.0,0
37,8x8,high,clustered,18,high,mask_only,2,2,0,0,18,18,5.24,5.24,2.0,2.0,0
37,8x8,high,clustered,18,high,both,2,2,0,0,18,18,5.24,5.24,2.0,2.0,0
37,8x8,high,clustered,18,high,null_dispatch,2,2,0,0,18,18,5.24,5.24,2.0,2.0,0
37,8x8,high,dispersed,4,low,baseline,3,3,2,2,18,18,8.04,8.04,6.5,6.5,0
37,8x8,high,dispersed,4,low,space_bits_only,3,5,2,1,18,18,8.04,9.14,6.5,6.75,1
37,8x8,high,dispersed,4,low,mask_only,3,3,2,2,18,4,8.04,5.52,6.5,6.5,0
37,8x8,high,dispersed,4,low,both,3,5,2,1,18,4,8.04,6.62,6.5,6.75,1
37,8x8,high,dispersed,4,low,null_dispatch,3,3,2,2,18,18,8.04,8.04,6.5,6.5,0
37,8x8,high,dispersed,4,high,baseline,5,5,2,2,18,18,10.04,10.04,8.5,8.5,0
37,8x8,high,dispersed,4,high,space_bits_only,5,5,2,1,18,18,10.04,9.14,8.5,6.75,1
37,8x8,high,dispersed,4,high,mask_only,5,5,2,2,18,4,10.04,7.52,8.5,8.5,0
37,8x8,high,dispersed,4,high,both,5,5,2,1,18,4,10.04,6.62,8.5,6.75,1
37,8x8,high,dispersed,4,high,null_dispatch,5,5,2,2,18,18,10.04,10.04,8.5,8.5,0
37,8x8,high,dispersed,8,low,baseline,5,5,1,1,18,18,9.14,9.14,6.75,6.75,0
37,8x8,high,dispersed,8,low,space_bits_only,5,5,1,1,18,18,9.14,9.14,6.75,6.75,0
37,8x8,high,dispersed,8,low,mask_only,5,5,1,1,18,8,9.14,7.34,6.75,6.75,0
37,8x8,high,dispersed,8,low,both,5,5,1,1,18,8,9.14,7.34,6.75,6.75,0
37,8x8,high,dispersed,8,low,null_dispatch,5,5,1,1,18,18,9.14,9.14,6.75,6.75,0
37,8x8,high,dispersed,8,high,baseline,5,5,1,1,18,18,9.14,9.14,6.75,6.75,0
37,8x8,high,dispersed,8,high,space_bits_only,5,5,1,0,18,18,9.14,8.24,6.75,5.0,1
37,8x8,high,dispersed,8,high,mask_only,5,5,1,1,18,8,9.14,7.34,6.75,6.75,0
37,8x8,high,dispersed,8,high,both,5,5,1,0,18,8,9.14,6.44,6.75,5.0,1
37,8x8,high,dispersed,8,high,null_dispatch,5,5,1,1,18,18,9.14,9.14,6.75,6.75,0
37,8x8,high,dispersed,12,low,baseline,3,3,1,1,18,18,7.14,7.14,4.75,4.75,0
37,8x8,high,dispersed,12,low,space_bits_only,3,3,1,0,18,18,7.14,6.24,4.75,3.0,1
37,8x8,high,dispersed,12,low,mask_only,3,3,1,1,18,12,7.14,6.06,4.75,4.75,0
37,8x8,high,dispersed,12,low,both,3,3,1,0,18,12,7.14,5.16,4.75,3.0,1
37,8x8,high,dispersed,12,low,null_dispatch,3,3,1,1,18,18,7.14,7.14,4.75,4.75,0
37,8x8,high,dispersed,12,high,baseline,5,5,1,1,18,18,9.14,9.14,6.75,6.75,0
37,8x8,high,dispersed,12,high,space_bits_only,5,5,1,1,18,18,9.14,9.14,6.75,6.75,0
37,8x8,high,dispersed,12,high,mask_only,5,5,1,1,18,12,9.14,8.06,6.75,6.75,0
37,8x8,high,dispersed,12,high,both,5,5,1,1,18,12,9.14,8.06,6.75,6.75,0
37,8x8,high,dispersed,12,high,null_dispatch,5,5,1,1,18,18,9.14,9.14,6.75,6.75,0
37,8x8,high,dispersed,18,low,baseline,3,3,0,0,18,18,6.24,6.24,3.0,3.0,0
37,8x8,high,dispersed,18,low,space_bits_only,3,3,0,0,18,18,6.24,6.24,3.0,3.0,0
37,8x8,high,dispersed,18,low,mask_only,3,3,0,0,18,18,6.24,6.24,3.0,3.0,0
37,8x8,high,dispersed,18,low,both,3,3,0,0,18,18,6.24,6.24,3.0,3.0,0
37,8x8,high,dispersed,18,low,null_dispatch,3,3,0,0,18,18,6.24,6.24,3.0,3.0,0
37,8x8,high,dispersed,18,high,baseline,7,7,2,2,18,18,12.04,12.04,10.5,10.5,0
37,8x8,high,dispersed,18,high,space_bits_only,7,7,2,0,18,18,12.04,10.24,10.5,7.0,1
37,8x8,high,dispersed,18,high,mask_only,7,7,2,2,18,18,12.04,12.04,10.5,10.5,0
37,8x8,high,dispersed,18,high,both,7,7,2,0,18,18,12.04,10.24,10.5,7.0,1
37,8x8,high,dispersed,18,high,null_dispatch,7,7,2,2,18,18,12.04,12.04,10.5,10.5,0
41,8x8,low,clustered,4,low,baseline,5,5,0,0,18,18,8.24,8.24,5.0,5.0,0
41,8x8,low,clustered,4,low,space_bits_only,5,5,0,0,18,18,8.24,8.24,5.0,5.0,0
41,8x8,low,clustered,4,low,mask_only,5,5,0,0,18,4,8.24,5.72,5.0,5.0,0
41,8x8,low,clustered,4,low,both,5,5,0,0,18,4,8.24,5.72,5.0,5.0,0
41,8x8,low,clustered,4,low,null_dispatch,5,5,0,0,18,18,8.24,8.24,5.0,5.0,0
41,8x8,low,clustered,4,high,baseline,6,6,1,1,18,18,10.14,10.14,7.75,7.75,0
41,8x8,low,clustered,4,high,space_bits_only,6,6,1,0,18,18,10.14,9.24,7.75,6.0,1
41,8x8,low,clustered,4,high,mask_only,6,6,1,1,18,4,10.14,7.62,7.75,7.75,0
41,8x8,low,clustered,4,high,both,6,6,1,0,18,4,10.14,6.72,7.75,6.0,1
41,8x8,low,clustered,4,high,null_dispatch,6,6,1,1,18,18,10.14,10.14,7.75,7.75,0
41,8x8,low,clustered,8,low,baseline,4,4,0,0,18,18,7.24,7.24,4.0,4.0,0
41,8x8,low,clustered,8,low,space_bits_only,4,4,0,0,18,18,7.24,7.24,4.0,4.0,0
41,8x8,low,clustered,8,low,mask_only,4,4,0,0,18,8,7.24,5.44,4.0,4.0,0
41,8x8,low,clustered,8,low,both,4,4,0,0,18,8,7.24,5.44,4.0,4.0,0
41,8x8,low,clustered,8,low,null_dispatch,4,4,0,0,18,18,7.24,7.24,4.0,4.0,0
41,8x8,low,clustered,8,high,baseline,6,6,0,0,18,18,9.24,9.24,6.0,6.0,0
41,8x8,low,clustered,8,high,space_bits_only,6,6,0,0,18,18,9.24,9.24,6.0,6.0,0
41,8x8,low,clustered,8,high,mask_only,6,6,0,0,18,8,9.24,7.44,6.0,6.0,0
41,8x8,low,clustered,8,high,both,6,6,0,0,18,8,9.24,7.44,6.0,6.0,0
41,8x8,low,clustered,8,high,null_dispatch,6,6,0,0,18,18,9.24,9.24,6.0,6.0,0
41,8x8,low,clustered,12,low,baseline,5,5,1,1,18,18,9.14,9.14,6.75,6.75,0
41,8x8,low,clustered,12,low,space_bits_only,5,5,1,0,18,18,9.14,8.24,6.75,5.0,1
41,8x8,low,clustered,12,low,mask_only,5,5,1,1,18,12,9.14,8.06,6.75,6.75,0
41,8x8,low,clustered,12,low,both,5,5,1,0,18,12,9.14,7.16,6.75,5.0,1
41,8x8,low,clustered,12,low,null_dispatch,5,5,1,1,18,18,9.14,9.14,6.75,6.75,0
41,8x8,low,clustered,12,high,baseline,4,4,0,0,18,18,7.24,7.24,4.0,4.0,0
41,8x8,low,clustered,12,high,space_bits_only,4,4,0,0,18,18,7.24,7.24,4.0,4.0,0
41,8x8,low,clustered,12,high,mask_only,4,4,0,0,18,12,7.24,6.16,4.0,4.0,0
41,8x8,low,clustered,12,high,both,4,4,0,0,18,12,7.24,6.16,4.0,4.0,0
41,8x8,low,clustered,12,high,null_dispatch,4,4,0,0,18,18,7.24,7.24,4.0,4.0,0
41,8x8,low,clustered,18,low,baseline,4,4,0,0,18,18,7.24,7.24,4.0,4.0,0
41,8x8,low,clustered,18,low,space_bits_only,4,4,0,0,18,18,7.24,7.24,4.0,4.0,0
41,8x8,low,clustered,18,low,mask_only,4,4,0,0,18,18,7.24,7.24,4.0,4.0,0
41,8x8,low,clustered,18,low,both,4,4,0,0,18,18,7.24,7.24,4.0,4.0,0
41,8x8,low,clustered,18,low,null_dispatch,4,4,0,0,18,18,7.24,7.24,4.0,4.0,0
41,8x8,low,clustered,18,high,baseline,5,5,1,1,18,18,9.14,9.14,6.75,6.75,0
41,8x8,low,clustered,18,high,space_bits_only,5,5,1,0,18,18,9.14,8.24,6.75,5.0,1
41,8x8,low,clustered,18,high,mask_only,5,5,1,1,18,18,9.14,9.14,6.75,6.75,0
41,8x8,low,clustered,18,high,both,5,5,1,0,18,18,9.14,8.24,6.75,5.0,1
41,8x8,low,clustered,18,high,null_dispatch,5,5,1,1,18,18,9.14,9.14,6.75,6.75,0
41,8x8,low,dispersed,4,low,baseline,5,5,0,0,18,18,8.24,8.24,5.0,5.0,0
41,8x8,low,dispersed,4,low,space_bits_only,5,5,0,0,18,18,8.24,8.24,5.0,5.0,0
41,8x8,low,dispersed,4,low,mask_only,5,5,0,0,18,4,8.24,5.72,5.0,5.0,0
41,8x8,low,dispersed,4,low,both,5,5,0,0,18,4,8.24,5.72,5.0,5.0,0
41,8x8,low,dispersed,4,low,null_dispatch,5,5,0,0,18,18,8.24,8.24,5.0,5.0,0
41,8x8,low,dispersed,4,high,baseline,3,3,0,0,18,18,6.24,6.24,3.0,3.0,0
41,8x8,low,dispersed,4,high,space_bits_only,3,3,0,0,18,18,6.24,6.24,3.0,3.0,0
41,8x8,low,dispersed,4,high,mask_only,3,3,0,0,18,4,6.24,3.72,3.0,3.0,0
41,8x8,low,dispersed,4,high,both,3,3,0,0,18,4,6.24,3.72,3.0,3.0,0
41,8x8,low,dispersed,4,high,null_dispatch,3,3,0,0,18,18,6.24,6.24,3.0,3.0,0
41,8x8,low,dispersed,8,low,baseline,3,3,0,0,18,18,6.24,6.24,3.0,3.0,0
41,8x8,low,dispersed,8,low,space_bits_only,3,3,0,0,18,18,6.24,6.24,3.0,3.0,0
41,8x8,low,dispersed,8,low,mask_only,3,3,0,0,18,8,6.24,4.44,3.0,3.0,0
41,8x8,low,dispersed,8,low,both,3,3,0,0,18,8,6.24,4.44,3.0,3.0,0
41,8x8,low,dispersed,8,low,null_dispatch,3,3,0,0,18,18,6.24,6.24,3.0,3.0,0
41,8x8,low,dispersed,8,high,baseline,3,3,0,0,18,18,6.24,6.24,3.0,3.0,0
41,8x8,low,dispersed,8,high,space_bits_only,3,3,0,0,18,18,6.24,6.24,3.0,3.0,0
41,8x8,low,dispersed,8,high,mask_only,3,3,0,0,18,8,6.24,4.44,3.0,3.0,0
41,8x8,low,dispersed,8,high,both,3,3,0,0,18,8,6.24,4.44,3.0,3.0,0
41,8x8,low,dispersed,8,high,null_dispatch,3,3,0,0,18,18,6.24,6.24,3.0,3.0,0
41,8x8,low,dispersed,12,low,baseline,4,4,0,0,18,18,7.24,7.24,4.0,4.0,0
41,8x8,low,dispersed,12,low,space_bits_only,4,4,0,0,18,18,7.24,7.24,4.0,4.0,0
41,8x8,low,dispersed,12,low,mask_only,4,4,0,0,18,12,7.24,6.16,4.0,4.0,0
41,8x8,low,dispersed,12,low,both,4,4,0,0,18,12,7.24,6.16,4.0,4.0,0
41,8x8,low,dispersed,12,low,null_dispatch,4,4,0,0,18,18,7.24,7.24,4.0,4.0,0
41,8x8,low,dispersed,12,high,baseline,5,5,2,2,18,18,10.04,10.04,8.5,8.5,0
41,8x8,low,dispersed,12,high,space_bits_only,5,5,2,0,18,18,10.04,8.24,8.5,5.0,1
41,8x8,low,dispersed,12,high,mask_only,5,5,2,2,18,12,10.04,8.96,8.5,8.5,0
41,8x8,low,dispersed,12,high,both,5,5,2,0,18,12,10.04,7.16,8.5,5.0,1
41,8x8,low,dispersed,12,high,null_dispatch,5,5,2,2,18,18,10.04,10.04,8.5,8.5,0
41,8x8,low,dispersed,18,low,baseline,4,4,0,0,18,18,7.24,7.24,4.0,4.0,0
41,8x8,low,dispersed,18,low,space_bits_only,4,4,0,0,18,18,7.24,7.24,4.0,4.0,0
41,8x8,low,dispersed,18,low,mask_only,4,4,0,0,18,18,7.24,7.24,4.0,4.0,0
41,8x8,low,dispersed,18,low,both,4,4,0,0,18,18,7.24,7.24,4.0,4.0,0
41,8x8,low,dispersed,18,low,null_dispatch,4,4,0,0,18,18,7.24,7.24,4.0,4.0,0
41,8x8,low,dispersed,18,high,baseline,4,4,0,0,18,18,7.24,7.24,4.0,4.0,0
41,8x8,low,dispersed,18,high,space_bits_only,4,4,0,0,18,18,7.24,7.24,4.0,4.0,0
41,8x8,low,dispersed,18,high,mask_only,4,4,0,0,18,18,7.24,7.24,4.0,4.0,0
41,8x8,low,dispersed,18,high,both,4,4,0,0,18,18,7.24,7.24,4.0,4.0,0
41,8x8,low,dispersed,18,high,null_dispatch,4,4,0,0,18,18,7.24,7.24,4.0,4.0,0
41,8x8,medium,clustered,4,low,baseline,3,3,1,1,18,18,7.14,7.14,4.75,4.75,0
41,8x8,medium,clustered,4,low,space_bits_only,3,3,1,0,18,18,7.14,6.24,4.75,3.0,1
41,8x8,medium,clustered,4,low,mask_only,3,3,1,1,18,4,7.14,4.62,4.75,4.75,0
41,8x8,medium,clustered,4,low,both,3,3,1,0,18,4,7.14,3.72,4.75,3.0,1
41,8x8,medium,clustered,4,low,null_dispatch,3,3,1,1,18,18,7.14,7.14,4.75,4.75,0
41,8x8,medium,clustered,4,high,baseline,3,3,2,2,18,18,8.04,8.04,6.5,6.5,0
41,8x8,medium,clustered,4,high,space_bits_only,3,3,2,1,18,18,8.04,7.14,6.5,4.75,1
41,8x8,medium,clustered,4,high,mask_only,3,3,2,2,18,4,8.04,5.52,6.5,6.5,0
41,8x8,medium,clustered,4,high,both,3,3,2,1,18,4,8.04,4.62,6.5,4.75,1
41,8x8,medium,clustered,4,high,null_dispatch,3,3,2,2,18,18,8.04,8.04,6.5,6.5,0
41,8x8,medium,clustered,8,low,baseline,2,2,0,0,18,18,5.24,5.24,2.0,2.0,0
41,8x8,medium,clustered,8,low,space_bits_only,2,2,0,0,18,18,5.24,5.24,2.0,2.0,0
41,8x8,medium,clustered,8,low,mask_only,2,2,0,0,18,8,5.24,3.44,2.0,2.0,0
41,8x8,medium,clustered,8,low,both,2,2,0,0,18,8,5.24,3.44,2.0,2.0,0
41,8x8,medium,clustered,8,low,null_dispatch,2,2,0,0,18,18,5.24,5.24,2.0,2.0,0
41,8x8,medium,clustered,8,high,baseline,4,4,1,1,18,18,8.14,8.14,5.75,5.75,0
41,8x8,medium,clustered,8,high,space_bits_only,4,4,1,1,18,18,8.14,8.14,5.75,5.75,0
41,8x8,medium,clustered,8,high,mask_only,4,4,1,1,18,8,8.14,6.34,5.75,5.75,0
41,8x8,medium,clustered,8,high,both,4,4,1,1,18,8,8.14,6.34,5.75,5.75,0
41,8x8,medium,clustered,8,high,null_dispatch,4,4,1,1,18,18,8.14,8.14,5.75,5.75,0
41,8x8,medium,clustered,12,low,baseline,5,5,0,0,18,18,8.24,8.24,5.0,5.0,0
41,8x8,medium,clustered,12,low,space_bits_only,5,5,0,0,18,18,8.24,8.24,5.0,5.0,0
41,8x8,medium,clustered,12,low,mask_only,5,5,0,0,18,12,8.24,7.16,5.0,5.0,0
41,8x8,medium,clustered,12,low,both,5,5,0,0,18,12,8.24,7.16,5.0,5.0,0
41,8x8,medium,clustered,12,low,null_dispatch,5,5,0,0,18,18,8.24,8.24,5.0,5.0,0
41,8x8,medium,clustered,12,high,baseline,4,4,0,0,18,18,7.24,7.24,4.0,4.0,0
41,8x8,medium,clustered,12,high,space_bits_only,4,4,0,0,18,18,7.24,7.24,4.0,4.0,0
41,8x8,medium,clustered,12,high,mask_only,4,4,0,0,18,12,7.24,6.16,4.0,4.0,0
41,8x8,medium,clustered,12,high,both,4,4,0,0,18,12,7.24,6.16,4.0,4.0,0
41,8x8,medium,clustered,12,high,null_dispatch,4,4,0,0,18,18,7.24,7.24,4.0,4.0,0
41,8x8,medium,clustered,18,low,baseline,4,4,2,2,18,18,9.04,9.04,7.5,7.5,0
41,8x8,medium,clustered,18,low,space_bits_only,4,4,2,2,18,18,9.04,9.04,7.5,7.5,0
41,8x8,medium,clustered,18,low,mask_only,4,4,2,2,18,18,9.04,9.04,7.5,7.5,0
41,8x8,medium,clustered,18,low,both,4,4,2,2,18,18,9.04,9.04,7.5,7.5,0
41,8x8,medium,clustered,18,low,null_dispatch,4,4,2,2,18,18,9.04,9.04,7.5,7.5,0
41,8x8,medium,clustered,18,high,baseline,6,6,0,0,18,18,9.24,9.24,6.0,6.0,0
41,8x8,medium,clustered,18,high,space_bits_only,6,6,0,0,18,18,9.24,9.24,6.0,6.0,0
41,8x8,medium,clustered,18,high,mask_only,6,6,0,0,18,18,9.24,9.24,6.0,6.0,0
41,8x8,medium,clustered,18,high,both,6,6,0,0,18,18,9.24,9.24,6.0,6.0,0
41,8x8,medium,clustered,18,high,null_dispatch,6,6,0,0,18,18,9.24,9.24,6.0,6.0,0
41,8x8,medium,dispersed,4,low,baseline,3,3,1,1,18,18,7.14,7.14,4.75,4.75,0
41,8x8,medium,dispersed,4,low,space_bits_only,3,3,1,1,18,18,7.14,7.14,4.75,4.75,0
41,8x8,medium,dispersed,4,low,mask_only,3,3,1,1,18,4,7.14,4.62,4.75,4.75,0
41,8x8,medium,dispersed,4,low,both,3,3,1,1,18,4,7.14,4.62,4.75,4.75,0
41,8x8,medium,dispersed,4,low,null_dispatch,3,3,1,1,18,18,7.14,7.14,4.75,4.75,0
41,8x8,medium,dispersed,4,high,baseline,6,6,0,0,18,18,9.24,9.24,6.0,6.0,0
41,8x8,medium,dispersed,4,high,space_bits_only,6,6,0,0,18,18,9.24,9.24,6.0,6.0,0
41,8x8,medium,dispersed,4,high,mask_only,6,6,0,0,18,4,9.24,6.72,6.0,6.0,0
41,8x8,medium,dispersed,4,high,both,6,6,0,0,18,4,9.24,6.72,6.0,6.0,0
41,8x8,medium,dispersed,4,high,null_dispatch,6,6,0,0,18,18,9.24,9.24,6.0,6.0,0
41,8x8,medium,dispersed,8,low,baseline,7,7,1,1,18,18,11.14,11.14,8.75,8.75,0
41,8x8,medium,dispersed,8,low,space_bits_only,7,7,1,0,18,18,11.14,10.24,8.75,7.0,1
41,8x8,medium,dispersed,8,low,mask_only,7,7,1,1,18,8,11.14,9.34,8.75,8.75,0
41,8x8,medium,dispersed,8,low,both,7,7,1,0,18,8,11.14,8.44,8.75,7.0,1
41,8x8,medium,dispersed,8,low,null_dispatch,7,7,1,1,18,18,11.14,11.14,8.75,8.75,0
41,8x8,medium,dispersed,8,high,baseline,4,4,0,0,18,18,7.24,7.24,4.0,4.0,0
41,8x8,medium,dispersed,8,high,space_bits_only,4,4,0,0,18,18,7.24,7.24,4.0,4.0,0
41,8x8,medium,dispersed,8,high,mask_only,4,4,0,0,18,8,7.24,5.44,4.0,4.0,0
41,8x8,medium,dispersed,8,high,both,4,4,0,0,18,8,7.24,5.44,4.0,4.0,0
41,8x8,medium,dispersed,8,high,null_dispatch,4,4,0,0,18,18,7.24,7.24,4.0,4.0,0
41,8x8,medium,dispersed,12,low,baseline,7,7,2,2,18,18,12.04,12.04,10.5,10.5,0
41,8x8,medium,dispersed,12,low,space_bits_only,7,7,2,1,18,18,12.04,11.14,10.5,8.75,1
41,8x8,medium,dispersed,12,low,mask_only,7,7,2,2,18,12,12.04,10.96,10.5,10.5,0
41,8x8,medium,dispersed,12,low,both,7,7,2,1,18,12,12.04,10.06,10.5,8.75,1
41,8x8,medium,dispersed,12,low,null_dispatch,7,7,2,2,18,18,12.04,12.04,10.5,10.5,0
41,8x8,medium,dispersed,12,high,baseline,4,4,0,0,18,18,7.24,7.24,4.0,4.0,0
41,8x8,medium,dispersed,12,high,space_bits_only,4,4,0,0,18,18,7.24,7.24,4.0,4.0,0
41,8x8,medium,dispersed,12,high,mask_only,4,4,0,0,18,12,7.24,6.16,4.0,4.0,0
41,8x8,medium,dispersed,12,high,both,4,4,0,0,18,12,7.24,6.16,4.0,4.0,0
41,8x8,medium,dispersed,12,high,null_dispatch,4,4,0,0,18,18,7.24,7.24,4.0,4.0,0
41,8x8,medium,dispersed,18,low,baseline,5,5,1,1,18,18,9.14,9.14,6.75,6.75,0
41,8x8,medium,dispersed,18,low,space_bits_only,5,5,1,1,18,18,9.14,9.14,6.75,6.75,0
41,8x8,medium,dispersed,18,low,mask_only,5,5,1,1,18,18,9.14,9.14,6.75,6.75,0
41,8x8,medium,dispersed,18,low,both,5,5,1,1,18,18,9.14,9.14,6.75,6.75,0
41,8x8,medium,dispersed,18,low,null_dispatch,5,5,1,1,18,18,9.14,9.14,6.75,6.75,0
41,8x8,medium,dispersed,18,high,baseline,5,5,1,1,18,18,9.14,9.14,6.75,6.75,0
41,8x8,medium,dispersed,18,high,space_bits_only,5,5,1,0,18,18,9.14,8.24,6.75,5.0,1
41,8x8,medium,dispersed,18,high,mask_only,5,5,1,1,18,18,9.14,9.14,6.75,6.75,0
41,8x8,medium,dispersed,18,high,both,5,5,1,0,18,18,9.14,8.24,6.75,5.0,1
41,8x8,medium,dispersed,18,high,null_dispatch,5,5,1,1,18,18,9.14,9.14,6.75,6.75,0
41,8x8,high,clustered,4,low,baseline,3,3,0,0,18,18,6.24,6.24,3.0,3.0,0
41,8x8,high,clustered,4,low,space_bits_only,3,3,0,0,18,18,6.24,6.24,3.0,3.0,0
41,8x8,high,clustered,4,low,mask_only,3,3,0,0,18,4,6.24,3.72,3.0,3.0,0
41,8x8,high,clustered,4,low,both,3,3,0,0,18,4,6.24,3.72,3.0,3.0,0
41,8x8,high,clustered,4,low,null_dispatch,3,3,0,0,18,18,6.24,6.24,3.0,3.0,0
41,8x8,high,clustered,4,high,baseline,5,5,0,0,18,18,8.24,8.24,5.0,5.0,0
41,8x8,high,clustered,4,high,space_bits_only,5,5,0,0,18,18,8.24,8.24,5.0,5.0,0
41,8x8,high,clustered,4,high,mask_only,5,5,0,0,18,4,8.24,5.72,5.0,5.0,0
41,8x8,high,clustered,4,high,both,5,5,0,0,18,4,8.24,5.72,5.0,5.0,0
41,8x8,high,clustered,4,high,null_dispatch,5,5,0,0,18,18,8.24,8.24,5.0,5.0,0
41,8x8,high,clustered,8,low,baseline,3,3,1,1,18,18,7.14,7.14,4.75,4.75,0
41,8x8,high,clustered,8,low,space_bits_only,3,3,1,0,18,18,7.14,6.24,4.75,3.0,1
41,8x8,high,clustered,8,low,mask_only,3,3,1,1,18,8,7.14,5.34,4.75,4.75,0
41,8x8,high,clustered,8,low,both,3,3,1,0,18,8,7.14,4.44,4.75,3.0,1
41,8x8,high,clustered,8,low,null_dispatch,3,3,1,1,18,18,7.14,7.14,4.75,4.75,0
41,8x8,high,clustered,8,high,baseline,4,4,2,2,18,18,9.04,9.04,7.5,7.5,0
41,8x8,high,clustered,8,high,space_bits_only,4,4,2,0,18,18,9.04,7.24,7.5,4.0,1
41,8x8,high,clustered,8,high,mask_only,4,4,2,2,18,8,9.04,7.24,7.5,7.5,0
41,8x8,high,clustered,8,high,both,4,4,2,0,18,8,9.04,5.44,7.5,4.0,1
41,8x8,high,clustered,8,high,null_dispatch,4,4,2,2,18,18,9.04,9.04,7.5,7.5,0
41,8x8,high,clustered,12,low,baseline,4,4,2,2,18,18,9.04,9.04,7.5,7.5,0
41,8x8,high,clustered,12,low,space_bits_only,4,4,2,1,18,18,9.04,8.14,7.5,5.75,1
41,8x8,high,clustered,12,low,mask_only,4,4,2,2,18,12,9.04,7.96,7.5,7.5,0
41,8x8,high,clustered,12,low,both,4,4,2,1,18,12,9.04,7.06,7.5,5.75,1
41,8x8,high,clustered,12,low,null_dispatch,4,4,2,2,18,18,9.04,9.04,7.5,7.5,0
41,8x8,high,clustered,12,high,baseline,4,4,1,1,18,18,8.14,8.14,5.75,5.75,0
41,8x8,high,clustered,12,high,space_bits_only,4,4,1,0,18,18,8.14,7.24,5.75,4.0,1
41,8x8,high,clustered,12,high,mask_only,4,4,1,1,18,12,8.14,7.06,5.75,5.75,0
41,8x8,high,clustered,12,high,both,4,4,1,0,18,12,8.14,6.16,5.75,4.0,1
41,8x8,high,clustered,12,high,null_dispatch,4,4,1,1,18,18,8.14,8.14,5.75,5.75,0
41,8x8,high,clustered,18,low,baseline,5,5,0,0,18,18,8.24,8.24,5.0,5.0,0
41,8x8,high,clustered,18,low,space_bits_only,5,5,0,0,18,18,8.24,8.24,5.0,5.0,0
41,8x8,high,clustered,18,low,mask_only,5,5,0,0,18,18,8.24,8.24,5.0,5.0,0
41,8x8,high,clustered,18,low,both,5,5,0,0,18,18,8.24,8.24,5.0,5.0,0
41,8x8,high,clustered,18,low,null_dispatch,5,5,0,0,18,18,8.24,8.24,5.0,5.0,0
41,8x8,high,clustered,18,high,baseline,6,6,1,1,18,18,10.14,10.14,7.75,7.75,0
41,8x8,high,clustered,18,high,space_bits_only,6,6,1,0,18,18,10.14,9.24,7.75,6.0,1
41,8x8,high,clustered,18,high,mask_only,6,6,1,1,18,18,10.14,10.14,7.75,7.75,0
41,8x8,high,clustered,18,high,both,6,6,1,0,18,18,10.14,9.24,7.75,6.0,1
41,8x8,high,clustered,18,high,null_dispatch,6,6,1,1,18,18,10.14,10.14,7.75,7.75,0
41,8x8,high,dispersed,4,low,baseline,5,5,1,1,18,18,9.14,9.14,6.75,6.75,0
41,8x8,high,dispersed,4,low,space_bits_only,5,5,1,1,18,18,9.14,9.14,6.75,6.75,0
41,8x8,high,dispersed,4,low,mask_only,5,5,1,1,18,4,9.14,6.62,6.75,6.75,0
41,8x8,high,dispersed,4,low,both,5,5,1,1,18,4,9.14,6.62,6.75,6.75,0
41,8x8,high,dispersed,4,low,null_dispatch,5,5,1,1,18,18,9.14,9.14,6.75,6.75,0
41,8x8,high,dispersed,4,high,baseline,4,4,0,0,18,18,7.24,7.24,4.0,4.0,0
41,8x8,high,dispersed,4,high,space_bits_only,4,4,0,0,18,18,7.24,7.24,4.0,4.0,0
41,8x8,high,dispersed,4,high,mask_only,4,4,0,0,18,4,7.24,4.72,4.0,4.0,0
41,8x8,high,dispersed,4,high,both,4,4,0,0,18,4,7.24,4.72,4.0,4.0,0
41,8x8,high,dispersed,4,high,null_dispatch,4,4,0,0,18,18,7.24,7.24,4.0,4.0,0
41,8x8,high,dispersed,8,low,baseline,4,4,0,0,18,18,7.24,7.24,4.0,4.0,0
41,8x8,high,dispersed,8,low,space_bits_only,4,4,0,0,18,18,7.24,7.24,4.0,4.0,0
41,8x8,high,dispersed,8,low,mask_only,4,4,0,0,18,8,7.24,5.44,4.0,4.0,0
41,8x8,high,dispersed,8,low,both,4,4,0,0,18,8,7.24,5.44,4.0,4.0,0
41,8x8,high,dispersed,8,low,null_dispatch,4,4,0,0,18,18,7.24,7.24,4.0,4.0,0
41,8x8,high,dispersed,8,high,baseline,6,6,1,1,18,18,10.14,10.14,7.75,7.75,0
41,8x8,high,dispersed,8,high,space_bits_only,6,6,1,0,18,18,10.14,9.24,7.75,6.0,1
41,8x8,high,dispersed,8,high,mask_only,6,6,1,1,18,8,10.14,8.34,7.75,7.75,0
41,8x8,high,dispersed,8,high,both,6,6,1,0,18,8,10.14,7.44,7.75,6.0,1
41,8x8,high,dispersed,8,high,null_dispatch,6,6,1,1,18,18,10.14,10.14,7.75,7.75,0
41,8x8,high,dispersed,12,low,baseline,4,4,1,1,18,18,8.14,8.14,5.75,5.75,0
41,8x8,high,dispersed,12,low,space_bits_only,4,4,1,1,18,18,8.14,8.14,5.75,5.75,0
41,8x8,high,dispersed,12,low,mask_only,4,4,1,1,18,12,8.14,7.06,5.75,5.75,0
41,8x8,high,dispersed,12,low,both,4,4,1,1,18,12,8.14,7.06,5.75,5.75,0
41,8x8,high,dispersed,12,low,null_dispatch,4,4,1,1,18,18,8.14,8.14,5.75,5.75,0
41,8x8,high,dispersed,12,high,baseline,4,4,0,0,18,18,7.24,7.24,4.0,4.0,0
41,8x8,high,dispersed,12,high,space_bits_only,4,4,0,0,18,18,7.24,7.24,4.0,4.0,0
41,8x8,high,dispersed,12,high,mask_only,4,4,0,0,18,12,7.24,6.16,4.0,4.0,0
41,8x8,high,dispersed,12,high,both,4,4,0,0,18,12,7.24,6.16,4.0,4.0,0
41,8x8,high,dispersed,12,high,null_dispatch,4,4,0,0,18,18,7.24,7.24,4.0,4.0,0
41,8x8,high,dispersed,18,low,baseline,3,3,1,1,18,18,7.14,7.14,4.75,4.75,0
41,8x8,high,dispersed,18,low,space_bits_only,3,3,1,1,18,18,7.14,7.14,4.75,4.75,0
41,8x8,high,dispersed,18,low,mask_only,3,3,1,1,18,18,7.14,7.14,4.75,4.75,0
41,8x8,high,dispersed,18,low,both,3,3,1,1,18,18,7.14,7.14,4.75,4.75,0
41,8x8,high,dispersed,18,low,null_dispatch,3,3,1,1,18,18,7.14,7.14,4.75,4.75,0
41,8x8,high,dispersed,18,high,baseline,2,2,0,0,18,18,5.24,5.24,2.0,2.0,0
41,8x8,high,dispersed,18,high,space_bits_only,2,2,0,0,18,18,5.24,5.24,2.0,2.0,0
41,8x8,high,dispersed,18,high,mask_only,2,2,0,0,18,18,5.24,5.24,2.0,2.0,0
41,8x8,high,dispersed,18,high,both,2,2,0,0,18,18,5.24,5.24,2.0,2.0,0
41,8x8,high,dispersed,18,high,null_dispatch,2,2,0,0,18,18,5.24,5.24,2.0,2.0,0
53,8x8,low,clustered,4,low,baseline,4,4,1,1,18,18,8.14,8.14,5.75,5.75,0
53,8x8,low,clustered,4,low,space_bits_only,4,4,1,1,18,18,8.14,8.14,5.75,5.75,0
53,8x8,low,clustered,4,low,mask_only,4,4,1,1,18,4,8.14,5.62,5.75,5.75,0
53,8x8,low,clustered,4,low,both,4,4,1,1,18,4,8.14,5.62,5.75,5.75,0
53,8x8,low,clustered,4,low,null_dispatch,4,4,1,1,18,18,8.14,8.14,5.75,5.75,0
53,8x8,low,clustered,4,high,baseline,4,4,1,1,18,18,8.14,8.14,5.75,5.75,0
53,8x8,low,clustered,4,high,space_bits_only,4,4,1,1,18,18,8.14,8.14,5.75,5.75,0
53,8x8,low,clustered,4,high,mask_only,4,4,1,1,18,4,8.14,5.62,5.75,5.75,0
53,8x8,low,clustered,4,high,both,4,4,1,1,18,4,8.14,5.62,5.75,5.75,0
53,8x8,low,clustered,4,high,null_dispatch,4,4,1,1,18,18,8.14,8.14,5.75,5.75,0
53,8x8,low,clustered,8,low,baseline,5,5,0,0,18,18,8.24,8.24,5.0,5.0,0
53,8x8,low,clustered,8,low,space_bits_only,5,5,0,0,18,18,8.24,8.24,5.0,5.0,0
53,8x8,low,clustered,8,low,mask_only,5,5,0,0,18,8,8.24,6.44,5.0,5.0,0
53,8x8,low,clustered,8,low,both,5,5,0,0,18,8,8.24,6.44,5.0,5.0,0
53,8x8,low,clustered,8,low,null_dispatch,5,5,0,0,18,18,8.24,8.24,5.0,5.0,0
53,8x8,low,clustered,8,high,baseline,3,3,0,0,18,18,6.24,6.24,3.0,3.0,0
53,8x8,low,clustered,8,high,space_bits_only,3,3,0,0,18,18,6.24,6.24,3.0,3.0,0
53,8x8,low,clustered,8,high,mask_only,3,3,0,0,18,8,6.24,4.44,3.0,3.0,0
53,8x8,low,clustered,8,high,both,3,3,0,0,18,8,6.24,4.44,3.0,3.0,0
53,8x8,low,clustered,8,high,null_dispatch,3,3,0,0,18,18,6.24,6.24,3.0,3.0,0
53,8x8,low,clustered,12,low,baseline,4,4,2,2,18,18,9.04,9.04,7.5,7.5,0
53,8x8,low,clustered,12,low,space_bits_only,4,4,2,2,18,18,9.04,9.04,7.5,7.5,0
53,8x8,low,clustered,12,low,mask_only,4,4,2,2,18,12,9.04,7.96,7.5,7.5,0
53,8x8,low,clustered,12,low,both,4,4,2,2,18,12,9.04,7.96,7.5,7.5,0
53,8x8,low,clustered,12,low,null_dispatch,4,4,2,2,18,18,9.04,9.04,7.5,7.5,0
53,8x8,low,clustered,12,high,baseline,2,2,0,0,18,18,5.24,5.24,2.0,2.0,0
53,8x8,low,clustered,12,high,space_bits_only,2,2,0,0,18,18,5.24,5.24,2.0,2.0,0
53,8x8,low,clustered,12,high,mask_only,2,2,0,0,18,12,5.24,4.16,2.0,2.0,0
53,8x8,low,clustered,12,high,both,2,2,0,0,18,12,5.24,4.16,2.0,2.0,0
53,8x8,low,clustered,12,high,null_dispatch,2,2,0,0,18,18,5.24,5.24,2.0,2.0,0
53,8x8,low,clustered,18,low,baseline,4,4,0,0,18,18,7.24,7.24,4.0,4.0,0
53,8x8,low,clustered,18,low,space_bits_only,4,4,0,0,18,18,7.24,7.24,4.0,4.0,0
53,8x8,low,clustered,18,low,mask_only,4,4,0,0,18,18,7.24,7.24,4.0,4.0,0
53,8x8,low,clustered,18,low,both,4,4,0,0,18,18,7.24,7.24,4.0,4.0,0
53,8x8,low,clustered,18,low,null_dispatch,4,4,0,0,18,18,7.24,7.24,4.0,4.0,0
53,8x8,low,clustered,18,high,baseline,4,4,0,0,18,18,7.24,7.24,4.0,4.0,0
53,8x8,low,clustered,18,high,space_bits_only,4,4,0,0,18,18,7.24,7.24,4.0,4.0,0
53,8x8,low,clustered,18,high,mask_only,4,4,0,0,18,18,7.24,7.24,4.0,4.0,0
53,8x8,low,clustered,18,high,both,4,4,0,0,18,18,7.24,7.24,4.0,4.0,0
53,8x8,low,clustered,18,high,null_dispatch,4,4,0,0,18,18,7.24,7.24,4.0,4.0,0
53,8x8,low,dispersed,4,low,baseline,6,6,1,1,18,18,10.14,10.14,7.75,7.75,0
53,8x8,low,dispersed,4,low,space_bits_only,6,6,1,0,18,18,10.14,9.24,7.75,6.0,1
53,8x8,low,dispersed,4,low,mask_only,6,6,1,1,18,4,10.14,7.62,7.75,7.75,0
53,8x8,low,dispersed,4,low,both,6,6,1,0,18,4,10.14,6.72,7.75,6.0,1
53,8x8,low,dispersed,4,low,null_dispatch,6,6,1,1,18,18,10.14,10.14,7.75,7.75,0
53,8x8,low,dispersed,4,high,baseline,6,6,0,0,18,18,9.24,9.24,6.0,6.0,0
53,8x8,low,dispersed,4,high,space_bits_only,6,6,0,0,18,18,9.24,9.24,6.0,6.0,0
53,8x8,low,dispersed,4,high,mask_only,6,6,0,0,18,4,9.24,6.72,6.0,6.0,0
53,8x8,low,dispersed,4,high,both,6,6,0,0,18,4,9.24,6.72,6.0,6.0,0
53,8x8,low,dispersed,4,high,null_dispatch,6,6,0,0,18,18,9.24,9.24,6.0,6.0,0
53,8x8,low,dispersed,8,low,baseline,6,6,0,0,18,18,9.24,9.24,6.0,6.0,0
53,8x8,low,dispersed,8,low,space_bits_only,6,6,0,0,18,18,9.24,9.24,6.0,6.0,0
53,8x8,low,dispersed,8,low,mask_only,6,6,0,0,18,8,9.24,7.44,6.0,6.0,0
53,8x8,low,dispersed,8,low,both,6,6,0,0,18,8,9.24,7.44,6.0,6.0,0
53,8x8,low,dispersed,8,low,null_dispatch,6,6,0,0,18,18,9.24,9.24,6.0,6.0,0
53,8x8,low,dispersed,8,high,baseline,4,4,1,1,18,18,8.14,8.14,5.75,5.75,0
53,8x8,low,dispersed,8,high,space_bits_only,4,4,1,0,18,18,8.14,7.24,5.75,4.0,1
53,8x8,low,dispersed,8,high,mask_only,4,4,1,1,18,8,8.14,6.34,5.75,5.75,0
53,8x8,low,dispersed,8,high,both,4,4,1,0,18,8,8.14,5.44,5.75,4.0,1
53,8x8,low,dispersed,8,high,null_dispatch,4,4,1,1,18,18,8.14,8.14,5.75,5.75,0
53,8x8,low,dispersed,12,low,baseline,7,7,0,0,18,18,10.24,10.24,7.0,7.0,0
53,8x8,low,dispersed,12,low,space_bits_only,7,7,0,0,18,18,10.24,10.24,7.0,7.0,0
53,8x8,low,dispersed,12,low,mask_only,7,7,0,0,18,12,10.24,9.16,7.0,7.0,0
53,8x8,low,dispersed,12,low,both,7,7,0,0,18,12,10.24,9.16,7.0,7.0,0
53,8x8,low,dispersed,12,low,null_dispatch,7,7,0,0,18,18,10.24,10.24,7.0,7.0,0
53,8x8,low,dispersed,12,high,baseline,3,3,0,0,18,18,6.24,6.24,3.0,3.0,0
53,8x8,low,dispersed,12,high,space_bits_only,3,3,0,0,18,18,6.24,6.24,3.0,3.0,0
53,8x8,low,dispersed,12,high,mask_only,3,3,0,0,18,12,6.24,5.16,3.0,3.0,0
53,8x8,low,dispersed,12,high,both,3,3,0,0,18,12,6.24,5.16,3.0,3.0,0
53,8x8,low,dispersed,12,high,null_dispatch,3,3,0,0,18,18,6.24,6.24,3.0,3.0,0
53,8x8,low,dispersed,18,low,baseline,5,5,0,0,18,18,8.24,8.24,5.0,5.0,0
53,8x8,low,dispersed,18,low,space_bits_only,5,5,0,0,18,18,8.24,8.24,5.0,5.0,0
53,8x8,low,dispersed,18,low,mask_only,5,5,0,0,18,18,8.24,8.24,5.0,5.0,0
53,8x8,low,dispersed,18,low,both,5,5,0,0,18,18,8.24,8.24,5.0,5.0,0
53,8x8,low,dispersed,18,low,null_dispatch,5,5,0,0,18,18,8.24,8.24,5.0,5.0,0
53,8x8,low,dispersed,18,high,baseline,6,6,1,1,18,18,10.14,10.14,7.75,7.75,0
53,8x8,low,dispersed,18,high,space_bits_only,6,6,1,0,18,18,10.14,9.24,7.75,6.0,1
53,8x8,low,dispersed,18,high,mask_only,6,6,1,1,18,18,10.14,10.14,7.75,7.75,0
53,8x8,low,dispersed,18,high,both,6,6,1,0,18,18,10.14,9.24,7.75,6.0,1
53,8x8,low,dispersed,18,high,null_dispatch,6,6,1,1,18,18,10.14,10.14,7.75,7.75,0
53,8x8,medium,clustered,4,low,baseline,3,3,0,0,18,18,6.24,6.24,3.0,3.0,0
53,8x8,medium,clustered,4,low,space_bits_only,3,3,0,0,18,18,6.24,6.24,3.0,3.0,0
53,8x8,medium,clustered,4,low,mask_only,3,3,0,0,18,4,6.24,3.72,3.0,3.0,0
53,8x8,medium,clustered,4,low,both,3,3,0,0,18,4,6.24,3.72,3.0,3.0,0
53,8x8,medium,clustered,4,low,null_dispatch,3,3,0,0,18,18,6.24,6.24,3.0,3.0,0
53,8x8,medium,clustered,4,high,baseline,4,4,0,0,18,18,7.24,7.24,4.0,4.0,0
53,8x8,medium,clustered,4,high,space_bits_only,4,4,0,0,18,18,7.24,7.24,4.0,4.0,0
53,8x8,medium,clustered,4,high,mask_only,4,4,0,0,18,4,7.24,4.72,4.0,4.0,0
53,8x8,medium,clustered,4,high,both,4,4,0,0,18,4,7.24,4.72,4.0,4.0,0
53,8x8,medium,clustered,4,high,null_dispatch,4,4,0,0,18,18,7.24,7.24,4.0,4.0,0
53,8x8,medium,clustered,8,low,baseline,4,4,0,0,18,18,7.24,7.24,4.0,4.0,0
53,8x8,medium,clustered,8,low,space_bits_only,4,4,0,0,18,18,7.24,7.24,4.0,4.0,0
53,8x8,medium,clustered,8,low,mask_only,4,4,0,0,18,8,7.24,5.44,4.0,4.0,0
53,8x8,medium,clustered,8,low,both,4,4,0,0,18,8,7.24,5.44,4.0,4.0,0
53,8x8,medium,clustered,8,low,null_dispatch,4,4,0,0,18,18,7.24,7.24,4.0,4.0,0
53,8x8,medium,clustered,8,high,baseline,6,6,0,0,18,18,9.24,9.24,6.0,6.0,0
53,8x8,medium,clustered,8,high,space_bits_only,6,6,0,0,18,18,9.24,9.24,6.0,6.0,0
53,8x8,medium,clustered,8,high,mask_only,6,6,0,0,18,8,9.24,7.44,6.0,6.0,0
53,8x8,medium,clustered,8,high,both,6,6,0,0,18,8,9.24,7.44,6.0,6.0,0
53,8x8,medium,clustered,8,high,null_dispatch,6,6,0,0,18,18,9.24,9.24,6.0,6.0,0
53,8x8,medium,clustered,12,low,baseline,5,5,0,0,18,18,8.24,8.24,5.0,5.0,0
53,8x8,medium,clustered,12,low,space_bits_only,5,5,0,0,18,18,8.24,8.24,5.0,5.0,0
53,8x8,medium,clustered,12,low,mask_only,5,5,0,0,18,12,8.24,7.16,5.0,5.0,0
53,8x8,medium,clustered,12,low,both,5,5,0,0,18,12,8.24,7.16,5.0,5.0,0
53,8x8,medium,clustered,12,low,null_dispatch,5,5,0,0,18,18,8.24,8.24,5.0,5.0,0
53,8x8,medium,clustered,12,high,baseline,2,2,0,0,18,18,5.24,5.24,2.0,2.0,0
53,8x8,medium,clustered,12,high,space_bits_only,2,2,0,0,18,18,5.24,5.24,2.0,2.0,0
53,8x8,medium,clustered,12,high,mask_only,2,2,0,0,18,12,5.24,4.16,2.0,2.0,0
53,8x8,medium,clustered,12,high,both,2,2,0,0,18,12,5.24,4.16,2.0,2.0,0
53,8x8,medium,clustered,12,high,null_dispatch,2,2,0,0,18,18,5.24,5.24,2.0,2.0,0
53,8x8,medium,clustered,18,low,baseline,4,4,0,0,18,18,7.24,7.24,4.0,4.0,0
53,8x8,medium,clustered,18,low,space_bits_only,4,4,0,0,18,18,7.24,7.24,4.0,4.0,0
53,8x8,medium,clustered,18,low,mask_only,4,4,0,0,18,18,7.24,7.24,4.0,4.0,0
53,8x8,medium,clustered,18,low,both,4,4,0,0,18,18,7.24,7.24,4.0,4.0,0
53,8x8,medium,clustered,18,low,null_dispatch,4,4,0,0,18,18,7.24,7.24,4.0,4.0,0
53,8x8,medium,clustered,18,high,baseline,5,5,1,1,18,18,9.14,9.14,6.75,6.75,0
53,8x8,medium,clustered,18,high,space_bits_only,5,5,1,0,18,18,9.14,8.24,6.75,5.0,1
53,8x8,medium,clustered,18,high,mask_only,5,5,1,1,18,18,9.14,9.14,6.75,6.75,0
53,8x8,medium,clustered,18,high,both,5,5,1,0,18,18,9.14,8.24,6.75,5.0,1
53,8x8,medium,clustered,18,high,null_dispatch,5,5,1,1,18,18,9.14,9.14,6.75,6.75,0
53,8x8,medium,dispersed,4,low,baseline,5,5,0,0,18,18,8.24,8.24,5.0,5.0,0
53,8x8,medium,dispersed,4,low,space_bits_only,5,5,0,0,18,18,8.24,8.24,5.0,5.0,0
53,8x8,medium,dispersed,4,low,mask_only,5,5,0,0,18,4,8.24,5.72,5.0,5.0,0
53,8x8,medium,dispersed,4,low,both,5,5,0,0,18,4,8.24,5.72,5.0,5.0,0
53,8x8,medium,dispersed,4,low,null_dispatch,5,5,0,0,18,18,8.24,8.24,5.0,5.0,0
53,8x8,medium,dispersed,4,high,baseline,7,7,1,1,18,18,11.14,11.14,8.75,8.75,0
53,8x8,medium,dispersed,4,high,space_bits_only,7,7,1,0,18,18,11.14,10.24,8.75,7.0,1
53,8x8,medium,dispersed,4,high,mask_only,7,7,1,1,18,4,11.14,8.62,8.75,8.75,0
53,8x8,medium,dispersed,4,high,both,7,7,1,0,18,4,11.14,7.72,8.75,7.0,1
53,8x8,medium,dispersed,4,high,null_dispatch,7,7,1,1,18,18,11.14,11.14,8.75,8.75,0
53,8x8,medium,dispersed,8,low,baseline,2,2,0,0,18,18,5.24,5.24,2.0,2.0,0
53,8x8,medium,dispersed,8,low,space_bits_only,2,2,0,0,18,18,5.24,5.24,2.0,2.0,0
53,8x8,medium,dispersed,8,low,mask_only,2,2,0,0,18,8,5.24,3.44,2.0,2.0,0
53,8x8,medium,dispersed,8,low,both,2,2,0,0,18,8,5.24,3.44,2.0,2.0,0
53,8x8,medium,dispersed,8,low,null_dispatch,2,2,0,0,18,18,5.24,5.24,2.0,2.0,0
53,8x8,medium,dispersed,8,high,baseline,3,3,0,0,18,18,6.24,6.24,3.0,3.0,0
53,8x8,medium,dispersed,8,high,space_bits_only,3,3,0,0,18,18,6.24,6.24,3.0,3.0,0
53,8x8,medium,dispersed,8,high,mask_only,3,3,0,0,18,8,6.24,4.44,3.0,3.0,0
53,8x8,medium,dispersed,8,high,both,3,3,0,0,18,8,6.24,4.44,3.0,3.0,0
53,8x8,medium,dispersed,8,high,null_dispatch,3,3,0,0,18,18,6.24,6.24,3.0,3.0,0
53,8x8,medium,dispersed,12,low,baseline,3,3,0,0,18,18,6.24,6.24,3.0,3.0,0
53,8x8,medium,dispersed,12,low,space_bits_only,3,3,0,0,18,18,6.24,6.24,3.0,3.0,0
53,8x8,medium,dispersed,12,low,mask_only,3,3,0,0,18,12,6.24,5.16,3.0,3.0,0
53,8x8,medium,dispersed,12,low,both,3,3,0,0,18,12,6.24,5.16,3.0,3.0,0
53,8x8,medium,dispersed,12,low,null_dispatch,3,3,0,0,18,18,6.24,6.24,3.0,3.0,0
53,8x8,medium,dispersed,12,high,baseline,4,4,0,0,18,18,7.24,7.24,4.0,4.0,0
53,8x8,medium,dispersed,12,high,space_bits_only,4,4,0,0,18,18,7.24,7.24,4.0,4.0,0
53,8x8,medium,dispersed,12,high,mask_only,4,4,0,0,18,12,7.24,6.16,4.0,4.0,0
53,8x8,medium,dispersed,12,high,both,4,4,0,0,18,12,7.24,6.16,4.0,4.0,0
53,8x8,medium,dispersed,12,high,null_dispatch,4,4,0,0,18,18,7.24,7.24,4.0,4.0,0
53,8x8,medium,dispersed,18,low,baseline,3,3,0,0,18,18,6.24,6.24,3.0,3.0,0
53,8x8,medium,dispersed,18,low,space_bits_only,3,3,0,0,18,18,6.24,6.24,3.0,3.0,0
53,8x8,medium,dispersed,18,low,mask_only,3,3,0,0,18,18,6.24,6.24,3.0,3.0,0
53,8x8,medium,dispersed,18,low,both,3,3,0,0,18,18,6.24,6.24,3.0,3.0,0
53,8x8,medium,dispersed,18,low,null_dispatch,3,3,0,0,18,18,6.24,6.24,3.0,3.0,0
53,8x8,medium,dispersed,18,high,baseline,7,7,0,0,18,18,10.24,10.24,7.0,7.0,0
53,8x8,medium,dispersed,18,high,space_bits_only,7,7,0,0,18,18,10.24,10.24,7.0,7.0,0
53,8x8,medium,dispersed,18,high,mask_only,7,7,0,0,18,18,10.24,10.24,7.0,7.0,0
53,8x8,medium,dispersed,18,high,both,7,7,0,0,18,18,10.24,10.24,7.0,7.0,0
53,8x8,medium,dispersed,18,high,null_dispatch,7,7,0,0,18,18,10.24,10.24,7.0,7.0,0
53,8x8,high,clustered,4,low,baseline,5,5,1,1,18,18,9.14,9.14,6.75,6.75,0
53,8x8,high,clustered,4,low,space_bits_only,5,5,1,0,18,18,9.14,8.24,6.75,5.0,1
53,8x8,high,clustered,4,low,mask_only,5,5,1,1,18,4,9.14,6.62,6.75,6.75,0
53,8x8,high,clustered,4,low,both,5,5,1,0,18,4,9.14,5.72,6.75,5.0,1
53,8x8,high,clustered,4,low,null_dispatch,5,5,1,1,18,18,9.14,9.14,6.75,6.75,0
53,8x8,high,clustered,4,high,baseline,5,5,1,1,18,18,9.14,9.14,6.75,6.75,0
53,8x8,high,clustered,4,high,space_bits_only,5,7,1,0,18,18,9.14,10.24,6.75,7.0,1
53,8x8,high,clustered,4,high,mask_only,5,5,1,1,18,4,9.14,6.62,6.75,6.75,0
53,8x8,high,clustered,4,high,both,5,7,1,0,18,4,9.14,7.72,6.75,7.0,1
53,8x8,high,clustered,4,high,null_dispatch,5,5,1,1,18,18,9.14,9.14,6.75,6.75,0
53,8x8,high,clustered,8,low,baseline,2,2,0,0,18,18,5.24,5.24,2.0,2.0,0
53,8x8,high,clustered,8,low,space_bits_only,2,2,0,0,18,18,5.24,5.24,2.0,2.0,0
53,8x8,high,clustered,8,low,mask_only,2,2,0,0,18,8,5.24,3.44,2.0,2.0,0
53,8x8,high,clustered,8,low,both,2,2,0,0,18,8,5.24,3.44,2.0,2.0,0
53,8x8,high,clustered,8,low,null_dispatch,2,2,0,0,18,18,5.24,5.24,2.0,2.0,0
53,8x8,high,clustered,8,high,baseline,4,4,0,0,18,18,7.24,7.24,4.0,4.0,0
53,8x8,high,clustered,8,high,space_bits_only,4,4,0,0,18,18,7.24,7.24,4.0,4.0,0
53,8x8,high,clustered,8,high,mask_only,4,4,0,0,18,8,7.24,5.44,4.0,4.0,0
53,8x8,high,clustered,8,high,both,4,4,0,0,18,8,7.24,5.44,4.0,4.0,0
53,8x8,high,clustered,8,high,null_dispatch,4,4,0,0,18,18,7.24,7.24,4.0,4.0,0
53,8x8,high,clustered,12,low,baseline,6,6,2,2,18,18,11.04,11.04,9.5,9.5,0
53,8x8,high,clustered,12,low,space_bits_only,6,6,2,1,18,18,11.04,10.14,9.5,7.75,1
53,8x8,high,clustered,12,low,mask_only,6,6,2,2,18,12,11.04,9.96,9.5,9.5,0
53,8x8,high,clustered,12,low,both,6,6,2,1,18,12,11.04,9.06,9.5,7.75,1
53,8x8,high,clustered,12,low,null_dispatch,6,6,2,2,18,18,11.04,11.04,9.5,9.5,0
53,8x8,high,clustered,12,high,baseline,3,3,0,0,18,18,6.24,6.24,3.0,3.0,0
53,8x8,high,clustered,12,high,space_bits_only,3,3,0,0,18,18,6.24,6.24,3.0,3.0,0
53,8x8,high,clustered,12,high,mask_only,3,3,0,0,18,12,6.24,5.16,3.0,3.0,0
53,8x8,high,clustered,12,high,both,3,3,0,0,18,12,6.24,5.16,3.0,3.0,0
53,8x8,high,clustered,12,high,null_dispatch,3,3,0,0,18,18,6.24,6.24,3.0,3.0,0
53,8x8,high,clustered,18,low,baseline,4,4,1,1,18,18,8.14,8.14,5.75,5.75,0
53,8x8,high,clustered,18,low,space_bits_only,4,4,1,0,18,18,8.14,7.24,5.75,4.0,1
53,8x8,high,clustered,18,low,mask_only,4,4,1,1,18,18,8.14,8.14,5.75,5.75,0
53,8x8,high,clustered,18,low,both,4,4,1,0,18,18,8.14,7.24,5.75,4.0,1
53,8x8,high,clustered,18,low,null_dispatch,4,4,1,1,18,18,8.14,8.14,5.75,5.75,0
53,8x8,high,clustered,18,high,baseline,5,5,1,1,18,18,9.14,9.14,6.75,6.75,0
53,8x8,high,clustered,18,high,space_bits_only,5,7,1,0,18,18,9.14,10.24,6.75,7.0,1
53,8x8,high,clustered,18,high,mask_only,5,5,1,1,18,18,9.14,9.14,6.75,6.75,0
53,8x8,high,clustered,18,high,both,5,7,1,0,18,18,9.14,10.24,6.75,7.0,1
53,8x8,high,clustered,18,high,null_dispatch,5,5,1,1,18,18,9.14,9.14,6.75,6.75,0
53,8x8,high,dispersed,4,low,baseline,4,4,0,0,18,18,7.24,7.24,4.0,4.0,0
53,8x8,high,dispersed,4,low,space_bits_only,4,4,0,0,18,18,7.24,7.24,4.0,4.0,0
53,8x8,high,dispersed,4,low,mask_only,4,4,0,0,18,4,7.24,4.72,4.0,4.0,0
53,8x8,high,dispersed,4,low,both,4,4,0,0,18,4,7.24,4.72,4.0,4.0,0
53,8x8,high,dispersed,4,low,null_dispatch,4,4,0,0,18,18,7.24,7.24,4.0,4.0,0
53,8x8,high,dispersed,4,high,baseline,6,6,2,2,18,18,11.04,11.04,9.5,9.5,0
53,8x8,high,dispersed,4,high,space_bits_only,6,6,2,0,18,18,11.04,9.24,9.5,6.0,1
53,8x8,high,dispersed,4,high,mask_only,6,6,2,2,18,4,11.04,8.52,9.5,9.5,0
53,8x8,high,dispersed,4,high,both,6,6,2,0,18,4,11.04,6.72,9.5,6.0,1
53,8x8,high,dispersed,4,high,null_dispatch,6,6,2,2,18,18,11.04,11.04,9.5,9.5,0
53,8x8,high,dispersed,8,low,baseline,7,7,0,0,18,18,10.24,10.24,7.0,7.0,0
53,8x8,high,dispersed,8,low,space_bits_only,7,7,0,0,18,18,10.24,10.24,7.0,7.0,0
53,8x8,high,dispersed,8,low,mask_only,7,7,0,0,18,8,10.24,8.44,7.0,7.0,0
53,8x8,high,dispersed,8,low,both,7,7,0,0,18,8,10.24,8.44,7.0,7.0,0
53,8x8,high,dispersed,8,low,null_dispatch,7,7,0,0,18,18,10.24,10.24,7.0,7.0,0
53,8x8,high,dispersed,8,high,baseline,5,5,1,1,18,18,9.14,9.14,6.75,6.75,0
53,8x8,high,dispersed,8,high,space_bits_only,5,5,1,0,18,18,9.14,8.24,6.75,5.0,1
53,8x8,high,dispersed,8,high,mask_only,5,5,1,1,18,8,9.14,7.34,6.75,6.75,0
53,8x8,high,dispersed,8,high,both,5,5,1,0,18,8,9.14,6.44,6.75,5.0,1
53,8x8,high,dispersed,8,high,null_dispatch,5,5,1,1,18,18,9.14,9.14,6.75,6.75,0
53,8x8,high,dispersed,12,low,baseline,5,5,1,1,18,18,9.14,9.14,6.75,6.75,0
53,8x8,high,dispersed,12,low,space_bits_only,5,5,1,0,18,18,9.14,8.24,6.75,5.0,1
53,8x8,high,dispersed,12,low,mask_only,5,5,1,1,18,12,9.14,8.06,6.75,6.75,0
53,8x8,high,dispersed,12,low,both,5,5,1,0,18,12,9.14,7.16,6.75,5.0,1
53,8x8,high,dispersed,12,low,null_dispatch,5,5,1,1,18,18,9.14,9.14,6.75,6.75,0
53,8x8,high,dispersed,12,high,baseline,6,6,1,1,18,18,10.14,10.14,7.75,7.75,0
53,8x8,high,dispersed,12,high,space_bits_only,6,6,1,0,18,18,10.14,9.24,7.75,6.0,1
53,8x8,high,dispersed,12,high,mask_only,6,6,1,1,18,12,10.14,9.06,7.75,7.75,0
53,8x8,high,dispersed,12,high,both,6,6,1,0,18,12,10.14,8.16,7.75,6.0,1
53,8x8,high,dispersed,12,high,null_dispatch,6,6,1,1,18,18,10.14,10.14,7.75,7.75,0
53,8x8,high,dispersed,18,low,baseline,3,3,0,0,18,18,6.24,6.24,3.0,3.0,0
53,8x8,high,dispersed,18,low,space_bits_only,3,3,0,0,18,18,6.24,6.24,3.0,3.0,0
53,8x8,high,dispersed,18,low,mask_only,3,3,0,0,18,18,6.24,6.24,3.0,3.0,0
53,8x8,high,dispersed,18,low,both,3,3,0,0,18,18,6.24,6.24,3.0,3.0,0
53,8x8,high,dispersed,18,low,null_dispatch,3,3,0,0,18,18,6.24,6.24,3.0,3.0,0
53,8x8,high,dispersed,18,high,baseline,5,5,4,4,18,18,11.84,11.84,12.0,12.0,0
53,8x8,high,dispersed,18,high,space_bits_only,5,5,4,0,18,18,11.84,8.24,12.0,5.0,1
53,8x8,high,dispersed,18,high,mask_only,5,5,4,4,18,18,11.84,11.84,12.0,12.0,0
53,8x8,high,dispersed,18,high,both,5,5,4,0,18,18,11.84,8.24,12.0,5.0,1
53,8x8,high,dispersed,18,high,null_dispatch,5,5,4,4,18,18,11.84,11.84,12.0,12.0,0
67,8x8,low,clustered,4,low,baseline,5,5,0,0,18,18,8.24,8.24,5.0,5.0,0
67,8x8,low,clustered,4,low,space_bits_only,5,5,0,0,18,18,8.24,8.24,5.0,5.0,0
67,8x8,low,clustered,4,low,mask_only,5,5,0,0,18,4,8.24,5.72,5.0,5.0,0
67,8x8,low,clustered,4,low,both,5,5,0,0,18,4,8.24,5.72,5.0,5.0,0
67,8x8,low,clustered,4,low,null_dispatch,5,5,0,0,18,18,8.24,8.24,5.0,5.0,0
67,8x8,low,clustered,4,high,baseline,2,2,0,0,18,18,5.24,5.24,2.0,2.0,0
67,8x8,low,clustered,4,high,space_bits_only,2,2,0,0,18,18,5.24,5.24,2.0,2.0,0
67,8x8,low,clustered,4,high,mask_only,2,2,0,0,18,4,5.24,2.72,2.0,2.0,0
67,8x8,low,clustered,4,high,both,2,2,0,0,18,4,5.24,2.72,2.0,2.0,0
67,8x8,low,clustered,4,high,null_dispatch,2,2,0,0,18,18,5.24,5.24,2.0,2.0,0
67,8x8,low,clustered,8,low,baseline,2,2,0,0,18,18,5.24,5.24,2.0,2.0,0
67,8x8,low,clustered,8,low,space_bits_only,2,2,0,0,18,18,5.24,5.24,2.0,2.0,0
67,8x8,low,clustered,8,low,mask_only,2,2,0,0,18,8,5.24,3.44,2.0,2.0,0
67,8x8,low,clustered,8,low,both,2,2,0,0,18,8,5.24,3.44,2.0,2.0,0
67,8x8,low,clustered,8,low,null_dispatch,2,2,0,0,18,18,5.24,5.24,2.0,2.0,0
67,8x8,low,clustered,8,high,baseline,6,6,0,0,18,18,9.24,9.24,6.0,6.0,0
67,8x8,low,clustered,8,high,space_bits_only,6,6,0,0,18,18,9.24,9.24,6.0,6.0,0
67,8x8,low,clustered,8,high,mask_only,6,6,0,0,18,8,9.24,7.44,6.0,6.0,0
67,8x8,low,clustered,8,high,both,6,6,0,0,18,8,9.24,7.44,6.0,6.0,0
67,8x8,low,clustered,8,high,null_dispatch,6,6,0,0,18,18,9.24,9.24,6.0,6.0,0
67,8x8,low,clustered,12,low,baseline,3,3,0,0,18,18,6.24,6.24,3.0,3.0,0
67,8x8,low,clustered,12,low,space_bits_only,3,3,0,0,18,18,6.24,6.24,3.0,3.0,0
67,8x8,low,clustered,12,low,mask_only,3,3,0,0,18,12,6.24,5.16,3.0,3.0,0
67,8x8,low,clustered,12,low,both,3,3,0,0,18,12,6.24,5.16,3.0,3.0,0
67,8x8,low,clustered,12,low,null_dispatch,3,3,0,0,18,18,6.24,6.24,3.0,3.0,0
67,8x8,low,clustered,12,high,baseline,4,4,0,0,18,18,7.24,7.24,4.0,4.0,0
67,8x8,low,clustered,12,high,space_bits_only,4,4,0,0,18,18,7.24,7.24,4.0,4.0,0
67,8x8,low,clustered,12,high,mask_only,4,4,0,0,18,12,7.24,6.16,4.0,4.0,0
67,8x8,low,clustered,12,high,both,4,4,0,0,18,12,7.24,6.16,4.0,4.0,0
67,8x8,low,clustered,12,high,null_dispatch,4,4,0,0,18,18,7.24,7.24,4.0,4.0,0
67,8x8,low,clustered,18,low,baseline,2,2,0,0,18,18,5.24,5.24,2.0,2.0,0
67,8x8,low,clustered,18,low,space_bits_only,2,2,0,0,18,18,5.24,5.24,2.0,2.0,0
67,8x8,low,clustered,18,low,mask_only,2,2,0,0,18,18,5.24,5.24,2.0,2.0,0
67,8x8,low,clustered,18,low,both,2,2,0,0,18,18,5.24,5.24,2.0,2.0,0
67,8x8,low,clustered,18,low,null_dispatch,2,2,0,0,18,18,5.24,5.24,2.0,2.0,0
67,8x8,low,clustered,18,high,baseline,6,6,1,1,18,18,10.14,10.14,7.75,7.75,0
67,8x8,low,clustered,18,high,space_bits_only,6,6,1,0,18,18,10.14,9.24,7.75,6.0,1
67,8x8,low,clustered,18,high,mask_only,6,6,1,1,18,18,10.14,10.14,7.75,7.75,0
67,8x8,low,clustered,18,high,both,6,6,1,0,18,18,10.14,9.24,7.75,6.0,1
67,8x8,low,clustered,18,high,null_dispatch,6,6,1,1,18,18,10.14,10.14,7.75,7.75,0
67,8x8,low,dispersed,4,low,baseline,4,4,0,0,18,18,7.24,7.24,4.0,4.0,0
67,8x8,low,dispersed,4,low,space_bits_only,4,4,0,0,18,18,7.24,7.24,4.0,4.0,0
67,8x8,low,dispersed,4,low,mask_only,4,4,0,0,18,4,7.24,4.72,4.0,4.0,0
67,8x8,low,dispersed,4,low,both,4,4,0,0,18,4,7.24,4.72,4.0,4.0,0
67,8x8,low,dispersed,4,low,null_dispatch,4,4,0,0,18,18,7.24,7.24,4.0,4.0,0
67,8x8,low,dispersed,4,high,baseline,4,4,0,0,18,18,7.24,7.24,4.0,4.0,0
67,8x8,low,dispersed,4,high,space_bits_only,4,4,0,0,18,18,7.24,7.24,4.0,4.0,0
67,8x8,low,dispersed,4,high,mask_only,4,4,0,0,18,4,7.24,4.72,4.0,4.0,0
67,8x8,low,dispersed,4,high,both,4,4,0,0,18,4,7.24,4.72,4.0,4.0,0
67,8x8,low,dispersed,4,high,null_dispatch,4,4,0,0,18,18,7.24,7.24,4.0,4.0,0
67,8x8,low,dispersed,8,low,baseline,4,4,0,0,18,18,7.24,7.24,4.0,4.0,0
67,8x8,low,dispersed,8,low,space_bits_only,4,4,0,0,18,18,7.24,7.24,4.0,4.0,0
67,8x8,low,dispersed,8,low,mask_only,4,4,0,0,18,8,7.24,5.44,4.0,4.0,0
67,8x8,low,dispersed,8,low,both,4,4,0,0,18,8,7.24,5.44,4.0,4.0,0
67,8x8,low,dispersed,8,low,null_dispatch,4,4,0,0,18,18,7.24,7.24,4.0,4.0,0
67,8x8,low,dispersed,8,high,baseline,6,6,0,0,18,18,9.24,9.24,6.0,6.0,0
67,8x8,low,dispersed,8,high,space_bits_only,6,6,0,0,18,18,9.24,9.24,6.0,6.0,0
67,8x8,low,dispersed,8,high,mask_only,6,6,0,0,18,8,9.24,7.44,6.0,6.0,0
67,8x8,low,dispersed,8,high,both,6,6,0,0,18,8,9.24,7.44,6.0,6.0,0
67,8x8,low,dispersed,8,high,null_dispatch,6,6,0,0,18,18,9.24,9.24,6.0,6.0,0
67,8x8,low,dispersed,12,low,baseline,7,7,0,0,18,18,10.24,10.24,7.0,7.0,0
67,8x8,low,dispersed,12,low,space_bits_only,7,7,0,0,18,18,10.24,10.24,7.0,7.0,0
67,8x8,low,dispersed,12,low,mask_only,7,7,0,0,18,12,10.24,9.16,7.0,7.0,0
67,8x8,low,dispersed,12,low,both,7,7,0,0,18,12,10.24,9.16,7.0,7.0,0
67,8x8,low,dispersed,12,low,null_dispatch,7,7,0,0,18,18,10.24,10.24,7.0,7.0,0
67,8x8,low,dispersed,12,high,baseline,3,3,0,0,18,18,6.24,6.24,3.0,3.0,0
67,8x8,low,dispersed,12,high,space_bits_only,3,3,0,0,18,18,6.24,6.24,3.0,3.0,0
67,8x8,low,dispersed,12,high,mask_only,3,3,0,0,18,12,6.24,5.16,3.0,3.0,0
67,8x8,low,dispersed,12,high,both,3,3,0,0,18,12,6.24,5.16,3.0,3.0,0
67,8x8,low,dispersed,12,high,null_dispatch,3,3,0,0,18,18,6.24,6.24,3.0,3.0,0
67,8x8,low,dispersed,18,low,baseline,8,8,0,0,18,18,11.24,11.24,8.0,8.0,0
67,8x8,low,dispersed,18,low,space_bits_only,8,8,0,0,18,18,11.24,11.24,8.0,8.0,0
67,8x8,low,dispersed,18,low,mask_only,8,8,0,0,18,18,11.24,11.24,8.0,8.0,0
67,8x8,low,dispersed,18,low,both,8,8,0,0,18,18,11.24,11.24,8.0,8.0,0
67,8x8,low,dispersed,18,low,null_dispatch,8,8,0,0,18,18,11.24,11.24,8.0,8.0,0
67,8x8,low,dispersed,18,high,baseline,6,6,0,0,18,18,9.24,9.24,6.0,6.0,0
67,8x8,low,dispersed,18,high,space_bits_only,6,6,0,0,18,18,9.24,9.24,6.0,6.0,0
67,8x8,low,dispersed,18,high,mask_only,6,6,0,0,18,18,9.24,9.24,6.0,6.0,0
67,8x8,low,dispersed,18,high,both,6,6,0,0,18,18,9.24,9.24,6.0,6.0,0
67,8x8,low,dispersed,18,high,null_dispatch,6,6,0,0,18,18,9.24,9.24,6.0,6.0,0
67,8x8,medium,clustered,4,low,baseline,5,5,1,1,18,18,9.14,9.14,6.75,6.75,0
67,8x8,medium,clustered,4,low,space_bits_only,5,5,1,1,18,18,9.14,9.14,6.75,6.75,0
67,8x8,medium,clustered,4,low,mask_only,5,5,1,1,18,4,9.14,6.62,6.75,6.75,0
67,8x8,medium,clustered,4,low,both,5,5,1,1,18,4,9.14,6.62,6.75,6.75,0
67,8x8,medium,clustered,4,low,null_dispatch,5,5,1,1,18,18,9.14,9.14,6.75,6.75,0
67,8x8,medium,clustered,4,high,baseline,6,6,0,0,18,18,9.24,9.24,6.0,6.0,0
67,8x8,medium,clustered,4,high,space_bits_only,6,6,0,0,18,18,9.24,9.24,6.0,6.0,0
67,8x8,medium,clustered,4,high,mask_only,6,6,0,0,18,4,9.24,6.72,6.0,6.0,0
67,8x8,medium,clustered,4,high,both,6,6,0,0,18,4,9.24,6.72,6.0,6.0,0
67,8x8,medium,clustered,4,high,null_dispatch,6,6,0,0,18,18,9.24,9.24,6.0,6.0,0
67,8x8,medium,clustered,8,low,baseline,2,2,0,0,18,18,5.24,5.24,2.0,2.0,0
67,8x8,medium,clustered,8,low,space_bits_only,2,2,0,0,18,18,5.24,5.24,2.0,2.0,0
67,8x8,medium,clustered,8,low,mask_only,2,2,0,0,18,8,5.24,3.44,2.0,2.0,0
67,8x8,medium,clustered,8,low,both,2,2,0,0,18,8,5.24,3.44,2.0,2.0,0
67,8x8,medium,clustered,8,low,null_dispatch,2,2,0,0,18,18,5.24,5.24,2.0,2.0,0
67,8x8,medium,clustered,8,high,baseline,5,5,0,0,18,18,8.24,8.24,5.0,5.0,0
67,8x8,medium,clustered,8,high,space_bits_only,5,5,0,0,18,18,8.24,8.24,5.0,5.0,0
67,8x8,medium,clustered,8,high,mask_only,5,5,0,0,18,8,8.24,6.44,5.0,5.0,0
67,8x8,medium,clustered,8,high,both,5,5,0,0,18,8,8.24,6.44,5.0,5.0,0
67,8x8,medium,clustered,8,high,null_dispatch,5,5,0,0,18,18,8.24,8.24,5.0,5.0,0
67,8x8,medium,clustered,12,low,baseline,6,6,0,0,18,18,9.24,9.24,6.0,6.0,0
67,8x8,medium,clustered,12,low,space_bits_only,6,6,0,0,18,18,9.24,9.24,6.0,6.0,0
67,8x8,medium,clustered,12,low,mask_only,6,6,0,0,18,12,9.24,8.16,6.0,6.0,0
67,8x8,medium,clustered,12,low,both,6,6,0,0,18,12,9.24,8.16,6.0,6.0,0
67,8x8,medium,clustered,12,low,null_dispatch,6,6,0,0,18,18,9.24,9.24,6.0,6.0,0
67,8x8,medium,clustered,12,high,baseline,3,3,0,0,18,18,6.24,6.24,3.0,3.0,0
67,8x8,medium,clustered,12,high,space_bits_only,3,3,0,0,18,18,6.24,6.24,3.0,3.0,0
67,8x8,medium,clustered,12,high,mask_only,3,3,0,0,18,12,6.24,5.16,3.0,3.0,0
67,8x8,medium,clustered,12,high,both,3,3,0,0,18,12,6.24,5.16,3.0,3.0,0
67,8x8,medium,clustered,12,high,null_dispatch,3,3,0,0,18,18,6.24,6.24,3.0,3.0,0
67,8x8,medium,clustered,18,low,baseline,6,6,0,0,18,18,9.24,9.24,6.0,6.0,0
67,8x8,medium,clustered,18,low,space_bits_only,6,6,0,0,18,18,9.24,9.24,6.0,6.0,0
67,8x8,medium,clustered,18,low,mask_only,6,6,0,0,18,18,9.24,9.24,6.0,6.0,0
67,8x8,medium,clustered,18,low,both,6,6,0,0,18,18,9.24,9.24,6.0,6.0,0
67,8x8,medium,clustered,18,low,null_dispatch,6,6,0,0,18,18,9.24,9.24,6.0,6.0,0
67,8x8,medium,clustered,18,high,baseline,5,5,0,0,18,18,8.24,8.24,5.0,5.0,0
67,8x8,medium,clustered,18,high,space_bits_only,5,5,0,0,18,18,8.24,8.24,5.0,5.0,0
67,8x8,medium,clustered,18,high,mask_only,5,5,0,0,18,18,8.24,8.24,5.0,5.0,0
67,8x8,medium,clustered,18,high,both,5,5,0,0,18,18,8.24,8.24,5.0,5.0,0
67,8x8,medium,clustered,18,high,null_dispatch,5,5,0,0,18,18,8.24,8.24,5.0,5.0,0
67,8x8,medium,dispersed,4,low,baseline,3,3,0,0,18,18,6.24,6.24,3.0,3.0,0
67,8x8,medium,dispersed,4,low,space_bits_only,3,3,0,0,18,18,6.24,6.24,3.0,3.0,0
67,8x8,medium,dispersed,4,low,mask_only,3,3,0,0,18,4,6.24,3.72,3.0,3.0,0
67,8x8,medium,dispersed,4,low,both,3,3,0,0,18,4,6.24,3.72,3.0,3.0,0
67,8x8,medium,dispersed,4,low,null_dispatch,3,3,0,0,18,18,6.24,6.24,3.0,3.0,0
67,8x8,medium,dispersed,4,high,baseline,5,5,0,0,18,18,8.24,8.24,5.0,5.0,0
67,8x8,medium,dispersed,4,high,space_bits_only,5,5,0,0,18,18,8.24,8.24,5.0,5.0,0
67,8x8,medium,dispersed,4,high,mask_only,5,5,0,0,18,4,8.24,5.72,5.0,5.0,0
67,8x8,medium,dispersed,4,high,both,5,5,0,0,18,4,8.24,5.72,5.0,5.0,0
67,8x8,medium,dispersed,4,high,null_dispatch,5,5,0,0,18,18,8.24,8.24,5.0,5.0,0
67,8x8,medium,dispersed,8,low,baseline,4,4,0,0,18,18,7.24,7.24,4.0,4.0,0
67,8x8,medium,dispersed,8,low,space_bits_only,4,4,0,0,18,18,7.24,7.24,4.0,4.0,0
67,8x8,medium,dispersed,8,low,mask_only,4,4,0,0,18,8,7.24,5.44,4.0,4.0,0
67,8x8,medium,dispersed,8,low,both,4,4,0,0,18,8,7.24,5.44,4.0,4.0,0
67,8x8,medium,dispersed,8,low,null_dispatch,4,4,0,0,18,18,7.24,7.24,4.0,4.0,0
67,8x8,medium,dispersed,8,high,baseline,4,4,0,0,18,18,7.24,7.24,4.0,4.0,0
67,8x8,medium,dispersed,8,high,space_bits_only,4,4,0,0,18,18,7.24,7.24,4.0,4.0,0
67,8x8,medium,dispersed,8,high,mask_only,4,4,0,0,18,8,7.24,5.44,4.0,4.0,0
67,8x8,medium,dispersed,8,high,both,4,4,0,0,18,8,7.24,5.44,4.0,4.0,0
67,8x8,medium,dispersed,8,high,null_dispatch,4,4,0,0,18,18,7.24,7.24,4.0,4.0,0
67,8x8,medium,dispersed,12,low,baseline,4,4,0,0,18,18,7.24,7.24,4.0,4.0,0
67,8x8,medium,dispersed,12,low,space_bits_only,4,4,0,0,18,18,7.24,7.24,4.0,4.0,0
67,8x8,medium,dispersed,12,low,mask_only,4,4,0,0,18,12,7.24,6.16,4.0,4.0,0
67,8x8,medium,dispersed,12,low,both,4,4,0,0,18,12,7.24,6.16,4.0,4.0,0
67,8x8,medium,dispersed,12,low,null_dispatch,4,4,0,0,18,18,7.24,7.24,4.0,4.0,0
67,8x8,medium,dispersed,12,high,baseline,4,4,0,0,18,18,7.24,7.24,4.0,4.0,0
67,8x8,medium,dispersed,12,high,space_bits_only,4,4,0,0,18,18,7.24,7.24,4.0,4.0,0
67,8x8,medium,dispersed,12,high,mask_only,4,4,0,0,18,12,7.24,6.16,4.0,4.0,0
67,8x8,medium,dispersed,12,high,both,4,4,0,0,18,12,7.24,6.16,4.0,4.0,0
67,8x8,medium,dispersed,12,high,null_dispatch,4,4,0,0,18,18,7.24,7.24,4.0,4.0,0
67,8x8,medium,dispersed,18,low,baseline,2,2,1,1,18,18,6.14,6.14,3.75,3.75,0
67,8x8,medium,dispersed,18,low,space_bits_only,2,2,1,0,18,18,6.14,5.24,3.75,2.0,1
67,8x8,medium,dispersed,18,low,mask_only,2,2,1,1,18,18,6.14,6.14,3.75,3.75,0
67,8x8,medium,dispersed,18,low,both,2,2,1,0,18,18,6.14,5.24,3.75,2.0,1
67,8x8,medium,dispersed,18,low,null_dispatch,2,2,1,1,18,18,6.14,6.14,3.75,3.75,0
67,8x8,medium,dispersed,18,high,baseline,4,4,0,0,18,18,7.24,7.24,4.0,4.0,0
67,8x8,medium,dispersed,18,high,space_bits_only,4,4,0,0,18,18,7.24,7.24,4.0,4.0,0
67,8x8,medium,dispersed,18,high,mask_only,4,4,0,0,18,18,7.24,7.24,4.0,4.0,0
67,8x8,medium,dispersed,18,high,both,4,4,0,0,18,18,7.24,7.24,4.0,4.0,0
67,8x8,medium,dispersed,18,high,null_dispatch,4,4,0,0,18,18,7.24,7.24,4.0,4.0,0
67,8x8,high,clustered,4,low,baseline,4,4,0,0,18,18,7.24,7.24,4.0,4.0,0
67,8x8,high,clustered,4,low,space_bits_only,4,4,0,0,18,18,7.24,7.24,4.0,4.0,0
67,8x8,high,clustered,4,low,mask_only,4,4,0,0,18,4,7.24,4.72,4.0,4.0,0
67,8x8,high,clustered,4,low,both,4,4,0,0,18,4,7.24,4.72,4.0,4.0,0
67,8x8,high,clustered,4,low,null_dispatch,4,4,0,0,18,18,7.24,7.24,4.0,4.0,0
67,8x8,high,clustered,4,high,baseline,4,4,0,0,18,18,7.24,7.24,4.0,4.0,0
67,8x8,high,clustered,4,high,space_bits_only,4,4,0,0,18,18,7.24,7.24,4.0,4.0,0
67,8x8,high,clustered,4,high,mask_only,4,4,0,0,18,4,7.24,4.72,4.0,4.0,0
67,8x8,high,clustered,4,high,both,4,4,0,0,18,4,7.24,4.72,4.0,4.0,0
67,8x8,high,clustered,4,high,null_dispatch,4,4,0,0,18,18,7.24,7.24,4.0,4.0,0
67,8x8,high,clustered,8,low,baseline,4,4,0,0,18,18,7.24,7.24,4.0,4.0,0
67,8x8,high,clustered,8,low,space_bits_only,4,4,0,0,18,18,7.24,7.24,4.0,4.0,0
67,8x8,high,clustered,8,low,mask_only,4,4,0,0,18,8,7.24,5.44,4.0,4.0,0
67,8x8,high,clustered,8,low,both,4,4,0,0,18,8,7.24,5.44,4.0,4.0,0
67,8x8,high,clustered,8,low,null_dispatch,4,4,0,0,18,18,7.24,7.24,4.0,4.0,0
67,8x8,high,clustered,8,high,baseline,4,4,0,0,18,18,7.24,7.24,4.0,4.0,0
67,8x8,high,clustered,8,high,space_bits_only,4,4,0,0,18,18,7.24,7.24,4.0,4.0,0
67,8x8,high,clustered,8,high,mask_only,4,4,0,0,18,8,7.24,5.44,4.0,4.0,0
67,8x8,high,clustered,8,high,both,4,4,0,0,18,8,7.24,5.44,4.0,4.0,0
67,8x8,high,clustered,8,high,null_dispatch,4,4,0,0,18,18,7.24,7.24,4.0,4.0,0
67,8x8,high,clustered,12,low,baseline,6,6,0,0,18,18,9.24,9.24,6.0,6.0,0
67,8x8,high,clustered,12,low,space_bits_only,6,6,0,0,18,18,9.24,9.24,6.0,6.0,0
67,8x8,high,clustered,12,low,mask_only,6,6,0,0,18,12,9.24,8.16,6.0,6.0,0
67,8x8,high,clustered,12,low,both,6,6,0,0,18,12,9.24,8.16,6.0,6.0,0
67,8x8,high,clustered,12,low,null_dispatch,6,6,0,0,18,18,9.24,9.24,6.0,6.0,0
67,8x8,high,clustered,12,high,baseline,3,3,0,0,18,18,6.24,6.24,3.0,3.0,0
67,8x8,high,clustered,12,high,space_bits_only,3,3,0,0,18,18,6.24,6.24,3.0,3.0,0
67,8x8,high,clustered,12,high,mask_only,3,3,0,0,18,12,6.24,5.16,3.0,3.0,0
67,8x8,high,clustered,12,high,both,3,3,0,0,18,12,6.24,5.16,3.0,3.0,0
67,8x8,high,clustered,12,high,null_dispatch,3,3,0,0,18,18,6.24,6.24,3.0,3.0,0
67,8x8,high,clustered,18,low,baseline,2,2,0,0,18,18,5.24,5.24,2.0,2.0,0
67,8x8,high,clustered,18,low,space_bits_only,2,2,0,0,18,18,5.24,5.24,2.0,2.0,0
67,8x8,high,clustered,18,low,mask_only,2,2,0,0,18,18,5.24,5.24,2.0,2.0,0
67,8x8,high,clustered,18,low,both,2,2,0,0,18,18,5.24,5.24,2.0,2.0,0
67,8x8,high,clustered,18,low,null_dispatch,2,2,0,0,18,18,5.24,5.24,2.0,2.0,0
67,8x8,high,clustered,18,high,baseline,6,6,1,1,18,18,10.14,10.14,7.75,7.75,0
67,8x8,high,clustered,18,high,space_bits_only,6,8,1,0,18,18,10.14,11.24,7.75,8.0,1
67,8x8,high,clustered,18,high,mask_only,6,6,1,1,18,18,10.14,10.14,7.75,7.75,0
67,8x8,high,clustered,18,high,both,6,8,1,0,18,18,10.14,11.24,7.75,8.0,1
67,8x8,high,clustered,18,high,null_dispatch,6,6,1,1,18,18,10.14,10.14,7.75,7.75,0
67,8x8,high,dispersed,4,low,baseline,3,3,0,0,18,18,6.24,6.24,3.0,3.0,0
67,8x8,high,dispersed,4,low,space_bits_only,3,3,0,0,18,18,6.24,6.24,3.0,3.0,0
67,8x8,high,dispersed,4,low,mask_only,3,3,0,0,18,4,6.24,3.72,3.0,3.0,0
67,8x8,high,dispersed,4,low,both,3,3,0,0,18,4,6.24,3.72,3.0,3.0,0
67,8x8,high,dispersed,4,low,null_dispatch,3,3,0,0,18,18,6.24,6.24,3.0,3.0,0
67,8x8,high,dispersed,4,high,baseline,6,6,0,0,18,18,9.24,9.24,6.0,6.0,0
67,8x8,high,dispersed,4,high,space_bits_only,6,6,0,0,18,18,9.24,9.24,6.0,6.0,0
67,8x8,high,dispersed,4,high,mask_only,6,6,0,0,18,4,9.24,6.72,6.0,6.0,0
67,8x8,high,dispersed,4,high,both,6,6,0,0,18,4,9.24,6.72,6.0,6.0,0
67,8x8,high,dispersed,4,high,null_dispatch,6,6,0,0,18,18,9.24,9.24,6.0,6.0,0
67,8x8,high,dispersed,8,low,baseline,6,6,0,0,18,18,9.24,9.24,6.0,6.0,0
67,8x8,high,dispersed,8,low,space_bits_only,6,6,0,0,18,18,9.24,9.24,6.0,6.0,0
67,8x8,high,dispersed,8,low,mask_only,6,6,0,0,18,8,9.24,7.44,6.0,6.0,0
67,8x8,high,dispersed,8,low,both,6,6,0,0,18,8,9.24,7.44,6.0,6.0,0
67,8x8,high,dispersed,8,low,null_dispatch,6,6,0,0,18,18,9.24,9.24,6.0,6.0,0
67,8x8,high,dispersed,8,high,baseline,7,7,2,2,18,18,12.04,12.04,10.5,10.5,0
67,8x8,high,dispersed,8,high,space_bits_only,7,7,2,1,18,18,12.04,11.14,10.5,8.75,1
67,8x8,high,dispersed,8,high,mask_only,7,7,2,2,18,8,12.04,10.24,10.5,10.5,0
67,8x8,high,dispersed,8,high,both,7,7,2,1,18,8,12.04,9.34,10.5,8.75,1
67,8x8,high,dispersed,8,high,null_dispatch,7,7,2,2,18,18,12.04,12.04,10.5,10.5,0
67,8x8,high,dispersed,12,low,baseline,7,7,3,3,18,18,12.94,12.94,12.25,12.25,0
67,8x8,high,dispersed,12,low,space_bits_only,7,7,3,0,18,18,12.94,10.24,12.25,7.0,1
67,8x8,high,dispersed,12,low,mask_only,7,7,3,3,18,12,12.94,11.86,12.25,12.25,0
67,8x8,high,dispersed,12,low,both,7,7,3,0,18,12,12.94,9.16,12.25,7.0,1
67,8x8,high,dispersed,12,low,null_dispatch,7,7,3,3,18,18,12.94,12.94,12.25,12.25,0
67,8x8,high,dispersed,12,high,baseline,7,7,1,1,18,18,11.14,11.14,8.75,8.75,0
67,8x8,high,dispersed,12,high,space_bits_only,7,7,1,1,18,18,11.14,11.14,8.75,8.75,0
67,8x8,high,dispersed,12,high,mask_only,7,7,1,1,18,12,11.14,10.06,8.75,8.75,0
67,8x8,high,dispersed,12,high,both,7,7,1,1,18,12,11.14,10.06,8.75,8.75,0
67,8x8,high,dispersed,12,high,null_dispatch,7,7,1,1,18,18,11.14,11.14,8.75,8.75,0
67,8x8,high,dispersed,18,low,baseline,4,4,2,2,18,18,9.04,9.04,7.5,7.5,0
67,8x8,high,dispersed,18,low,space_bits_only,4,4,2,0,18,18,9.04,7.24,7.5,4.0,1
67,8x8,high,dispersed,18,low,mask_only,4,4,2,2,18,18,9.04,9.04,7.5,7.5,0
67,8x8,high,dispersed,18,low,both,4,4,2,0,18,18,9.04,7.24,7.5,4.0,1
67,8x8,high,dispersed,18,low,null_dispatch,4,4,2,2,18,18,9.04,9.04,7.5,7.5,0
67,8x8,high,dispersed,18,high,baseline,7,7,2,2,18,18,12.04,12.04,10.5,10.5,0
67,8x8,high,dispersed,18,high,space_bits_only,7,7,2,0,18,18,12.04,10.24,10.5,7.0,1
67,8x8,high,dispersed,18,high,mask_only,7,7,2,2,18,18,12.04,12.04,10.5,10.5,0
67,8x8,high,dispersed,18,high,both,7,7,2,0,18,18,12.04,10.24,10.5,7.0,1
67,8x8,high,dispersed,18,high,null_dispatch,7,7,2,2,18,18,12.04,12.04,10.5,10.5,0
79,8x8,low,clustered,4,low,baseline,3,3,1,1,18,18,7.14,7.14,4.75,4.75,0
79,8x8,low,clustered,4,low,space_bits_only,3,3,1,1,18,18,7.14,7.14,4.75,4.75,0
79,8x8,low,clustered,4,low,mask_only,3,3,1,1,18,4,7.14,4.62,4.75,4.75,0
79,8x8,low,clustered,4,low,both,3,3,1,1,18,4,7.14,4.62,4.75,4.75,0
79,8x8,low,clustered,4,low,null_dispatch,3,3,1,1,18,18,7.14,7.14,4.75,4.75,0
79,8x8,low,clustered,4,high,baseline,6,6,0,0,18,18,9.24,9.24,6.0,6.0,0
79,8x8,low,clustered,4,high,space_bits_only,6,6,0,0,18,18,9.24,9.24,6.0,6.0,0
79,8x8,low,clustered,4,high,mask_only,6,6,0,0,18,4,9.24,6.72,6.0,6.0,0
79,8x8,low,clustered,4,high,both,6,6,0,0,18,4,9.24,6.72,6.0,6.0,0
79,8x8,low,clustered,4,high,null_dispatch,6,6,0,0,18,18,9.24,9.24,6.0,6.0,0
79,8x8,low,clustered,8,low,baseline,5,5,1,1,18,18,9.14,9.14,6.75,6.75,0
79,8x8,low,clustered,8,low,space_bits_only,5,5,1,0,18,18,9.14,8.24,6.75,5.0,1
79,8x8,low,clustered,8,low,mask_only,5,5,1,1,18,8,9.14,7.34,6.75,6.75,0
79,8x8,low,clustered,8,low,both,5,5,1,0,18,8,9.14,6.44,6.75,5.0,1
79,8x8,low,clustered,8,low,null_dispatch,5,5,1,1,18,18,9.14,9.14,6.75,6.75,0
79,8x8,low,clustered,8,high,baseline,3,3,0,0,18,18,6.24,6.24,3.0,3.0,0
79,8x8,low,clustered,8,high,space_bits_only,3,3,0,0,18,18,6.24,6.24,3.0,3.0,0
79,8x8,low,clustered,8,high,mask_only,3,3,0,0,18,8,6.24,4.44,3.0,3.0,0
79,8x8,low,clustered,8,high,both,3,3,0,0,18,8,6.24,4.44,3.0,3.0,0
79,8x8,low,clustered,8,high,null_dispatch,3,3,0,0,18,18,6.24,6.24,3.0,3.0,0
79,8x8,low,clustered,12,low,baseline,3,3,0,0,18,18,6.24,6.24,3.0,3.0,0
79,8x8,low,clustered,12,low,space_bits_only,3,3,0,0,18,18,6.24,6.24,3.0,3.0,0
79,8x8,low,clustered,12,low,mask_only,3,3,0,0,18,12,6.24,5.16,3.0,3.0,0
79,8x8,low,clustered,12,low,both,3,3,0,0,18,12,6.24,5.16,3.0,3.0,0
79,8x8,low,clustered,12,low,null_dispatch,3,3,0,0,18,18,6.24,6.24,3.0,3.0,0
79,8x8,low,clustered,12,high,baseline,5,5,1,1,18,18,9.14,9.14,6.75,6.75,0
79,8x8,low,clustered,12,high,space_bits_only,5,5,1,1,18,18,9.14,9.14,6.75,6.75,0
79,8x8,low,clustered,12,high,mask_only,5,5,1,1,18,12,9.14,8.06,6.75,6.75,0
79,8x8,low,clustered,12,high,both,5,5,1,1,18,12,9.14,8.06,6.75,6.75,0
79,8x8,low,clustered,12,high,null_dispatch,5,5,1,1,18,18,9.14,9.14,6.75,6.75,0
79,8x8,low,clustered,18,low,baseline,5,5,0,0,18,18,8.24,8.24,5.0,5.0,0
79,8x8,low,clustered,18,low,space_bits_only,5,5,0,0,18,18,8.24,8.24,5.0,5.0,0
79,8x8,low,clustered,18,low,mask_only,5,5,0,0,18,18,8.24,8.24,5.0,5.0,0
79,8x8,low,clustered,18,low,both,5,5,0,0,18,18,8.24,8.24,5.0,5.0,0
79,8x8,low,clustered,18,low,null_dispatch,5,5,0,0,18,18,8.24,8.24,5.0,5.0,0
79,8x8,low,clustered,18,high,baseline,6,6,0,0,18,18,9.24,9.24,6.0,6.0,0
79,8x8,low,clustered,18,high,space_bits_only,6,6,0,0,18,18,9.24,9.24,6.0,6.0,0
79,8x8,low,clustered,18,high,mask_only,6,6,0,0,18,18,9.24,9.24,6.0,6.0,0
79,8x8,low,clustered,18,high,both,6,6,0,0,18,18,9.24,9.24,6.0,6.0,0
79,8x8,low,clustered,18,high,null_dispatch,6,6,0,0,18,18,9.24,9.24,6.0,6.0,0
79,8x8,low,dispersed,4,low,baseline,3,3,0,0,18,18,6.24,6.24,3.0,3.0,0
79,8x8,low,dispersed,4,low,space_bits_only,3,3,0,0,18,18,6.24,6.24,3.0,3.0,0
79,8x8,low,dispersed,4,low,mask_only,3,3,0,0,18,4,6.24,3.72,3.0,3.0,0
79,8x8,low,dispersed,4,low,both,3,3,0,0,18,4,6.24,3.72,3.0,3.0,0
79,8x8,low,dispersed,4,low,null_dispatch,3,3,0,0,18,18,6.24,6.24,3.0,3.0,0
79,8x8,low,dispersed,4,high,baseline,7,7,0,0,18,18,10.24,10.24,7.0,7.0,0
79,8x8,low,dispersed,4,high,space_bits_only,7,7,0,0,18,18,10.24,10.24,7.0,7.0,0
79,8x8,low,dispersed,4,high,mask_only,7,7,0,0,18,4,10.24,7.72,7.0,7.0,0
79,8x8,low,dispersed,4,high,both,7,7,0,0,18,4,10.24,7.72,7.0,7.0,0
79,8x8,low,dispersed,4,high,null_dispatch,7,7,0,0,18,18,10.24,10.24,7.0,7.0,0
79,8x8,low,dispersed,8,low,baseline,4,4,0,0,18,18,7.24,7.24,4.0,4.0,0
79,8x8,low,dispersed,8,low,space_bits_only,4,4,0,0,18,18,7.24,7.24,4.0,4.0,0
79,8x8,low,dispersed,8,low,mask_only,4,4,0,0,18,8,7.24,5.44,4.0,4.0,0
79,8x8,low,dispersed,8,low,both,4,4,0,0,18,8,7.24,5.44,4.0,4.0,0
79,8x8,low,dispersed,8,low,null_dispatch,4,4,0,0,18,18,7.24,7.24,4.0,4.0,0
79,8x8,low,dispersed,8,high,baseline,5,5,0,0,18,18,8.24,8.24,5.0,5.0,0
79,8x8,low,dispersed,8,high,space_bits_only,5,5,0,0,18,18,8.24,8.24,5.0,5.0,0
79,8x8,low,dispersed,8,high,mask_only,5,5,0,0,18,8,8.24,6.44,5.0,5.0,0
79,8x8,low,dispersed,8,high,both,5,5,0,0,18,8,8.24,6.44,5.0,5.0,0
79,8x8,low,dispersed,8,high,null_dispatch,5,5,0,0,18,18,8.24,8.24,5.0,5.0,0
79,8x8,low,dispersed,12,low,baseline,7,7,0,0,18,18,10.24,10.24,7.0,7.0,0
79,8x8,low,dispersed,12,low,space_bits_only,7,7,0,0,18,18,10.24,10.24,7.0,7.0,0
79,8x8,low,dispersed,12,low,mask_only,7,7,0,0,18,12,10.24,9.16,7.0,7.0,0
79,8x8,low,dispersed,12,low,both,7,7,0,0,18,12,10.24,9.16,7.0,7.0,0
79,8x8,low,dispersed,12,low,null_dispatch,7,7,0,0,18,18,10.24,10.24,7.0,7.0,0
79,8x8,low,dispersed,12,high,baseline,4,4,0,0,18,18,7.24,7.24,4.0,4.0,0
79,8x8,low,dispersed,12,high,space_bits_only,4,4,0,0,18,18,7.24,7.24,4.0,4.0,0
79,8x8,low,dispersed,12,high,mask_only,4,4,0,0,18,12,7.24,6.16,4.0,4.0,0
79,8x8,low,dispersed,12,high,both,4,4,0,0,18,12,7.24,6.16,4.0,4.0,0
79,8x8,low,dispersed,12,high,null_dispatch,4,4,0,0,18,18,7.24,7.24,4.0,4.0,0
79,8x8,low,dispersed,18,low,baseline,7,7,1,1,18,18,11.14,11.14,8.75,8.75,0
79,8x8,low,dispersed,18,low,space_bits_only,7,7,1,1,18,18,11.14,11.14,8.75,8.75,0
79,8x8,low,dispersed,18,low,mask_only,7,7,1,1,18,18,11.14,11.14,8.75,8.75,0
79,8x8,low,dispersed,18,low,both,7,7,1,1,18,18,11.14,11.14,8.75,8.75,0
79,8x8,low,dispersed,18,low,null_dispatch,7,7,1,1,18,18,11.14,11.14,8.75,8.75,0
79,8x8,low,dispersed,18,high,baseline,7,7,0,0,18,18,10.24,10.24,7.0,7.0,0
79,8x8,low,dispersed,18,high,space_bits_only,7,7,0,0,18,18,10.24,10.24,7.0,7.0,0
79,8x8,low,dispersed,18,high,mask_only,7,7,0,0,18,18,10.24,10.24,7.0,7.0,0
79,8x8,low,dispersed,18,high,both,7,7,0,0,18,18,10.24,10.24,7.0,7.0,0
79,8x8,low,dispersed,18,high,null_dispatch,7,7,0,0,18,18,10.24,10.24,7.0,7.0,0
79,8x8,medium,clustered,4,low,baseline,4,4,0,0,18,18,7.24,7.24,4.0,4.0,0
79,8x8,medium,clustered,4,low,space_bits_only,4,4,0,0,18,18,7.24,7.24,4.0,4.0,0
79,8x8,medium,clustered,4,low,mask_only,4,4,0,0,18,4,7.24,4.72,4.0,4.0,0
79,8x8,medium,clustered,4,low,both,4,4,0,0,18,4,7.24,4.72,4.0,4.0,0
79,8x8,medium,clustered,4,low,null_dispatch,4,4,0,0,18,18,7.24,7.24,4.0,4.0,0
79,8x8,medium,clustered,4,high,baseline,4,4,0,0,18,18,7.24,7.24,4.0,4.0,0
79,8x8,medium,clustered,4,high,space_bits_only,4,4,0,0,18,18,7.24,7.24,4.0,4.0,0
79,8x8,medium,clustered,4,high,mask_only,4,4,0,0,18,4,7.24,4.72,4.0,4.0,0
79,8x8,medium,clustered,4,high,both,4,4,0,0,18,4,7.24,4.72,4.0,4.0,0
79,8x8,medium,clustered,4,high,null_dispatch,4,4,0,0,18,18,7.24,7.24,4.0,4.0,0
79,8x8,medium,clustered,8,low,baseline,5,5,0,0,18,18,8.24,8.24,5.0,5.0,0
79,8x8,medium,clustered,8,low,space_bits_only,5,5,0,0,18,18,8.24,8.24,5.0,5.0,0
79,8x8,medium,clustered,8,low,mask_only,5,5,0,0,18,8,8.24,6.44,5.0,5.0,0
79,8x8,medium,clustered,8,low,both,5,5,0,0,18,8,8.24,6.44,5.0,5.0,0
79,8x8,medium,clustered,8,low,null_dispatch,5,5,0,0,18,18,8.24,8.24,5.0,5.0,0
79,8x8,medium,clustered,8,high,baseline,5,5,1,1,18,18,9.14,9.14,6.75,6.75,0
79,8x8,medium,clustered,8,high,space_bits_only,5,5,1,0,18,18,9.14,8.24,6.75,5.0,1
79,8x8,medium,clustered,8,high,mask_only,5,5,1,1,18,8,9.14,7.34,6.75,6.75,0
79,8x8,medium,clustered,8,high,both,5,5,1,0,18,8,9.14,6.44,6.75,5.0,1
79,8x8,medium,clustered,8,high,null_dispatch,5,5,1,1,18,18,9.14,9.14,6.75,6.75,0
79,8x8,medium,clustered,12,low,baseline,6,6,0,0,18,18,9.24,9.24,6.0,6.0,0
79,8x8,medium,clustered,12,low,space_bits_only,6,6,0,0,18,18,9.24,9.24,6.0,6.0,0
79,8x8,medium,clustered,12,low,mask_only,6,6,0,0,18,12,9.24,8.16,6.0,6.0,0
79,8x8,medium,clustered,12,low,both,6,6,0,0,18,12,9.24,8.16,6.0,6.0,0
79,8x8,medium,clustered,12,low,null_dispatch,6,6,0,0,18,18,9.24,9.24,6.0,6.0,0
79,8x8,medium,clustered,12,high,baseline,3,3,0,0,18,18,6.24,6.24,3.0,3.0,0
79,8x8,medium,clustered,12,high,space_bits_only,3,3,0,0,18,18,6.24,6.24,3.0,3.0,0
79,8x8,medium,clustered,12,high,mask_only,3,3,0,0,18,12,6.24,5.16,3.0,3.0,0
79,8x8,medium,clustered,12,high,both,3,3,0,0,18,12,6.24,5.16,3.0,3.0,0
79,8x8,medium,clustered,12,high,null_dispatch,3,3,0,0,18,18,6.24,6.24,3.0,3.0,0
79,8x8,medium,clustered,18,low,baseline,4,4,1,1,18,18,8.14,8.14,5.75,5.75,0
79,8x8,medium,clustered,18,low,space_bits_only,4,4,1,1,18,18,8.14,8.14,5.75,5.75,0
79,8x8,medium,clustered,18,low,mask_only,4,4,1,1,18,18,8.14,8.14,5.75,5.75,0
79,8x8,medium,clustered,18,low,both,4,4,1,1,18,18,8.14,8.14,5.75,5.75,0
79,8x8,medium,clustered,18,low,null_dispatch,4,4,1,1,18,18,8.14,8.14,5.75,5.75,0
79,8x8,medium,clustered,18,high,baseline,2,2,0,0,18,18,5.24,5.24,2.0,2.0,0
79,8x8,medium,clustered,18,high,space_bits_only,2,2,0,0,18,18,5.24,5.24,2.0,2.0,0
79,8x8,medium,clustered,18,high,mask_only,2,2,0,0,18,18,5.24,5.24,2.0,2.0,0
79,8x8,medium,clustered,18,high,both,2,2,0,0,18,18,5.24,5.24,2.0,2.0,0
79,8x8,medium,clustered,18,high,null_dispatch,2,2,0,0,18,18,5.24,5.24,2.0,2.0,0
79,8x8,medium,dispersed,4,low,baseline,7,7,0,0,18,18,10.24,10.24,7.0,7.0,0
79,8x8,medium,dispersed,4,low,space_bits_only,7,7,0,0,18,18,10.24,10.24,7.0,7.0,0
79,8x8,medium,dispersed,4,low,mask_only,7,7,0,0,18,4,10.24,7.72,7.0,7.0,0
79,8x8,medium,dispersed,4,low,both,7,7,0,0,18,4,10.24,7.72,7.0,7.0,0
79,8x8,medium,dispersed,4,low,null_dispatch,7,7,0,0,18,18,10.24,10.24,7.0,7.0,0
79,8x8,medium,dispersed,4,high,baseline,3,3,0,0,18,18,6.24,6.24,3.0,3.0,0
79,8x8,medium,dispersed,4,high,space_bits_only,3,3,0,0,18,18,6.24,6.24,3.0,3.0,0
79,8x8,medium,dispersed,4,high,mask_only,3,3,0,0,18,4,6.24,3.72,3.0,3.0,0
79,8x8,medium,dispersed,4,high,both,3,3,0,0,18,4,6.24,3.72,3.0,3.0,0
79,8x8,medium,dispersed,4,high,null_dispatch,3,3,0,0,18,18,6.24,6.24,3.0,3.0,0
79,8x8,medium,dispersed,8,low,baseline,5,5,0,0,18,18,8.24,8.24,5.0,5.0,0
79,8x8,medium,dispersed,8,low,space_bits_only,5,5,0,0,18,18,8.24,8.24,5.0,5.0,0
79,8x8,medium,dispersed,8,low,mask_only,5,5,0,0,18,8,8.24,6.44,5.0,5.0,0
79,8x8,medium,dispersed,8,low,both,5,5,0,0,18,8,8.24,6.44,5.0,5.0,0
79,8x8,medium,dispersed,8,low,null_dispatch,5,5,0,0,18,18,8.24,8.24,5.0,5.0,0
79,8x8,medium,dispersed,8,high,baseline,4,4,0,0,18,18,7.24,7.24,4.0,4.0,0
79,8x8,medium,dispersed,8,high,space_bits_only,4,4,0,0,18,18,7.24,7.24,4.0,4.0,0
79,8x8,medium,dispersed,8,high,mask_only,4,4,0,0,18,8,7.24,5.44,4.0,4.0,0
79,8x8,medium,dispersed,8,high,both,4,4,0,0,18,8,7.24,5.44,4.0,4.0,0
79,8x8,medium,dispersed,8,high,null_dispatch,4,4,0,0,18,18,7.24,7.24,4.0,4.0,0
79,8x8,medium,dispersed,12,low,baseline,7,7,1,1,18,18,11.14,11.14,8.75,8.75,0
79,8x8,medium,dispersed,12,low,space_bits_only,7,7,1,1,18,18,11.14,11.14,8.75,8.75,0
79,8x8,medium,dispersed,12,low,mask_only,7,7,1,1,18,12,11.14,10.06,8.75,8.75,0
79,8x8,medium,dispersed,12,low,both,7,7,1,1,18,12,11.14,10.06,8.75,8.75,0
79,8x8,medium,dispersed,12,low,null_dispatch,7,7,1,1,18,18,11.14,11.14,8.75,8.75,0
79,8x8,medium,dispersed,12,high,baseline,4,4,0,0,18,18,7.24,7.24,4.0,4.0,0
79,8x8,medium,dispersed,12,high,space_bits_only,4,4,0,0,18,18,7.24,7.24,4.0,4.0,0
79,8x8,medium,dispersed,12,high,mask_only,4,4,0,0,18,12,7.24,6.16,4.0,4.0,0
79,8x8,medium,dispersed,12,high,both,4,4,0,0,18,12,7.24,6.16,4.0,4.0,0
79,8x8,medium,dispersed,12,high,null_dispatch,4,4,0,0,18,18,7.24,7.24,4.0,4.0,0
79,8x8,medium,dispersed,18,low,baseline,6,6,0,0,18,18,9.24,9.24,6.0,6.0,0
79,8x8,medium,dispersed,18,low,space_bits_only,6,6,0,0,18,18,9.24,9.24,6.0,6.0,0
79,8x8,medium,dispersed,18,low,mask_only,6,6,0,0,18,18,9.24,9.24,6.0,6.0,0
79,8x8,medium,dispersed,18,low,both,6,6,0,0,18,18,9.24,9.24,6.0,6.0,0
79,8x8,medium,dispersed,18,low,null_dispatch,6,6,0,0,18,18,9.24,9.24,6.0,6.0,0
79,8x8,medium,dispersed,18,high,baseline,3,3,0,0,18,18,6.24,6.24,3.0,3.0,0
79,8x8,medium,dispersed,18,high,space_bits_only,3,3,0,0,18,18,6.24,6.24,3.0,3.0,0
79,8x8,medium,dispersed,18,high,mask_only,3,3,0,0,18,18,6.24,6.24,3.0,3.0,0
79,8x8,medium,dispersed,18,high,both,3,3,0,0,18,18,6.24,6.24,3.0,3.0,0
79,8x8,medium,dispersed,18,high,null_dispatch,3,3,0,0,18,18,6.24,6.24,3.0,3.0,0
79,8x8,high,clustered,4,low,baseline,5,5,1,1,18,18,9.14,9.14,6.75,6.75,0
79,8x8,high,clustered,4,low,space_bits_only,5,5,1,1,18,18,9.14,9.14,6.75,6.75,0
79,8x8,high,clustered,4,low,mask_only,5,5,1,1,18,4,9.14,6.62,6.75,6.75,0
79,8x8,high,clustered,4,low,both,5,5,1,1,18,4,9.14,6.62,6.75,6.75,0
79,8x8,high,clustered,4,low,null_dispatch,5,5,1,1,18,18,9.14,9.14,6.75,6.75,0
79,8x8,high,clustered,4,high,baseline,6,6,1,1,18,18,10.14,10.14,7.75,7.75,0
79,8x8,high,clustered,4,high,space_bits_only,6,6,1,0,18,18,10.14,9.24,7.75,6.0,1
79,8x8,high,clustered,4,high,mask_only,6,6,1,1,18,4,10.14,7.62,7.75,7.75,0
79,8x8,high,clustered,4,high,both,6,6,1,0,18,4,10.14,6.72,7.75,6.0,1
79,8x8,high,clustered,4,high,null_dispatch,6,6,1,1,18,18,10.14,10.14,7.75,7.75,0
79,8x8,high,clustered,8,low,baseline,4,4,0,0,18,18,7.24,7.24,4.0,4.0,0
79,8x8,high,clustered,8,low,space_bits_only,4,4,0,0,18,18,7.24,7.24,4.0,4.0,0
79,8x8,high,clustered,8,low,mask_only,4,4,0,0,18,8,7.24,5.44,4.0,4.0,0
79,8x8,high,clustered,8,low,both,4,4,0,0,18,8,7.24,5.44,4.0,4.0,0
79,8x8,high,clustered,8,low,null_dispatch,4,4,0,0,18,18,7.24,7.24,4.0,4.0,0
79,8x8,high,clustered,8,high,baseline,3,3,0,0,18,18,6.24,6.24,3.0,3.0,0
79,8x8,high,clustered,8,high,space_bits_only,3,3,0,0,18,18,6.24,6.24,3.0,3.0,0
79,8x8,high,clustered,8,high,mask_only,3,3,0,0,18,8,6.24,4.44,3.0,3.0,0
79,8x8,high,clustered,8,high,both,3,3,0,0,18,8,6.24,4.44,3.0,3.0,0
79,8x8,high,clustered,8,high,null_dispatch,3,3,0,0,18,18,6.24,6.24,3.0,3.0,0
79,8x8,high,clustered,12,low,baseline,5,5,1,1,18,18,9.14,9.14,6.75,6.75,0
79,8x8,high,clustered,12,low,space_bits_only,5,5,1,1,18,18,9.14,9.14,6.75,6.75,0
79,8x8,high,clustered,12,low,mask_only,5,5,1,1,18,12,9.14,8.06,6.75,6.75,0
79,8x8,high,clustered,12,low,both,5,5,1,1,18,12,9.14,8.06,6.75,6.75,0
79,8x8,high,clustered,12,low,null_dispatch,5,5,1,1,18,18,9.14,9.14,6.75,6.75,0
79,8x8,high,clustered,12,high,baseline,3,3,1,1,18,18,7.14,7.14,4.75,4.75,0
79,8x8,high,clustered,12,high,space_bits_only,3,3,1,0,18,18,7.14,6.24,4.75,3.0,1
79,8x8,high,clustered,12,high,mask_only,3,3,1,1,18,12,7.14,6.06,4.75,4.75,0
79,8x8,high,clustered,12,high,both,3,3,1,0,18,12,7.14,5.16,4.75,3.0,1
79,8x8,high,clustered,12,high,null_dispatch,3,3,1,1,18,18,7.14,7.14,4.75,4.75,0
79,8x8,high,clustered,18,low,baseline,3,3,0,0,18,18,6.24,6.24,3.0,3.0,0
79,8x8,high,clustered,18,low,space_bits_only,3,3,0,0,18,18,6.24,6.24,3.0,3.0,0
79,8x8,high,clustered,18,low,mask_only,3,3,0,0,18,18,6.24,6.24,3.0,3.0,0
79,8x8,high,clustered,18,low,both,3,3,0,0,18,18,6.24,6.24,3.0,3.0,0
79,8x8,high,clustered,18,low,null_dispatch,3,3,0,0,18,18,6.24,6.24,3.0,3.0,0
79,8x8,high,clustered,18,high,baseline,2,2,0,0,18,18,5.24,5.24,2.0,2.0,0
79,8x8,high,clustered,18,high,space_bits_only,2,2,0,0,18,18,5.24,5.24,2.0,2.0,0
79,8x8,high,clustered,18,high,mask_only,2,2,0,0,18,18,5.24,5.24,2.0,2.0,0
79,8x8,high,clustered,18,high,both,2,2,0,0,18,18,5.24,5.24,2.0,2.0,0
79,8x8,high,clustered,18,high,null_dispatch,2,2,0,0,18,18,5.24,5.24,2.0,2.0,0
79,8x8,high,dispersed,4,low,baseline,7,7,0,0,18,18,10.24,10.24,7.0,7.0,0
79,8x8,high,dispersed,4,low,space_bits_only,7,7,0,0,18,18,10.24,10.24,7.0,7.0,0
79,8x8,high,dispersed,4,low,mask_only,7,7,0,0,18,4,10.24,7.72,7.0,7.0,0
79,8x8,high,dispersed,4,low,both,7,7,0,0,18,4,10.24,7.72,7.0,7.0,0
79,8x8,high,dispersed,4,low,null_dispatch,7,7,0,0,18,18,10.24,10.24,7.0,7.0,0
79,8x8,high,dispersed,4,high,baseline,5,5,2,2,18,18,10.04,10.04,8.5,8.5,0
79,8x8,high,dispersed,4,high,space_bits_only,5,7,2,0,18,18,10.04,10.24,8.5,7.0,1
79,8x8,high,dispersed,4,high,mask_only,5,5,2,2,18,4,10.04,7.52,8.5,8.5,0
79,8x8,high,dispersed,4,high,both,5,7,2,0,18,4,10.04,7.72,8.5,7.0,1
79,8x8,high,dispersed,4,high,null_dispatch,5,5,2,2,18,18,10.04,10.04,8.5,8.5,0
79,8x8,high,dispersed,8,low,baseline,2,2,0,0,18,18,5.24,5.24,2.0,2.0,0
79,8x8,high,dispersed,8,low,space_bits_only,2,2,0,0,18,18,5.24,5.24,2.0,2.0,0
79,8x8,high,dispersed,8,low,mask_only,2,2,0,0,18,8,5.24,3.44,2.0,2.0,0
79,8x8,high,dispersed,8,low,both,2,2,0,0,18,8,5.24,3.44,2.0,2.0,0
79,8x8,high,dispersed,8,low,null_dispatch,2,2,0,0,18,18,5.24,5.24,2.0,2.0,0
79,8x8,high,dispersed,8,high,baseline,5,5,1,1,18,18,9.14,9.14,6.75,6.75,0
79,8x8,high,dispersed,8,high,space_bits_only,5,5,1,0,18,18,9.14,8.24,6.75,5.0,1
79,8x8,high,dispersed,8,high,mask_only,5,5,1,1,18,8,9.14,7.34,6.75,6.75,0
79,8x8,high,dispersed,8,high,both,5,5,1,0,18,8,9.14,6.44,6.75,5.0,1
79,8x8,high,dispersed,8,high,null_dispatch,5,5,1,1,18,18,9.14,9.14,6.75,6.75,0
79,8x8,high,dispersed,12,low,baseline,5,5,2,2,18,18,10.04,10.04,8.5,8.5,0
79,8x8,high,dispersed,12,low,space_bits_only,5,5,2,1,18,18,10.04,9.14,8.5,6.75,1
79,8x8,high,dispersed,12,low,mask_only,5,5,2,2,18,12,10.04,8.96,8.5,8.5,0
79,8x8,high,dispersed,12,low,both,5,5,2,1,18,12,10.04,8.06,8.5,6.75,1
79,8x8,high,dispersed,12,low,null_dispatch,5,5,2,2,18,18,10.04,10.04,8.5,8.5,0
79,8x8,high,dispersed,12,high,baseline,4,4,1,1,18,18,8.14,8.14,5.75,5.75,0
79,8x8,high,dispersed,12,high,space_bits_only,4,4,1,0,18,18,8.14,7.24,5.75,4.0,1
79,8x8,high,dispersed,12,high,mask_only,4,4,1,1,18,12,8.14,7.06,5.75,5.75,0
79,8x8,high,dispersed,12,high,both,4,4,1,0,18,12,8.14,6.16,5.75,4.0,1
79,8x8,high,dispersed,12,high,null_dispatch,4,4,1,1,18,18,8.14,8.14,5.75,5.75,0
79,8x8,high,dispersed,18,low,baseline,8,8,1,1,18,18,12.14,12.14,9.75,9.75,0
79,8x8,high,dispersed,18,low,space_bits_only,8,8,1,1,18,18,12.14,12.14,9.75,9.75,0
79,8x8,high,dispersed,18,low,mask_only,8,8,1,1,18,18,12.14,12.14,9.75,9.75,0
79,8x8,high,dispersed,18,low,both,8,8,1,1,18,18,12.14,12.14,9.75,9.75,0
79,8x8,high,dispersed,18,low,null_dispatch,8,8,1,1,18,18,12.14,12.14,9.75,9.75,0
79,8x8,high,dispersed,18,high,baseline,2,2,0,0,18,18,5.24,5.24,2.0,2.0,0
79,8x8,high,dispersed,18,high,space_bits_only,2,2,0,0,18,18,5.24,5.24,2.0,2.0,0
79,8x8,high,dispersed,18,high,mask_only,2,2,0,0,18,18,5.24,5.24,2.0,2.0,0
79,8x8,high,dispersed,18,high,both,2,2,0,0,18,18,5.24,5.24,2.0,2.0,0
79,8x8,high,dispersed,18,high,null_dispatch,2,2,0,0,18,18,5.24,5.24,2.0,2.0,0
83,8x8,low,clustered,4,low,baseline,4,4,0,0,18,18,7.24,7.24,4.0,4.0,0
83,8x8,low,clustered,4,low,space_bits_only,4,4,0,0,18,18,7.24,7.24,4.0,4.0,0
83,8x8,low,clustered,4,low,mask_only,4,4,0,0,18,4,7.24,4.72,4.0,4.0,0
83,8x8,low,clustered,4,low,both,4,4,0,0,18,4,7.24,4.72,4.0,4.0,0
83,8x8,low,clustered,4,low,null_dispatch,4,4,0,0,18,18,7.24,7.24,4.0,4.0,0
83,8x8,low,clustered,4,high,baseline,5,5,0,0,18,18,8.24,8.24,5.0,5.0,0
83,8x8,low,clustered,4,high,space_bits_only,5,5,0,0,18,18,8.24,8.24,5.0,5.0,0
83,8x8,low,clustered,4,high,mask_only,5,5,0,0,18,4,8.24,5.72,5.0,5.0,0
83,8x8,low,clustered,4,high,both,5,5,0,0,18,4,8.24,5.72,5.0,5.0,0
83,8x8,low,clustered,4,high,null_dispatch,5,5,0,0,18,18,8.24,8.24,5.0,5.0,0
83,8x8,low,clustered,8,low,baseline,2,2,0,0,18,18,5.24,5.24,2.0,2.0,0
83,8x8,low,clustered,8,low,space_bits_only,2,2,0,0,18,18,5.24,5.24,2.0,2.0,0
83,8x8,low,clustered,8,low,mask_only,2,2,0,0,18,8,5.24,3.44,2.0,2.0,0
83,8x8,low,clustered,8,low,both,2,2,0,0,18,8,5.24,3.44,2.0,2.0,0
83,8x8,low,clustered,8,low,null_dispatch,2,2,0,0,18,18,5.24,5.24,2.0,2.0,0
83,8x8,low,clustered,8,high,baseline,2,2,1,1,18,18,6.14,6.14,3.75,3.75,0
83,8x8,low,clustered,8,high,space_bits_only,2,2,1,0,18,18,6.14,5.24,3.75,2.0,1
83,8x8,low,clustered,8,high,mask_only,2,2,1,1,18,8,6.14,4.34,3.75,3.75,0
83,8x8,low,clustered,8,high,both,2,2,1,0,18,8,6.14,3.44,3.75,2.0,1
83,8x8,low,clustered,8,high,null_dispatch,2,2,1,1,18,18,6.14,6.14,3.75,3.75,0
83,8x8,low,clustered,12,low,baseline,6,6,1,1,18,18,10.14,10.14,7.75,7.75,0
83,8x8,low,clustered,12,low,space_bits_only,6,6,1,0,18,18,10.14,9.24,7.75,6.0,1
83,8x8,low,clustered,12,low,mask_only,6,6,1,1,18,12,10.14,9.06,7.75,7.75,0
83,8x8,low,clustered,12,low,both,6,6,1,0,18,12,10.14,8.16,7.75,6.0,1
83,8x8,low,clustered,12,low,null_dispatch,6,6,1,1,18,18,10.14,10.14,7.75,7.75,0
83,8x8,low,clustered,12,high,baseline,2,2,0,0,18,18,5.24,5.24,2.0,2.0,0
83,8x8,low,clustered,12,high,space_bits_only,2,2,0,0,18,18,5.24,5.24,2.0,2.0,0
83,8x8,low,clustered,12,high,mask_only,2,2,0,0,18,12,5.24,4.16,2.0,2.0,0
83,8x8,low,clustered,12,high,both,2,2,0,0,18,12,5.24,4.16,2.0,2.0,0
83,8x8,low,clustered,12,high,null_dispatch,2,2,0,0,18,18,5.24,5.24,2.0,2.0,0
83,8x8,low,clustered,18,low,baseline,5,5,0,0,18,18,8.24,8.24,5.0,5.0,0
83,8x8,low,clustered,18,low,space_bits_only,5,5,0,0,18,18,8.24,8.24,5.0,5.0,0
83,8x8,low,clustered,18,low,mask_only,5,5,0,0,18,18,8.24,8.24,5.0,5.0,0
83,8x8,low,clustered,18,low,both,5,5,0,0,18,18,8.24,8.24,5.0,5.0,0
83,8x8,low,clustered,18,low,null_dispatch,5,5,0,0,18,18,8.24,8.24,5.0,5.0,0
83,8x8,low,clustered,18,high,baseline,4,4,0,0,18,18,7.24,7.24,4.0,4.0,0
83,8x8,low,clustered,18,high,space_bits_only,4,4,0,0,18,18,7.24,7.24,4.0,4.0,0
83,8x8,low,clustered,18,high,mask_only,4,4,0,0,18,18,7.24,7.24,4.0,4.0,0
83,8x8,low,clustered,18,high,both,4,4,0,0,18,18,7.24,7.24,4.0,4.0,0
83,8x8,low,clustered,18,high,null_dispatch,4,4,0,0,18,18,7.24,7.24,4.0,4.0,0
83,8x8,low,dispersed,4,low,baseline,4,4,0,0,18,18,7.24,7.24,4.0,4.0,0
83,8x8,low,dispersed,4,low,space_bits_only,4,4,0,0,18,18,7.24,7.24,4.0,4.0,0
83,8x8,low,dispersed,4,low,mask_only,4,4,0,0,18,4,7.24,4.72,4.0,4.0,0
83,8x8,low,dispersed,4,low,both,4,4,0,0,18,4,7.24,4.72,4.0,4.0,0
83,8x8,low,dispersed,4,low,null_dispatch,4,4,0,0,18,18,7.24,7.24,4.0,4.0,0
83,8x8,low,dispersed,4,high,baseline,6,6,1,1,18,18,10.14,10.14,7.75,7.75,0
83,8x8,low,dispersed,4,high,space_bits_only,6,6,1,0,18,18,10.14,9.24,7.75,6.0,1
83,8x8,low,dispersed,4,high,mask_only,6,6,1,1,18,4,10.14,7.62,7.75,7.75,0
83,8x8,low,dispersed,4,high,both,6,6,1,0,18,4,10.14,6.72,7.75,6.0,1
83,8x8,low,dispersed,4,high,null_dispatch,6,6,1,1,18,18,10.14,10.14,7.75,7.75,0
83,8x8,low,dispersed,8,low,baseline,5,5,0,0,18,18,8.24,8.24,5.0,5.0,0
83,8x8,low,dispersed,8,low,space_bits_only,5,5,0,0,18,18,8.24,8.24,5.0,5.0,0
83,8x8,low,dispersed,8,low,mask_only,5,5,0,0,18,8,8.24,6.44,5.0,5.0,0
83,8x8,low,dispersed,8,low,both,5,5,0,0,18,8,8.24,6.44,5.0,5.0,0
83,8x8,low,dispersed,8,low,null_dispatch,5,5,0,0,18,18,8.24,8.24,5.0,5.0,0
83,8x8,low,dispersed,8,high,baseline,6,6,1,1,18,18,10.14,10.14,7.75,7.75,0
83,8x8,low,dispersed,8,high,space_bits_only,6,6,1,0,18,18,10.14,9.24,7.75,6.0,1
83,8x8,low,dispersed,8,high,mask_only,6,6,1,1,18,8,10.14,8.34,7.75,7.75,0
83,8x8,low,dispersed,8,high,both,6,6,1,0,18,8,10.14,7.44,7.75,6.0,1
83,8x8,low,dispersed,8,high,null_dispatch,6,6,1,1,18,18,10.14,10.14,7.75,7.75,0
83,8x8,low,dispersed,12,low,baseline,4,4,0,0,18,18,7.24,7.24,4.0,4.0,0
83,8x8,low,dispersed,12,low,space_bits_only,4,4,0,0,18,18,7.24,7.24,4.0,4.0,0
83,8x8,low,dispersed,12,low,mask_only,4,4,0,0,18,12,7.24,6.16,4.0,4.0,0
83,8x8,low,dispersed,12,low,both,4,4,0,0,18,12,7.24,6.16,4.0,4.0,0
83,8x8,low,dispersed,12,low,null_dispatch,4,4,0,0,18,18,7.24,7.24,4.0,4.0,0
83,8x8,low,dispersed,12,high,baseline,7,7,0,0,18,18,10.24,10.24,7.0,7.0,0
83,8x8,low,dispersed,12,high,space_bits_only,7,7,0,0,18,18,10.24,10.24,7.0,7.0,0
83,8x8,low,dispersed,12,high,mask_only,7,7,0,0,18,12,10.24,9.16,7.0,7.0,0
83,8x8,low,dispersed,12,high,both,7,7,0,0,18,12,10.24,9.16,7.0,7.0,0
83,8x8,low,dispersed,12,high,null_dispatch,7,7,0,0,18,18,10.24,10.24,7.0,7.0,0
83,8x8,low,dispersed,18,low,baseline,5,5,1,1,18,18,9.14,9.14,6.75,6.75,0
83,8x8,low,dispersed,18,low,space_bits_only,5,5,1,1,18,18,9.14,9.14,6.75,6.75,0
83,8x8,low,dispersed,18,low,mask_only,5,5,1,1,18,18,9.14,9.14,6.75,6.75,0
83,8x8,low,dispersed,18,low,both,5,5,1,1,18,18,9.14,9.14,6.75,6.75,0
83,8x8,low,dispersed,18,low,null_dispatch,5,5,1,1,18,18,9.14,9.14,6.75,6.75,0
83,8x8,low,dispersed,18,high,baseline,5,5,0,0,18,18,8.24,8.24,5.0,5.0,0
83,8x8,low,dispersed,18,high,space_bits_only,5,5,0,0,18,18,8.24,8.24,5.0,5.0,0
83,8x8,low,dispersed,18,high,mask_only,5,5,0,0,18,18,8.24,8.24,5.0,5.0,0
83,8x8,low,dispersed,18,high,both,5,5,0,0,18,18,8.24,8.24,5.0,5.0,0
83,8x8,low,dispersed,18,high,null_dispatch,5,5,0,0,18,18,8.24,8.24,5.0,5.0,0
83,8x8,medium,clustered,4,low,baseline,5,5,1,1,18,18,9.14,9.14,6.75,6.75,0
83,8x8,medium,clustered,4,low,space_bits_only,5,5,1,1,18,18,9.14,9.14,6.75,6.75,0
83,8x8,medium,clustered,4,low,mask_only,5,5,1,1,18,4,9.14,6.62,6.75,6.75,0
83,8x8,medium,clustered,4,low,both,5,5,1,1,18,4,9.14,6.62,6.75,6.75,0
83,8x8,medium,clustered,4,low,null_dispatch,5,5,1,1,18,18,9.14,9.14,6.75,6.75,0
83,8x8,medium,clustered,4,high,baseline,4,4,0,0,18,18,7.24,7.24,4.0,4.0,0
83,8x8,medium,clustered,4,high,space_bits_only,4,4,0,0,18,18,7.24,7.24,4.0,4.0,0
83,8x8,medium,clustered,4,high,mask_only,4,4,0,0,18,4,7.24,4.72,4.0,4.0,0
83,8x8,medium,clustered,4,high,both,4,4,0,0,18,4,7.24,4.72,4.0,4.0,0
83,8x8,medium,clustered,4,high,null_dispatch,4,4,0,0,18,18,7.24,7.24,4.0,4.0,0
83,8x8,medium,clustered,8,low,baseline,4,4,0,0,18,18,7.24,7.24,4.0,4.0,0
83,8x8,medium,clustered,8,low,space_bits_only,4,4,0,0,18,18,7.24,7.24,4.0,4.0,0
83,8x8,medium,clustered,8,low,mask_only,4,4,0,0,18,8,7.24,5.44,4.0,4.0,0
83,8x8,medium,clustered,8,low,both,4,4,0,0,18,8,7.24,5.44,4.0,4.0,0
83,8x8,medium,clustered,8,low,null_dispatch,4,4,0,0,18,18,7.24,7.24,4.0,4.0,0
83,8x8,medium,clustered,8,high,baseline,2,2,0,0,18,18,5.24,5.24,2.0,2.0,0
83,8x8,medium,clustered,8,high,space_bits_only,2,2,0,0,18,18,5.24,5.24,2.0,2.0,0
83,8x8,medium,clustered,8,high,mask_only,2,2,0,0,18,8,5.24,3.44,2.0,2.0,0
83,8x8,medium,clustered,8,high,both,2,2,0,0,18,8,5.24,3.44,2.0,2.0,0
83,8x8,medium,clustered,8,high,null_dispatch,2,2,0,0,18,18,5.24,5.24,2.0,2.0,0
83,8x8,medium,clustered,12,low,baseline,5,5,1,1,18,18,9.14,9.14,6.75,6.75,0
83,8x8,medium,clustered,12,low,space_bits_only,5,5,1,1,18,18,9.14,9.14,6.75,6.75,0
83,8x8,medium,clustered,12,low,mask_only,5,5,1,1,18,12,9.14,8.06,6.75,6.75,0
83,8x8,medium,clustered,12,low,both,5,5,1,1,18,12,9.14,8.06,6.75,6.75,0
83,8x8,medium,clustered,12,low,null_dispatch,5,5,1,1,18,18,9.14,9.14,6.75,6.75,0
83,8x8,medium,clustered,12,high,baseline,4,4,0,0,18,18,7.24,7.24,4.0,4.0,0
83,8x8,medium,clustered,12,high,space_bits_only,4,4,0,0,18,18,7.24,7.24,4.0,4.0,0
83,8x8,medium,clustered,12,high,mask_only,4,4,0,0,18,12,7.24,6.16,4.0,4.0,0
83,8x8,medium,clustered,12,high,both,4,4,0,0,18,12,7.24,6.16,4.0,4.0,0
83,8x8,medium,clustered,12,high,null_dispatch,4,4,0,0,18,18,7.24,7.24,4.0,4.0,0
83,8x8,medium,clustered,18,low,baseline,2,2,0,0,18,18,5.24,5.24,2.0,2.0,0
83,8x8,medium,clustered,18,low,space_bits_only,2,2,0,0,18,18,5.24,5.24,2.0,2.0,0
83,8x8,medium,clustered,18,low,mask_only,2,2,0,0,18,18,5.24,5.24,2.0,2.0,0
83,8x8,medium,clustered,18,low,both,2,2,0,0,18,18,5.24,5.24,2.0,2.0,0
83,8x8,medium,clustered,18,low,null_dispatch,2,2,0,0,18,18,5.24,5.24,2.0,2.0,0
83,8x8,medium,clustered,18,high,baseline,4,4,1,1,18,18,8.14,8.14,5.75,5.75,0
83,8x8,medium,clustered,18,high,space_bits_only,4,4,1,1,18,18,8.14,8.14,5.75,5.75,0
83,8x8,medium,clustered,18,high,mask_only,4,4,1,1,18,18,8.14,8.14,5.75,5.75,0
83,8x8,medium,clustered,18,high,both,4,4,1,1,18,18,8.14,8.14,5.75,5.75,0
83,8x8,medium,clustered,18,high,null_dispatch,4,4,1,1,18,18,8.14,8.14,5.75,5.75,0
83,8x8,medium,dispersed,4,low,baseline,5,5,1,1,18,18,9.14,9.14,6.75,6.75,0
83,8x8,medium,dispersed,4,low,space_bits_only,5,5,1,1,18,18,9.14,9.14,6.75,6.75,0
83,8x8,medium,dispersed,4,low,mask_only,5,5,1,1,18,4,9.14,6.62,6.75,6.75,0
83,8x8,medium,dispersed,4,low,both,5,5,1,1,18,4,9.14,6.62,6.75,6.75,0
83,8x8,medium,dispersed,4,low,null_dispatch,5,5,1,1,18,18,9.14,9.14,6.75,6.75,0
83,8x8,medium,dispersed,4,high,baseline,6,6,0,0,18,18,9.24,9.24,6.0,6.0,0
83,8x8,medium,dispersed,4,high,space_bits_only,6,6,0,0,18,18,9.24,9.24,6.0,6.0,0
83,8x8,medium,dispersed,4,high,mask_only,6,6,0,0,18,4,9.24,6.72,6.0,6.0,0
83,8x8,medium,dispersed,4,high,both,6,6,0,0,18,4,9.24,6.72,6.0,6.0,0
83,8x8,medium,dispersed,4,high,null_dispatch,6,6,0,0,18,18,9.24,9.24,6.0,6.0,0
83,8x8,medium,dispersed,8,low,baseline,3,3,0,0,18,18,6.24,6.24,3.0,3.0,0
83,8x8,medium,dispersed,8,low,space_bits_only,3,3,0,0,18,18,6.24,6.24,3.0,3.0,0
83,8x8,medium,dispersed,8,low,mask_only,3,3,0,0,18,8,6.24,4.44,3.0,3.0,0
83,8x8,medium,dispersed,8,low,both,3,3,0,0,18,8,6.24,4.44,3.0,3.0,0
83,8x8,medium,dispersed,8,low,null_dispatch,3,3,0,0,18,18,6.24,6.24,3.0,3.0,0
83,8x8,medium,dispersed,8,high,baseline,7,7,0,0,18,18,10.24,10.24,7.0,7.0,0
83,8x8,medium,dispersed,8,high,space_bits_only,7,7,0,0,18,18,10.24,10.24,7.0,7.0,0
83,8x8,medium,dispersed,8,high,mask_only,7,7,0,0,18,8,10.24,8.44,7.0,7.0,0
83,8x8,medium,dispersed,8,high,both,7,7,0,0,18,8,10.24,8.44,7.0,7.0,0
83,8x8,medium,dispersed,8,high,null_dispatch,7,7,0,0,18,18,10.24,10.24,7.0,7.0,0
83,8x8,medium,dispersed,12,low,baseline,5,5,0,0,18,18,8.24,8.24,5.0,5.0,0
83,8x8,medium,dispersed,12,low,space_bits_only,5,5,0,0,18,18,8.24,8.24,5.0,5.0,0
83,8x8,medium,dispersed,12,low,mask_only,5,5,0,0,18,12,8.24,7.16,5.0,5.0,0
83,8x8,medium,dispersed,12,low,both,5,5,0,0,18,12,8.24,7.16,5.0,5.0,0
83,8x8,medium,dispersed,12,low,null_dispatch,5,5,0,0,18,18,8.24,8.24,5.0,5.0,0
83,8x8,medium,dispersed,12,high,baseline,5,5,1,1,18,18,9.14,9.14,6.75,6.75,0
83,8x8,medium,dispersed,12,high,space_bits_only,5,5,1,0,18,18,9.14,8.24,6.75,5.0,1
83,8x8,medium,dispersed,12,high,mask_only,5,5,1,1,18,12,9.14,8.06,6.75,6.75,0
83,8x8,medium,dispersed,12,high,both,5,5,1,0,18,12,9.14,7.16,6.75,5.0,1
83,8x8,medium,dispersed,12,high,null_dispatch,5,5,1,1,18,18,9.14,9.14,6.75,6.75,0
83,8x8,medium,dispersed,18,low,baseline,3,3,0,0,18,18,6.24,6.24,3.0,3.0,0
83,8x8,medium,dispersed,18,low,space_bits_only,3,3,0,0,18,18,6.24,6.24,3.0,3.0,0
83,8x8,medium,dispersed,18,low,mask_only,3,3,0,0,18,18,6.24,6.24,3.0,3.0,0
83,8x8,medium,dispersed,18,low,both,3,3,0,0,18,18,6.24,6.24,3.0,3.0,0
83,8x8,medium,dispersed,18,low,null_dispatch,3,3,0,0,18,18,6.24,6.24,3.0,3.0,0
83,8x8,medium,dispersed,18,high,baseline,5,5,0,0,18,18,8.24,8.24,5.0,5.0,0
83,8x8,medium,dispersed,18,high,space_bits_only,5,5,0,0,18,18,8.24,8.24,5.0,5.0,0
83,8x8,medium,dispersed,18,high,mask_only,5,5,0,0,18,18,8.24,8.24,5.0,5.0,0
83,8x8,medium,dispersed,18,high,both,5,5,0,0,18,18,8.24,8.24,5.0,5.0,0
83,8x8,medium,dispersed,18,high,null_dispatch,5,5,0,0,18,18,8.24,8.24,5.0,5.0,0
83,8x8,high,clustered,4,low,baseline,4,4,1,1,18,18,8.14,8.14,5.75,5.75,0
83,8x8,high,clustered,4,low,space_bits_only,4,4,1,1,18,18,8.14,8.14,5.75,5.75,0
83,8x8,high,clustered,4,low,mask_only,4,4,1,1,18,4,8.14,5.62,5.75,5.75,0
83,8x8,high,clustered,4,low,both,4,4,1,1,18,4,8.14,5.62,5.75,5.75,0
83,8x8,high,clustered,4,low,null_dispatch,4,4,1,1,18,18,8.14,8.14,5.75,5.75,0
83,8x8,high,clustered,4,high,baseline,5,5,0,0,18,18,8.24,8.24,5.0,5.0,0
83,8x8,high,clustered,4,high,space_bits_only,5,5,0,0,18,18,8.24,8.24,5.0,5.0,0
83,8x8,high,clustered,4,high,mask_only,5,5,0,0,18,4,8.24,5.72,5.0,5.0,0
83,8x8,high,clustered,4,high,both,5,5,0,0,18,4,8.24,5.72,5.0,5.0,0
83,8x8,high,clustered,4,high,null_dispatch,5,5,0,0,18,18,8.24,8.24,5.0,5.0,0
83,8x8,high,clustered,8,low,baseline,5,5,0,0,18,18,8.24,8.24,5.0,5.0,0
83,8x8,high,clustered,8,low,space_bits_only,5,5,0,0,18,18,8.24,8.24,5.0,5.0,0
83,8x8,high,clustered,8,low,mask_only,5,5,0,0,18,8,8.24,6.44,5.0,5.0,0
83,8x8,high,clustered,8,low,both,5,5,0,0,18,8,8.24,6.44,5.0,5.0,0
83,8x8,high,clustered,8,low,null_dispatch,5,5,0,0,18,18,8.24,8.24,5.0,5.0,0
83,8x8,high,clustered,8,high,baseline,3,3,0,0,18,18,6.24,6.24,3.0,3.0,0
83,8x8,high,clustered,8,high,space_bits_only,3,3,0,0,18,18,6.24,6.24,3.0,3.0,0
83,8x8,high,clustered,8,high,mask_only,3,3,0,0,18,8,6.24,4.44,3.0,3.0,0
83,8x8,high,clustered,8,high,both,3,3,0,0,18,8,6.24,4.44,3.0,3.0,0
83,8x8,high,clustered,8,high,null_dispatch,3,3,0,0,18,18,6.24,6.24,3.0,3.0,0
83,8x8,high,clustered,12,low,baseline,4,4,1,1,18,18,8.14,8.14,5.75,5.75,0
83,8x8,high,clustered,12,low,space_bits_only,4,4,1,1,18,18,8.14,8.14,5.75,5.75,0
83,8x8,high,clustered,12,low,mask_only,4,4,1,1,18,12,8.14,7.06,5.75,5.75,0
83,8x8,high,clustered,12,low,both,4,4,1,1,18,12,8.14,7.06,5.75,5.75,0
83,8x8,high,clustered,12,low,null_dispatch,4,4,1,1,18,18,8.14,8.14,5.75,5.75,0
83,8x8,high,clustered,12,high,baseline,5,5,1,1,18,18,9.14,9.14,6.75,6.75,0
83,8x8,high,clustered,12,high,space_bits_only,5,5,1,0,18,18,9.14,8.24,6.75,5.0,1
83,8x8,high,clustered,12,high,mask_only,5,5,1,1,18,12,9.14,8.06,6.75,6.75,0
83,8x8,high,clustered,12,high,both,5,5,1,0,18,12,9.14,7.16,6.75,5.0,1
83,8x8,high,clustered,12,high,null_dispatch,5,5,1,1,18,18,9.14,9.14,6.75,6.75,0
83,8x8,high,clustered,18,low,baseline,5,5,1,1,18,18,9.14,9.14,6.75,6.75,0
83,8x8,high,clustered,18,low,space_bits_only,5,5,1,0,18,18,9.14,8.24,6.75,5.0,1
83,8x8,high,clustered,18,low,mask_only,5,5,1,1,18,18,9.14,9.14,6.75,6.75,0
83,8x8,high,clustered,18,low,both,5,5,1,0,18,18,9.14,8.24,6.75,5.0,1
83,8x8,high,clustered,18,low,null_dispatch,5,5,1,1,18,18,9.14,9.14,6.75,6.75,0
83,8x8,high,clustered,18,high,baseline,4,4,2,2,18,18,9.04,9.04,7.5,7.5,0
83,8x8,high,clustered,18,high,space_bits_only,4,6,2,0,18,18,9.04,9.24,7.5,6.0,1
83,8x8,high,clustered,18,high,mask_only,4,4,2,2,18,18,9.04,9.04,7.5,7.5,0
83,8x8,high,clustered,18,high,both,4,6,2,0,18,18,9.04,9.24,7.5,6.0,1
83,8x8,high,clustered,18,high,null_dispatch,4,4,2,2,18,18,9.04,9.04,7.5,7.5,0
83,8x8,high,dispersed,4,low,baseline,3,3,0,0,18,18,6.24,6.24,3.0,3.0,0
83,8x8,high,dispersed,4,low,space_bits_only,3,3,0,0,18,18,6.24,6.24,3.0,3.0,0
83,8x8,high,dispersed,4,low,mask_only,3,3,0,0,18,4,6.24,3.72,3.0,3.0,0
83,8x8,high,dispersed,4,low,both,3,3,0,0,18,4,6.24,3.72,3.0,3.0,0
83,8x8,high,dispersed,4,low,null_dispatch,3,3,0,0,18,18,6.24,6.24,3.0,3.0,0
83,8x8,high,dispersed,4,high,baseline,6,6,1,1,18,18,10.14,10.14,7.75,7.75,0
83,8x8,high,dispersed,4,high,space_bits_only,6,6,1,0,18,18,10.14,9.24,7.75,6.0,1
83,8x8,high,dispersed,4,high,mask_only,6,6,1,1,18,4,10.14,7.62,7.75,7.75,0
83,8x8,high,dispersed,4,high,both,6,6,1,0,18,4,10.14,6.72,7.75,6.0,1
83,8x8,high,dispersed,4,high,null_dispatch,6,6,1,1,18,18,10.14,10.14,7.75,7.75,0
83,8x8,high,dispersed,8,low,baseline,3,3,1,1,18,18,7.14,7.14,4.75,4.75,0
83,8x8,high,dispersed,8,low,space_bits_only,3,3,1,1,18,18,7.14,7.14,4.75,4.75,0
83,8x8,high,dispersed,8,low,mask_only,3,3,1,1,18,8,7.14,5.34,4.75,4.75,0
83,8x8,high,dispersed,8,low,both,3,3,1,1,18,8,7.14,5.34,4.75,4.75,0
83,8x8,high,dispersed,8,low,null_dispatch,3,3,1,1,18,18,7.14,7.14,4.75,4.75,0
83,8x8,high,dispersed,8,high,baseline,5,5,0,0,18,18,8.24,8.24,5.0,5.0,0
83,8x8,high,dispersed,8,high,space_bits_only,5,5,0,0,18,18,8.24,8.24,5.0,5.0,0
83,8x8,high,dispersed,8,high,mask_only,5,5,0,0,18,8,8.24,6.44,5.0,5.0,0
83,8x8,high,dispersed,8,high,both,5,5,0,0,18,8,8.24,6.44,5.0,5.0,0
83,8x8,high,dispersed,8,high,null_dispatch,5,5,0,0,18,18,8.24,8.24,5.0,5.0,0
83,8x8,high,dispersed,12,low,baseline,5,5,0,0,18,18,8.24,8.24,5.0,5.0,0
83,8x8,high,dispersed,12,low,space_bits_only,5,5,0,0,18,18,8.24,8.24,5.0,5.0,0
83,8x8,high,dispersed,12,low,mask_only,5,5,0,0,18,12,8.24,7.16,5.0,5.0,0
83,8x8,high,dispersed,12,low,both,5,5,0,0,18,12,8.24,7.16,5.0,5.0,0
83,8x8,high,dispersed,12,low,null_dispatch,5,5,0,0,18,18,8.24,8.24,5.0,5.0,0
83,8x8,high,dispersed,12,high,baseline,3,3,1,1,18,18,7.14,7.14,4.75,4.75,0
83,8x8,high,dispersed,12,high,space_bits_only,3,3,1,0,18,18,7.14,6.24,4.75,3.0,1
83,8x8,high,dispersed,12,high,mask_only,3,3,1,1,18,12,7.14,6.06,4.75,4.75,0
83,8x8,high,dispersed,12,high,both,3,3,1,0,18,12,7.14,5.16,4.75,3.0,1
83,8x8,high,dispersed,12,high,null_dispatch,3,3,1,1,18,18,7.14,7.14,4.75,4.75,0
83,8x8,high,dispersed,18,low,baseline,4,4,0,0,18,18,7.24,7.24,4.0,4.0,0
83,8x8,high,dispersed,18,low,space_bits_only,4,4,0,0,18,18,7.24,7.24,4.0,4.0,0
83,8x8,high,dispersed,18,low,mask_only,4,4,0,0,18,18,7.24,7.24,4.0,4.0,0
83,8x8,high,dispersed,18,low,both,4,4,0,0,18,18,7.24,7.24,4.0,4.0,0
83,8x8,high,dispersed,18,low,null_dispatch,4,4,0,0,18,18,7.24,7.24,4.0,4.0,0
83,8x8,high,dispersed,18,high,baseline,6,6,2,2,18,18,11.04,11.04,9.5,9.5,0
83,8x8,high,dispersed,18,high,space_bits_only,6,6,2,1,18,18,11.04,10.14,9.5,7.75,1
83,8x8,high,dispersed,18,high,mask_only,6,6,2,2,18,18,11.04,11.04,9.5,9.5,0
83,8x8,high,dispersed,18,high,both,6,6,2,1,18,18,11.04,10.14,9.5,7.75,1
83,8x8,high,dispersed,18,high,null_dispatch,6,6,2,2,18,18,11.04,11.04,9.5,9.5,0
97,8x8,low,clustered,4,low,baseline,5,5,0,0,18,18,8.24,8.24,5.0,5.0,0
97,8x8,low,clustered,4,low,space_bits_only,5,5,0,0,18,18,8.24,8.24,5.0,5.0,0
97,8x8,low,clustered,4,low,mask_only,5,5,0,0,18,4,8.24,5.72,5.0,5.0,0
97,8x8,low,clustered,4,low,both,5,5,0,0,18,4,8.24,5.72,5.0,5.0,0
97,8x8,low,clustered,4,low,null_dispatch,5,5,0,0,18,18,8.24,8.24,5.0,5.0,0
97,8x8,low,clustered,4,high,baseline,4,4,0,0,18,18,7.24,7.24,4.0,4.0,0
97,8x8,low,clustered,4,high,space_bits_only,4,4,0,0,18,18,7.24,7.24,4.0,4.0,0
97,8x8,low,clustered,4,high,mask_only,4,4,0,0,18,4,7.24,4.72,4.0,4.0,0
97,8x8,low,clustered,4,high,both,4,4,0,0,18,4,7.24,4.72,4.0,4.0,0
97,8x8,low,clustered,4,high,null_dispatch,4,4,0,0,18,18,7.24,7.24,4.0,4.0,0
97,8x8,low,clustered,8,low,baseline,2,2,0,0,18,18,5.24,5.24,2.0,2.0,0
97,8x8,low,clustered,8,low,space_bits_only,2,2,0,0,18,18,5.24,5.24,2.0,2.0,0
97,8x8,low,clustered,8,low,mask_only,2,2,0,0,18,8,5.24,3.44,2.0,2.0,0
97,8x8,low,clustered,8,low,both,2,2,0,0,18,8,5.24,3.44,2.0,2.0,0
97,8x8,low,clustered,8,low,null_dispatch,2,2,0,0,18,18,5.24,5.24,2.0,2.0,0
97,8x8,low,clustered,8,high,baseline,4,4,0,0,18,18,7.24,7.24,4.0,4.0,0
97,8x8,low,clustered,8,high,space_bits_only,4,4,0,0,18,18,7.24,7.24,4.0,4.0,0
97,8x8,low,clustered,8,high,mask_only,4,4,0,0,18,8,7.24,5.44,4.0,4.0,0
97,8x8,low,clustered,8,high,both,4,4,0,0,18,8,7.24,5.44,4.0,4.0,0
97,8x8,low,clustered,8,high,null_dispatch,4,4,0,0,18,18,7.24,7.24,4.0,4.0,0
97,8x8,low,clustered,12,low,baseline,4,4,0,0,18,18,7.24,7.24,4.0,4.0,0
97,8x8,low,clustered,12,low,space_bits_only,4,4,0,0,18,18,7.24,7.24,4.0,4.0,0
97,8x8,low,clustered,12,low,mask_only,4,4,0,0,18,12,7.24,6.16,4.0,4.0,0
97,8x8,low,clustered,12,low,both,4,4,0,0,18,12,7.24,6.16,4.0,4.0,0
97,8x8,low,clustered,12,low,null_dispatch,4,4,0,0,18,18,7.24,7.24,4.0,4.0,0
97,8x8,low,clustered,12,high,baseline,2,2,0,0,18,18,5.24,5.24,2.0,2.0,0
97,8x8,low,clustered,12,high,space_bits_only,2,2,0,0,18,18,5.24,5.24,2.0,2.0,0
97,8x8,low,clustered,12,high,mask_only,2,2,0,0,18,12,5.24,4.16,2.0,2.0,0
97,8x8,low,clustered,12,high,both,2,2,0,0,18,12,5.24,4.16,2.0,2.0,0
97,8x8,low,clustered,12,high,null_dispatch,2,2,0,0,18,18,5.24,5.24,2.0,2.0,0
97,8x8,low,clustered,18,low,baseline,5,5,0,0,18,18,8.24,8.24,5.0,5.0,0
97,8x8,low,clustered,18,low,space_bits_only,5,5,0,0,18,18,8.24,8.24,5.0,5.0,0
97,8x8,low,clustered,18,low,mask_only,5,5,0,0,18,18,8.24,8.24,5.0,5.0,0
97,8x8,low,clustered,18,low,both,5,5,0,0,18,18,8.24,8.24,5.0,5.0,0
97,8x8,low,clustered,18,low,null_dispatch,5,5,0,0,18,18,8.24,8.24,5.0,5.0,0
97,8x8,low,clustered,18,high,baseline,6,6,1,1,18,18,10.14,10.14,7.75,7.75,0
97,8x8,low,clustered,18,high,space_bits_only,6,6,1,0,18,18,10.14,9.24,7.75,6.0,1
97,8x8,low,clustered,18,high,mask_only,6,6,1,1,18,18,10.14,10.14,7.75,7.75,0
97,8x8,low,clustered,18,high,both,6,6,1,0,18,18,10.14,9.24,7.75,6.0,1
97,8x8,low,clustered,18,high,null_dispatch,6,6,1,1,18,18,10.14,10.14,7.75,7.75,0
97,8x8,low,dispersed,4,low,baseline,5,5,0,0,18,18,8.24,8.24,5.0,5.0,0
97,8x8,low,dispersed,4,low,space_bits_only,5,5,0,0,18,18,8.24,8.24,5.0,5.0,0
97,8x8,low,dispersed,4,low,mask_only,5,5,0,0,18,4,8.24,5.72,5.0,5.0,0
97,8x8,low,dispersed,4,low,both,5,5,0,0,18,4,8.24,5.72,5.0,5.0,0
97,8x8,low,dispersed,4,low,null_dispatch,5,5,0,0,18,18,8.24,8.24,5.0,5.0,0
97,8x8,low,dispersed,4,high,baseline,4,4,0,0,18,18,7.24,7.24,4.0,4.0,0
97,8x8,low,dispersed,4,high,space_bits_only,4,4,0,0,18,18,7.24,7.24,4.0,4.0,0
97,8x8,low,dispersed,4,high,mask_only,4,4,0,0,18,4,7.24,4.72,4.0,4.0,0
97,8x8,low,dispersed,4,high,both,4,4,0,0,18,4,7.24,4.72,4.0,4.0,0
97,8x8,low,dispersed,4,high,null_dispatch,4,4,0,0,18,18,7.24,7.24,4.0,4.0,0
97,8x8,low,dispersed,8,low,baseline,6,6,0,0,18,18,9.24,9.24,6.0,6.0,0
97,8x8,low,dispersed,8,low,space_bits_only,6,6,0,0,18,18,9.24,9.24,6.0,6.0,0
97,8x8,low,dispersed,8,low,mask_only,6,6,0,0,18,8,9.24,7.44,6.0,6.0,0
97,8x8,low,dispersed,8,low,both,6,6,0,0,18,8,9.24,7.44,6.0,6.0,0
97,8x8,low,dispersed,8,low,null_dispatch,6,6,0,0,18,18,9.24,9.24,6.0,6.0,0
97,8x8,low,dispersed,8,high,baseline,4,4,1,1,18,18,8.14,8.14,5.75,5.75,0
97,8x8,low,dispersed,8,high,space_bits_only,4,4,1,0,18,18,8.14,7.24,5.75,4.0,1
97,8x8,low,dispersed,8,high,mask_only,4,4,1,1,18,8,8.14,6.34,5.75,5.75,0
97,8x8,low,dispersed,8,high,both,4,4,1,0,18,8,8.14,5.44,5.75,4.0,1
97,8x8,low,dispersed,8,high,null_dispatch,4,4,1,1,18,18,8.14,8.14,5.75,5.75,0
97,8x8,low,dispersed,12,low,baseline,4,4,0,0,18,18,7.24,7.24,4.0,4.0,0
97,8x8,low,dispersed,12,low,space_bits_only,4,4,0,0,18,18,7.24,7.24,4.0,4.0,0
97,8x8,low,dispersed,12,low,mask_only,4,4,0,0,18,12,7.24,6.16,4.0,4.0,0
97,8x8,low,dispersed,12,low,both,4,4,0,0,18,12,7.24,6.16,4.0,4.0,0
97,8x8,low,dispersed,12,low,null_dispatch,4,4,0,0,18,18,7.24,7.24,4.0,4.0,0
97,8x8,low,dispersed,12,high,baseline,8,8,1,1,18,18,12.14,12.14,9.75,9.75,0
97,8x8,low,dispersed,12,high,space_bits_only,8,8,1,0,18,18,12.14,11.24,9.75,8.0,1
97,8x8,low,dispersed,12,high,mask_only,8,8,1,1,18,12,12.14,11.06,9.75,9.75,0
97,8x8,low,dispersed,12,high,both,8,8,1,0,18,12,12.14,10.16,9.75,8.0,1
97,8x8,low,dispersed,12,high,null_dispatch,8,8,1,1,18,18,12.14,12.14,9.75,9.75,0
97,8x8,low,dispersed,18,low,baseline,3,3,0,0,18,18,6.24,6.24,3.0,3.0,0
97,8x8,low,dispersed,18,low,space_bits_only,3,3,0,0,18,18,6.24,6.24,3.0,3.0,0
97,8x8,low,dispersed,18,low,mask_only,3,3,0,0,18,18,6.24,6.24,3.0,3.0,0
97,8x8,low,dispersed,18,low,both,3,3,0,0,18,18,6.24,6.24,3.0,3.0,0
97,8x8,low,dispersed,18,low,null_dispatch,3,3,0,0,18,18,6.24,6.24,3.0,3.0,0
97,8x8,low,dispersed,18,high,baseline,4,4,0,0,18,18,7.24,7.24,4.0,4.0,0
97,8x8,low,dispersed,18,high,space_bits_only,4,4,0,0,18,18,7.24,7.24,4.0,4.0,0
97,8x8,low,dispersed,18,high,mask_only,4,4,0,0,18,18,7.24,7.24,4.0,4.0,0
97,8x8,low,dispersed,18,high,both,4,4,0,0,18,18,7.24,7.24,4.0,4.0,0
97,8x8,low,dispersed,18,high,null_dispatch,4,4,0,0,18,18,7.24,7.24,4.0,4.0,0
97,8x8,medium,clustered,4,low,baseline,4,4,1,1,18,18,8.14,8.14,5.75,5.75,0
97,8x8,medium,clustered,4,low,space_bits_only,4,4,1,1,18,18,8.14,8.14,5.75,5.75,0
97,8x8,medium,clustered,4,low,mask_only,4,4,1,1,18,4,8.14,5.62,5.75,5.75,0
97,8x8,medium,clustered,4,low,both,4,4,1,1,18,4,8.14,5.62,5.75,5.75,0
97,8x8,medium,clustered,4,low,null_dispatch,4,4,1,1,18,18,8.14,8.14,5.75,5.75,0
97,8x8,medium,clustered,4,high,baseline,5,5,1,1,18,18,9.14,9.14,6.75,6.75,0
97,8x8,medium,clustered,4,high,space_bits_only,5,5,1,0,18,18,9.14,8.24,6.75,5.0,1
97,8x8,medium,clustered,4,high,mask_only,5,5,1,1,18,4,9.14,6.62,6.75,6.75,0
97,8x8,medium,clustered,4,high,both,5,5,1,0,18,4,9.14,5.72,6.75,5.0,1
97,8x8,medium,clustered,4,high,null_dispatch,5,5,1,1,18,18,9.14,9.14,6.75,6.75,0
97,8x8,medium,clustered,8,low,baseline,4,4,1,1,18,18,8.14,8.14,5.75,5.75,0
97,8x8,medium,clustered,8,low,space_bits_only,4,4,1,0,18,18,8.14,7.24,5.75,4.0,1
97,8x8,medium,clustered,8,low,mask_only,4,4,1,1,18,8,8.14,6.34,5.75,5.75,0
97,8x8,medium,clustered,8,low,both,4,4,1,0,18,8,8.14,5.44,5.75,4.0,1
97,8x8,medium,clustered,8,low,null_dispatch,4,4,1,1,18,18,8.14,8.14,5.75,5.75,0
97,8x8,medium,clustered,8,high,baseline,3,3,0,0,18,18,6.24,6.24,3.0,3.0,0
97,8x8,medium,clustered,8,high,space_bits_only,3,3,0,0,18,18,6.24,6.24,3.0,3.0,0
97,8x8,medium,clustered,8,high,mask_only,3,3,0,0,18,8,6.24,4.44,3.0,3.0,0
97,8x8,medium,clustered,8,high,both,3,3,0,0,18,8,6.24,4.44,3.0,3.0,0
97,8x8,medium,clustered,8,high,null_dispatch,3,3,0,0,18,18,6.24,6.24,3.0,3.0,0
97,8x8,medium,clustered,12,low,baseline,4,4,0,0,18,18,7.24,7.24,4.0,4.0,0
97,8x8,medium,clustered,12,low,space_bits_only,4,4,0,0,18,18,7.24,7.24,4.0,4.0,0
97,8x8,medium,clustered,12,low,mask_only,4,4,0,0,18,12,7.24,6.16,4.0,4.0,0
97,8x8,medium,clustered,12,low,both,4,4,0,0,18,12,7.24,6.16,4.0,4.0,0
97,8x8,medium,clustered,12,low,null_dispatch,4,4,0,0,18,18,7.24,7.24,4.0,4.0,0
97,8x8,medium,clustered,12,high,baseline,4,4,0,0,18,18,7.24,7.24,4.0,4.0,0
97,8x8,medium,clustered,12,high,space_bits_only,4,4,0,0,18,18,7.24,7.24,4.0,4.0,0
97,8x8,medium,clustered,12,high,mask_only,4,4,0,0,18,12,7.24,6.16,4.0,4.0,0
97,8x8,medium,clustered,12,high,both,4,4,0,0,18,12,7.24,6.16,4.0,4.0,0
97,8x8,medium,clustered,12,high,null_dispatch,4,4,0,0,18,18,7.24,7.24,4.0,4.0,0
97,8x8,medium,clustered,18,low,baseline,4,4,0,0,18,18,7.24,7.24,4.0,4.0,0
97,8x8,medium,clustered,18,low,space_bits_only,4,4,0,0,18,18,7.24,7.24,4.0,4.0,0
97,8x8,medium,clustered,18,low,mask_only,4,4,0,0,18,18,7.24,7.24,4.0,4.0,0
97,8x8,medium,clustered,18,low,both,4,4,0,0,18,18,7.24,7.24,4.0,4.0,0
97,8x8,medium,clustered,18,low,null_dispatch,4,4,0,0,18,18,7.24,7.24,4.0,4.0,0
97,8x8,medium,clustered,18,high,baseline,3,3,0,0,18,18,6.24,6.24,3.0,3.0,0
97,8x8,medium,clustered,18,high,space_bits_only,3,3,0,0,18,18,6.24,6.24,3.0,3.0,0
97,8x8,medium,clustered,18,high,mask_only,3,3,0,0,18,18,6.24,6.24,3.0,3.0,0
97,8x8,medium,clustered,18,high,both,3,3,0,0,18,18,6.24,6.24,3.0,3.0,0
97,8x8,medium,clustered,18,high,null_dispatch,3,3,0,0,18,18,6.24,6.24,3.0,3.0,0
97,8x8,medium,dispersed,4,low,baseline,3,3,0,0,18,18,6.24,6.24,3.0,3.0,0
97,8x8,medium,dispersed,4,low,space_bits_only,3,3,0,0,18,18,6.24,6.24,3.0,3.0,0
97,8x8,medium,dispersed,4,low,mask_only,3,3,0,0,18,4,6.24,3.72,3.0,3.0,0
97,8x8,medium,dispersed,4,low,both,3,3,0,0,18,4,6.24,3.72,3.0,3.0,0
97,8x8,medium,dispersed,4,low,null_dispatch,3,3,0,0,18,18,6.24,6.24,3.0,3.0,0
97,8x8,medium,dispersed,4,high,baseline,6,6,0,0,18,18,9.24,9.24,6.0,6.0,0
97,8x8,medium,dispersed,4,high,space_bits_only,6,6,0,0,18,18,9.24,9.24,6.0,6.0,0
97,8x8,medium,dispersed,4,high,mask_only,6,6,0,0,18,4,9.24,6.72,6.0,6.0,0
97,8x8,medium,dispersed,4,high,both,6,6,0,0,18,4,9.24,6.72,6.0,6.0,0
97,8x8,medium,dispersed,4,high,null_dispatch,6,6,0,0,18,18,9.24,9.24,6.0,6.0,0
97,8x8,medium,dispersed,8,low,baseline,4,4,0,0,18,18,7.24,7.24,4.0,4.0,0
97,8x8,medium,dispersed,8,low,space_bits_only,4,4,0,0,18,18,7.24,7.24,4.0,4.0,0
97,8x8,medium,dispersed,8,low,mask_only,4,4,0,0,18,8,7.24,5.44,4.0,4.0,0
97,8x8,medium,dispersed,8,low,both,4,4,0,0,18,8,7.24,5.44,4.0,4.0,0
97,8x8,medium,dispersed,8,low,null_dispatch,4,4,0,0,18,18,7.24,7.24,4.0,4.0,0
97,8x8,medium,dispersed,8,high,baseline,7,7,1,1,18,18,11.14,11.14,8.75,8.75,0
97,8x8,medium,dispersed,8,high,space_bits_only,7,7,1,0,18,18,11.14,10.24,8.75,7.0,1
97,8x8,medium,dispersed,8,high,mask_only,7,7,1,1,18,8,11.14,9.34,8.75,8.75,0
97,8x8,medium,dispersed,8,high,both,7,7,1,0,18,8,11.14,8.44,8.75,7.0,1
97,8x8,medium,dispersed,8,high,null_dispatch,7,7,1,1,18,18,11.14,11.14,8.75,8.75,0
97,8x8,medium,dispersed,12,low,baseline,2,2,0,0,18,18,5.24,5.24,2.0,2.0,0
97,8x8,medium,dispersed,12,low,space_bits_only,2,2,0,0,18,18,5.24,5.24,2.0,2.0,0
97,8x8,medium,dispersed,12,low,mask_only,2,2,0,0,18,12,5.24,4.16,2.0,2.0,0
97,8x8,medium,dispersed,12,low,both,2,2,0,0,18,12,5.24,4.16,2.0,2.0,0
97,8x8,medium,dispersed,12,low,null_dispatch,2,2,0,0,18,18,5.24,5.24,2.0,2.0,0
97,8x8,medium,dispersed,12,high,baseline,2,2,0,0,18,18,5.24,5.24,2.0,2.0,0
97,8x8,medium,dispersed,12,high,space_bits_only,2,2,0,0,18,18,5.24,5.24,2.0,2.0,0
97,8x8,medium,dispersed,12,high,mask_only,2,2,0,0,18,12,5.24,4.16,2.0,2.0,0
97,8x8,medium,dispersed,12,high,both,2,2,0,0,18,12,5.24,4.16,2.0,2.0,0
97,8x8,medium,dispersed,12,high,null_dispatch,2,2,0,0,18,18,5.24,5.24,2.0,2.0,0
97,8x8,medium,dispersed,18,low,baseline,6,6,2,2,18,18,11.04,11.04,9.5,9.5,0
97,8x8,medium,dispersed,18,low,space_bits_only,6,6,2,2,18,18,11.04,11.04,9.5,9.5,0
97,8x8,medium,dispersed,18,low,mask_only,6,6,2,2,18,18,11.04,11.04,9.5,9.5,0
97,8x8,medium,dispersed,18,low,both,6,6,2,2,18,18,11.04,11.04,9.5,9.5,0
97,8x8,medium,dispersed,18,low,null_dispatch,6,6,2,2,18,18,11.04,11.04,9.5,9.5,0
97,8x8,medium,dispersed,18,high,baseline,4,4,0,0,18,18,7.24,7.24,4.0,4.0,0
97,8x8,medium,dispersed,18,high,space_bits_only,4,4,0,0,18,18,7.24,7.24,4.0,4.0,0
97,8x8,medium,dispersed,18,high,mask_only,4,4,0,0,18,18,7.24,7.24,4.0,4.0,0
97,8x8,medium,dispersed,18,high,both,4,4,0,0,18,18,7.24,7.24,4.0,4.0,0
97,8x8,medium,dispersed,18,high,null_dispatch,4,4,0,0,18,18,7.24,7.24,4.0,4.0,0
97,8x8,high,clustered,4,low,baseline,3,3,0,0,18,18,6.24,6.24,3.0,3.0,0
97,8x8,high,clustered,4,low,space_bits_only,3,3,0,0,18,18,6.24,6.24,3.0,3.0,0
97,8x8,high,clustered,4,low,mask_only,3,3,0,0,18,4,6.24,3.72,3.0,3.0,0
97,8x8,high,clustered,4,low,both,3,3,0,0,18,4,6.24,3.72,3.0,3.0,0
97,8x8,high,clustered,4,low,null_dispatch,3,3,0,0,18,18,6.24,6.24,3.0,3.0,0
97,8x8,high,clustered,4,high,baseline,5,5,0,0,18,18,8.24,8.24,5.0,5.0,0
97,8x8,high,clustered,4,high,space_bits_only,5,5,0,0,18,18,8.24,8.24,5.0,5.0,0
97,8x8,high,clustered,4,high,mask_only,5,5,0,0,18,4,8.24,5.72,5.0,5.0,0
97,8x8,high,clustered,4,high,both,5,5,0,0,18,4,8.24,5.72,5.0,5.0,0
97,8x8,high,clustered,4,high,null_dispatch,5,5,0,0,18,18,8.24,8.24,5.0,5.0,0
97,8x8,high,clustered,8,low,baseline,4,4,0,0,18,18,7.24,7.24,4.0,4.0,0
97,8x8,high,clustered,8,low,space_bits_only,4,4,0,0,18,18,7.24,7.24,4.0,4.0,0
97,8x8,high,clustered,8,low,mask_only,4,4,0,0,18,8,7.24,5.44,4.0,4.0,0
97,8x8,high,clustered,8,low,both,4,4,0,0,18,8,7.24,5.44,4.0,4.0,0
97,8x8,high,clustered,8,low,null_dispatch,4,4,0,0,18,18,7.24,7.24,4.0,4.0,0
97,8x8,high,clustered,8,high,baseline,6,6,0,0,18,18,9.24,9.24,6.0,6.0,0
97,8x8,high,clustered,8,high,space_bits_only,6,6,0,0,18,18,9.24,9.24,6.0,6.0,0
97,8x8,high,clustered,8,high,mask_only,6,6,0,0,18,8,9.24,7.44,6.0,6.0,0
97,8x8,high,clustered,8,high,both,6,6,0,0,18,8,9.24,7.44,6.0,6.0,0
97,8x8,high,clustered,8,high,null_dispatch,6,6,0,0,18,18,9.24,9.24,6.0,6.0,0
97,8x8,high,clustered,12,low,baseline,5,5,1,1,18,18,9.14,9.14,6.75,6.75,0
97,8x8,high,clustered,12,low,space_bits_only,5,5,1,1,18,18,9.14,9.14,6.75,6.75,0
97,8x8,high,clustered,12,low,mask_only,5,5,1,1,18,12,9.14,8.06,6.75,6.75,0
97,8x8,high,clustered,12,low,both,5,5,1,1,18,12,9.14,8.06,6.75,6.75,0
97,8x8,high,clustered,12,low,null_dispatch,5,5,1,1,18,18,9.14,9.14,6.75,6.75,0
97,8x8,high,clustered,12,high,baseline,4,4,0,0,18,18,7.24,7.24,4.0,4.0,0
97,8x8,high,clustered,12,high,space_bits_only,4,4,0,0,18,18,7.24,7.24,4.0,4.0,0
97,8x8,high,clustered,12,high,mask_only,4,4,0,0,18,12,7.24,6.16,4.0,4.0,0
97,8x8,high,clustered,12,high,both,4,4,0,0,18,12,7.24,6.16,4.0,4.0,0
97,8x8,high,clustered,12,high,null_dispatch,4,4,0,0,18,18,7.24,7.24,4.0,4.0,0
97,8x8,high,clustered,18,low,baseline,3,3,2,2,18,18,8.04,8.04,6.5,6.5,0
97,8x8,high,clustered,18,low,space_bits_only,3,3,2,0,18,18,8.04,6.24,6.5,3.0,1
97,8x8,high,clustered,18,low,mask_only,3,3,2,2,18,18,8.04,8.04,6.5,6.5,0
97,8x8,high,clustered,18,low,both,3,3,2,0,18,18,8.04,6.24,6.5,3.0,1
97,8x8,high,clustered,18,low,null_dispatch,3,3,2,2,18,18,8.04,8.04,6.5,6.5,0
97,8x8,high,clustered,18,high,baseline,4,4,0,0,18,18,7.24,7.24,4.0,4.0,0
97,8x8,high,clustered,18,high,space_bits_only,4,4,0,0,18,18,7.24,7.24,4.0,4.0,0
97,8x8,high,clustered,18,high,mask_only,4,4,0,0,18,18,7.24,7.24,4.0,4.0,0
97,8x8,high,clustered,18,high,both,4,4,0,0,18,18,7.24,7.24,4.0,4.0,0
97,8x8,high,clustered,18,high,null_dispatch,4,4,0,0,18,18,7.24,7.24,4.0,4.0,0
97,8x8,high,dispersed,4,low,baseline,6,6,1,1,18,18,10.14,10.14,7.75,7.75,0
97,8x8,high,dispersed,4,low,space_bits_only,6,6,1,0,18,18,10.14,9.24,7.75,6.0,1
97,8x8,high,dispersed,4,low,mask_only,6,6,1,1,18,4,10.14,7.62,7.75,7.75,0
97,8x8,high,dispersed,4,low,both,6,6,1,0,18,4,10.14,6.72,7.75,6.0,1
97,8x8,high,dispersed,4,low,null_dispatch,6,6,1,1,18,18,10.14,10.14,7.75,7.75,0
97,8x8,high,dispersed,4,high,baseline,3,3,0,0,18,18,6.24,6.24,3.0,3.0,0
97,8x8,high,dispersed,4,high,space_bits_only,3,3,0,0,18,18,6.24,6.24,3.0,3.0,0
97,8x8,high,dispersed,4,high,mask_only,3,3,0,0,18,4,6.24,3.72,3.0,3.0,0
97,8x8,high,dispersed,4,high,both,3,3,0,0,18,4,6.24,3.72,3.0,3.0,0
97,8x8,high,dispersed,4,high,null_dispatch,3,3,0,0,18,18,6.24,6.24,3.0,3.0,0
97,8x8,high,dispersed,8,low,baseline,4,4,0,0,18,18,7.24,7.24,4.0,4.0,0
97,8x8,high,dispersed,8,low,space_bits_only,4,4,0,0,18,18,7.24,7.24,4.0,4.0,0
97,8x8,high,dispersed,8,low,mask_only,4,4,0,0,18,8,7.24,5.44,4.0,4.0,0
97,8x8,high,dispersed,8,low,both,4,4,0,0,18,8,7.24,5.44,4.0,4.0,0
97,8x8,high,dispersed,8,low,null_dispatch,4,4,0,0,18,18,7.24,7.24,4.0,4.0,0
97,8x8,high,dispersed,8,high,baseline,7,7,1,1,18,18,11.14,11.14,8.75,8.75,0
97,8x8,high,dispersed,8,high,space_bits_only,7,7,1,0,18,18,11.14,10.24,8.75,7.0,1
97,8x8,high,dispersed,8,high,mask_only,7,7,1,1,18,8,11.14,9.34,8.75,8.75,0
97,8x8,high,dispersed,8,high,both,7,7,1,0,18,8,11.14,8.44,8.75,7.0,1
97,8x8,high,dispersed,8,high,null_dispatch,7,7,1,1,18,18,11.14,11.14,8.75,8.75,0
97,8x8,high,dispersed,12,low,baseline,3,3,0,0,18,18,6.24,6.24,3.0,3.0,0
97,8x8,high,dispersed,12,low,space_bits_only,3,3,0,0,18,18,6.24,6.24,3.0,3.0,0
97,8x8,high,dispersed,12,low,mask_only,3,3,0,0,18,12,6.24,5.16,3.0,3.0,0
97,8x8,high,dispersed,12,low,both,3,3,0,0,18,12,6.24,5.16,3.0,3.0,0
97,8x8,high,dispersed,12,low,null_dispatch,3,3,0,0,18,18,6.24,6.24,3.0,3.0,0
97,8x8,high,dispersed,12,high,baseline,8,8,1,1,18,18,12.14,12.14,9.75,9.75,0
97,8x8,high,dispersed,12,high,space_bits_only,8,8,1,0,18,18,12.14,11.24,9.75,8.0,1
97,8x8,high,dispersed,12,high,mask_only,8,8,1,1,18,12,12.14,11.06,9.75,9.75,0
97,8x8,high,dispersed,12,high,both,8,8,1,0,18,12,12.14,10.16,9.75,8.0,1
97,8x8,high,dispersed,12,high,null_dispatch,8,8,1,1,18,18,12.14,12.14,9.75,9.75,0
97,8x8,high,dispersed,18,low,baseline,7,7,0,0,18,18,10.24,10.24,7.0,7.0,0
97,8x8,high,dispersed,18,low,space_bits_only,7,7,0,0,18,18,10.24,10.24,7.0,7.0,0
97,8x8,high,dispersed,18,low,mask_only,7,7,0,0,18,18,10.24,10.24,7.0,7.0,0
97,8x8,high,dispersed,18,low,both,7,7,0,0,18,18,10.24,10.24,7.0,7.0,0
97,8x8,high,dispersed,18,low,null_dispatch,7,7,0,0,18,18,10.24,10.24,7.0,7.0,0
97,8x8,high,dispersed,18,high,baseline,5,5,0,0,18,18,8.24,8.24,5.0,5.0,0
97,8x8,high,dispersed,18,high,space_bits_only,5,5,0,0,18,18,8.24,8.24,5.0,5.0,0
97,8x8,high,dispersed,18,high,mask_only,5,5,0,0,18,18,8.24,8.24,5.0,5.0,0
97,8x8,high,dispersed,18,high,both,5,5,0,0,18,18,8.24,8.24,5.0,5.0,0
97,8x8,high,dispersed,18,high,null_dispatch,5,5,0,0,18,18,8.24,8.24,5.0,5.0,0
101,8x8,low,clustered,4,low,baseline,4,4,1,1,18,18,8.14,8.14,5.75,5.75,0
101,8x8,low,clustered,4,low,space_bits_only,4,4,1,0,18,18,8.14,7.24,5.75,4.0,1
101,8x8,low,clustered,4,low,mask_only,4,4,1,1,18,4,8.14,5.62,5.75,5.75,0
101,8x8,low,clustered,4,low,both,4,4,1,0,18,4,8.14,4.72,5.75,4.0,1
101,8x8,low,clustered,4,low,null_dispatch,4,4,1,1,18,18,8.14,8.14,5.75,5.75,0
101,8x8,low,clustered,4,high,baseline,3,3,0,0,18,18,6.24,6.24,3.0,3.0,0
101,8x8,low,clustered,4,high,space_bits_only,3,3,0,0,18,18,6.24,6.24,3.0,3.0,0
101,8x8,low,clustered,4,high,mask_only,3,3,0,0,18,4,6.24,3.72,3.0,3.0,0
101,8x8,low,clustered,4,high,both,3,3,0,0,18,4,6.24,3.72,3.0,3.0,0
101,8x8,low,clustered,4,high,null_dispatch,3,3,0,0,18,18,6.24,6.24,3.0,3.0,0
101,8x8,low,clustered,8,low,baseline,6,6,0,0,18,18,9.24,9.24,6.0,6.0,0
101,8x8,low,clustered,8,low,space_bits_only,6,6,0,0,18,18,9.24,9.24,6.0,6.0,0
101,8x8,low,clustered,8,low,mask_only,6,6,0,0,18,8,9.24,7.44,6.0,6.0,0
101,8x8,low,clustered,8,low,both,6,6,0,0,18,8,9.24,7.44,6.0,6.0,0
101,8x8,low,clustered,8,low,null_dispatch,6,6,0,0,18,18,9.24,9.24,6.0,6.0,0
101,8x8,low,clustered,8,high,baseline,5,5,0,0,18,18,8.24,8.24,5.0,5.0,0
101,8x8,low,clustered,8,high,space_bits_only,5,5,0,0,18,18,8.24,8.24,5.0,5.0,0
101,8x8,low,clustered,8,high,mask_only,5,5,0,0,18,8,8.24,6.44,5.0,5.0,0
101,8x8,low,clustered,8,high,both,5,5,0,0,18,8,8.24,6.44,5.0,5.0,0
101,8x8,low,clustered,8,high,null_dispatch,5,5,0,0,18,18,8.24,8.24,5.0,5.0,0
101,8x8,low,clustered,12,low,baseline,4,4,0,0,18,18,7.24,7.24,4.0,4.0,0
101,8x8,low,clustered,12,low,space_bits_only,4,4,0,0,18,18,7.24,7.24,4.0,4.0,0
101,8x8,low,clustered,12,low,mask_only,4,4,0,0,18,12,7.24,6.16,4.0,4.0,0
101,8x8,low,clustered,12,low,both,4,4,0,0,18,12,7.24,6.16,4.0,4.0,0
101,8x8,low,clustered,12,low,null_dispatch,4,4,0,0,18,18,7.24,7.24,4.0,4.0,0
101,8x8,low,clustered,12,high,baseline,2,2,0,0,18,18,5.24,5.24,2.0,2.0,0
101,8x8,low,clustered,12,high,space_bits_only,2,2,0,0,18,18,5.24,5.24,2.0,2.0,0
101,8x8,low,clustered,12,high,mask_only,2,2,0,0,18,12,5.24,4.16,2.0,2.0,0
101,8x8,low,clustered,12,high,both,2,2,0,0,18,12,5.24,4.16,2.0,2.0,0
101,8x8,low,clustered,12,high,null_dispatch,2,2,0,0,18,18,5.24,5.24,2.0,2.0,0
101,8x8,low,clustered,18,low,baseline,3,3,0,0,18,18,6.24,6.24,3.0,3.0,0
101,8x8,low,clustered,18,low,space_bits_only,3,3,0,0,18,18,6.24,6.24,3.0,3.0,0
101,8x8,low,clustered,18,low,mask_only,3,3,0,0,18,18,6.24,6.24,3.0,3.0,0
101,8x8,low,clustered,18,low,both,3,3,0,0,18,18,6.24,6.24,3.0,3.0,0
101,8x8,low,clustered,18,low,null_dispatch,3,3,0,0,18,18,6.24,6.24,3.0,3.0,0
101,8x8,low,clustered,18,high,baseline,5,5,0,0,18,18,8.24,8.24,5.0,5.0,0
101,8x8,low,clustered,18,high,space_bits_only,5,5,0,0,18,18,8.24,8.24,5.0,5.0,0
101,8x8,low,clustered,18,high,mask_only,5,5,0,0,18,18,8.24,8.24,5.0,5.0,0
101,8x8,low,clustered,18,high,both,5,5,0,0,18,18,8.24,8.24,5.0,5.0,0
101,8x8,low,clustered,18,high,null_dispatch,5,5,0,0,18,18,8.24,8.24,5.0,5.0,0
101,8x8,low,dispersed,4,low,baseline,6,6,0,0,18,18,9.24,9.24,6.0,6.0,0
101,8x8,low,dispersed,4,low,space_bits_only,6,6,0,0,18,18,9.24,9.24,6.0,6.0,0
101,8x8,low,dispersed,4,low,mask_only,6,6,0,0,18,4,9.24,6.72,6.0,6.0,0
101,8x8,low,dispersed,4,low,both,6,6,0,0,18,4,9.24,6.72,6.0,6.0,0
101,8x8,low,dispersed,4,low,null_dispatch,6,6,0,0,18,18,9.24,9.24,6.0,6.0,0
101,8x8,low,dispersed,4,high,baseline,5,5,0,0,18,18,8.24,8.24,5.0,5.0,0
101,8x8,low,dispersed,4,high,space_bits_only,5,5,0,0,18,18,8.24,8.24,5.0,5.0,0
101,8x8,low,dispersed,4,high,mask_only,5,5,0,0,18,4,8.24,5.72,5.0,5.0,0
101,8x8,low,dispersed,4,high,both,5,5,0,0,18,4,8.24,5.72,5.0,5.0,0
101,8x8,low,dispersed,4,high,null_dispatch,5,5,0,0,18,18,8.24,8.24,5.0,5.0,0
101,8x8,low,dispersed,8,low,baseline,6,6,1,1,18,18,10.14,10.14,7.75,7.75,0
101,8x8,low,dispersed,8,low,space_bits_only,6,6,1,1,18,18,10.14,10.14,7.75,7.75,0
101,8x8,low,dispersed,8,low,mask_only,6,6,1,1,18,8,10.14,8.34,7.75,7.75,0
101,8x8,low,dispersed,8,low,both,6,6,1,1,18,8,10.14,8.34,7.75,7.75,0
101,8x8,low,dispersed,8,low,null_dispatch,6,6,1,1,18,18,10.14,10.14,7.75,7.75,0
101,8x8,low,dispersed,8,high,baseline,4,4,0,0,18,18,7.24,7.24,4.0,4.0,0
101,8x8,low,dispersed,8,high,space_bits_only,4,4,0,0,18,18,7.24,7.24,4.0,4.0,0
101,8x8,low,dispersed,8,high,mask_only,4,4,0,0,18,8,7.24,5.44,4.0,4.0,0
101,8x8,low,dispersed,8,high,both,4,4,0,0,18,8,7.24,5.44,4.0,4.0,0
101,8x8,low,dispersed,8,high,null_dispatch,4,4,0,0,18,18,7.24,7.24,4.0,4.0,0
101,8x8,low,dispersed,12,low,baseline,6,6,0,0,18,18,9.24,9.24,6.0,6.0,0
101,8x8,low,dispersed,12,low,space_bits_only,6,6,0,0,18,18,9.24,9.24,6.0,6.0,0
101,8x8,low,dispersed,12,low,mask_only,6,6,0,0,18,12,9.24,8.16,6.0,6.0,0
101,8x8,low,dispersed,12,low,both,6,6,0,0,18,12,9.24,8.16,6.0,6.0,0
101,8x8,low,dispersed,12,low,null_dispatch,6,6,0,0,18,18,9.24,9.24,6.0,6.0,0
101,8x8,low,dispersed,12,high,baseline,5,5,1,1,18,18,9.14,9.14,6.75,6.75,0
101,8x8,low,dispersed,12,high,space_bits_only,5,5,1,1,18,18,9.14,9.14,6.75,6.75,0
101,8x8,low,dispersed,12,high,mask_only,5,5,1,1,18,12,9.14,8.06,6.75,6.75,0
101,8x8,low,dispersed,12,high,both,5,5,1,1,18,12,9.14,8.06,6.75,6.75,0
101,8x8,low,dispersed,12,high,null_dispatch,5,5,1,1,18,18,9.14,9.14,6.75,6.75,0
101,8x8,low,dispersed,18,low,baseline,6,6,0,0,18,18,9.24,9.24,6.0,6.0,0
101,8x8,low,dispersed,18,low,space_bits_only,6,6,0,0,18,18,9.24,9.24,6.0,6.0,0
101,8x8,low,dispersed,18,low,mask_only,6,6,0,0,18,18,9.24,9.24,6.0,6.0,0
101,8x8,low,dispersed,18,low,both,6,6,0,0,18,18,9.24,9.24,6.0,6.0,0
101,8x8,low,dispersed,18,low,null_dispatch,6,6,0,0,18,18,9.24,9.24,6.0,6.0,0
101,8x8,low,dispersed,18,high,baseline,4,4,0,0,18,18,7.24,7.24,4.0,4.0,0
101,8x8,low,dispersed,18,high,space_bits_only,4,4,0,0,18,18,7.24,7.24,4.0,4.0,0
101,8x8,low,dispersed,18,high,mask_only,4,4,0,0,18,18,7.24,7.24,4.0,4.0,0
101,8x8,low,dispersed,18,high,both,4,4,0,0,18,18,7.24,7.24,4.0,4.0,0
101,8x8,low,dispersed,18,high,null_dispatch,4,4,0,0,18,18,7.24,7.24,4.0,4.0,0
101,8x8,medium,clustered,4,low,baseline,6,6,0,0,18,18,9.24,9.24,6.0,6.0,0
101,8x8,medium,clustered,4,low,space_bits_only,6,6,0,0,18,18,9.24,9.24,6.0,6.0,0
101,8x8,medium,clustered,4,low,mask_only,6,6,0,0,18,4,9.24,6.72,6.0,6.0,0
101,8x8,medium,clustered,4,low,both,6,6,0,0,18,4,9.24,6.72,6.0,6.0,0
101,8x8,medium,clustered,4,low,null_dispatch,6,6,0,0,18,18,9.24,9.24,6.0,6.0,0
101,8x8,medium,clustered,4,high,baseline,5,5,1,1,18,18,9.14,9.14,6.75,6.75,0
101,8x8,medium,clustered,4,high,space_bits_only,5,5,1,0,18,18,9.14,8.24,6.75,5.0,1
101,8x8,medium,clustered,4,high,mask_only,5,5,1,1,18,4,9.14,6.62,6.75,6.75,0
101,8x8,medium,clustered,4,high,both,5,5,1,0,18,4,9.14,5.72,6.75,5.0,1
101,8x8,medium,clustered,4,high,null_dispatch,5,5,1,1,18,18,9.14,9.14,6.75,6.75,0
101,8x8,medium,clustered,8,low,baseline,2,2,0,0,18,18,5.24,5.24,2.0,2.0,0
101,8x8,medium,clustered,8,low,space_bits_only,2,2,0,0,18,18,5.24,5.24,2.0,2.0,0
101,8x8,medium,clustered,8,low,mask_only,2,2,0,0,18,8,5.24,3.44,2.0,2.0,0
101,8x8,medium,clustered,8,low,both,2,2,0,0,18,8,5.24,3.44,2.0,2.0,0
101,8x8,medium,clustered,8,low,null_dispatch,2,2,0,0,18,18,5.24,5.24,2.0,2.0,0
101,8x8,medium,clustered,8,high,baseline,6,6,0,0,18,18,9.24,9.24,6.0,6.0,0
101,8x8,medium,clustered,8,high,space_bits_only,6,6,0,0,18,18,9.24,9.24,6.0,6.0,0
101,8x8,medium,clustered,8,high,mask_only,6,6,0,0,18,8,9.24,7.44,6.0,6.0,0
101,8x8,medium,clustered,8,high,both,6,6,0,0,18,8,9.24,7.44,6.0,6.0,0
101,8x8,medium,clustered,8,high,null_dispatch,6,6,0,0,18,18,9.24,9.24,6.0,6.0,0
101,8x8,medium,clustered,12,low,baseline,3,3,0,0,18,18,6.24,6.24,3.0,3.0,0
101,8x8,medium,clustered,12,low,space_bits_only,3,3,0,0,18,18,6.24,6.24,3.0,3.0,0
101,8x8,medium,clustered,12,low,mask_only,3,3,0,0,18,12,6.24,5.16,3.0,3.0,0
101,8x8,medium,clustered,12,low,both,3,3,0,0,18,12,6.24,5.16,3.0,3.0,0
101,8x8,medium,clustered,12,low,null_dispatch,3,3,0,0,18,18,6.24,6.24,3.0,3.0,0
101,8x8,medium,clustered,12,high,baseline,5,5,0,0,18,18,8.24,8.24,5.0,5.0,0
101,8x8,medium,clustered,12,high,space_bits_only,5,5,0,0,18,18,8.24,8.24,5.0,5.0,0
101,8x8,medium,clustered,12,high,mask_only,5,5,0,0,18,12,8.24,7.16,5.0,5.0,0
101,8x8,medium,clustered,12,high,both,5,5,0,0,18,12,8.24,7.16,5.0,5.0,0
101,8x8,medium,clustered,12,high,null_dispatch,5,5,0,0,18,18,8.24,8.24,5.0,5.0,0
101,8x8,medium,clustered,18,low,baseline,4,4,0,0,18,18,7.24,7.24,4.0,4.0,0
101,8x8,medium,clustered,18,low,space_bits_only,4,4,0,0,18,18,7.24,7.24,4.0,4.0,0
101,8x8,medium,clustered,18,low,mask_only,4,4,0,0,18,18,7.24,7.24,4.0,4.0,0
101,8x8,medium,clustered,18,low,both,4,4,0,0,18,18,7.24,7.24,4.0,4.0,0
101,8x8,medium,clustered,18,low,null_dispatch,4,4,0,0,18,18,7.24,7.24,4.0,4.0,0
101,8x8,medium,clustered,18,high,baseline,2,2,0,0,18,18,5.24,5.24,2.0,2.0,0
101,8x8,medium,clustered,18,high,space_bits_only,2,2,0,0,18,18,5.24,5.24,2.0,2.0,0
101,8x8,medium,clustered,18,high,mask_only,2,2,0,0,18,18,5.24,5.24,2.0,2.0,0
101,8x8,medium,clustered,18,high,both,2,2,0,0,18,18,5.24,5.24,2.0,2.0,0
101,8x8,medium,clustered,18,high,null_dispatch,2,2,0,0,18,18,5.24,5.24,2.0,2.0,0
101,8x8,medium,dispersed,4,low,baseline,5,5,1,1,18,18,9.14,9.14,6.75,6.75,0
101,8x8,medium,dispersed,4,low,space_bits_only,5,5,1,0,18,18,9.14,8.24,6.75,5.0,1
101,8x8,medium,dispersed,4,low,mask_only,5,5,1,1,18,4,9.14,6.62,6.75,6.75,0
101,8x8,medium,dispersed,4,low,both,5,5,1,0,18,4,9.14,5.72,6.75,5.0,1
101,8x8,medium,dispersed,4,low,null_dispatch,5,5,1,1,18,18,9.14,9.14,6.75,6.75,0
101,8x8,medium,dispersed,4,high,baseline,6,6,1,1,18,18,10.14,10.14,7.75,7.75,0
101,8x8,medium,dispersed,4,high,space_bits_only,6,6,1,0,18,18,10.14,9.24,7.75,6.0,1
101,8x8,medium,dispersed,4,high,mask_only,6,6,1,1,18,4,10.14,7.62,7.75,7.75,0
101,8x8,medium,dispersed,4,high,both,6,6,1,0,18,4,10.14,6.72,7.75,6.0,1
101,8x8,medium,dispersed,4,high,null_dispatch,6,6,1,1,18,18,10.14,10.14,7.75,7.75,0
101,8x8,medium,dispersed,8,low,baseline,4,4,0,0,18,18,7.24,7.24,4.0,4.0,0
101,8x8,medium,dispersed,8,low,space_bits_only,4,4,0,0,18,18,7.24,7.24,4.0,4.0,0
101,8x8,medium,dispersed,8,low,mask_only,4,4,0,0,18,8,7.24,5.44,4.0,4.0,0
101,8x8,medium,dispersed,8,low,both,4,4,0,0,18,8,7.24,5.44,4.0,4.0,0
101,8x8,medium,dispersed,8,low,null_dispatch,4,4,0,0,18,18,7.24,7.24,4.0,4.0,0
101,8x8,medium,dispersed,8,high,baseline,5,5,0,0,18,18,8.24,8.24,5.0,5.0,0
101,8x8,medium,dispersed,8,high,space_bits_only,5,5,0,0,18,18,8.24,8.24,5.0,5.0,0
101,8x8,medium,dispersed,8,high,mask_only,5,5,0,0,18,8,8.24,6.44,5.0,5.0,0
101,8x8,medium,dispersed,8,high,both,5,5,0,0,18,8,8.24,6.44,5.0,5.0,0
101,8x8,medium,dispersed,8,high,null_dispatch,5,5,0,0,18,18,8.24,8.24,5.0,5.0,0
101,8x8,medium,dispersed,12,low,baseline,4,4,0,0,18,18,7.24,7.24,4.0,4.0,0
101,8x8,medium,dispersed,12,low,space_bits_only,4,4,0,0,18,18,7.24,7.24,4.0,4.0,0
101,8x8,medium,dispersed,12,low,mask_only,4,4,0,0,18,12,7.24,6.16,4.0,4.0,0
101,8x8,medium,dispersed,12,low,both,4,4,0,0,18,12,7.24,6.16,4.0,4.0,0
101,8x8,medium,dispersed,12,low,null_dispatch,4,4,0,0,18,18,7.24,7.24,4.0,4.0,0
101,8x8,medium,dispersed,12,high,baseline,5,5,1,1,18,18,9.14,9.14,6.75,6.75,0
101,8x8,medium,dispersed,12,high,space_bits_only,5,5,1,0,18,18,9.14,8.24,6.75,5.0,1
101,8x8,medium,dispersed,12,high,mask_only,5,5,1,1,18,12,9.14,8.06,6.75,6.75,0
101,8x8,medium,dispersed,12,high,both,5,5,1,0,18,12,9.14,7.16,6.75,5.0,1
101,8x8,medium,dispersed,12,high,null_dispatch,5,5,1,1,18,18,9.14,9.14,6.75,6.75,0
101,8x8,medium,dispersed,18,low,baseline,2,2,1,1,18,18,6.14,6.14,3.75,3.75,0
101,8x8,medium,dispersed,18,low,space_bits_only,2,2,1,1,18,18,6.14,6.14,3.75,3.75,0
101,8x8,medium,dispersed,18,low,mask_only,2,2,1,1,18,18,6.14,6.14,3.75,3.75,0
101,8x8,medium,dispersed,18,low,both,2,2,1,1,18,18,6.14,6.14,3.75,3.75,0
101,8x8,medium,dispersed,18,low,null_dispatch,2,2,1,1,18,18,6.14,6.14,3.75,3.75,0
101,8x8,medium,dispersed,18,high,baseline,7,7,1,1,18,18,11.14,11.14,8.75,8.75,0
101,8x8,medium,dispersed,18,high,space_bits_only,7,7,1,0,18,18,11.14,10.24,8.75,7.0,1
101,8x8,medium,dispersed,18,high,mask_only,7,7,1,1,18,18,11.14,11.14,8.75,8.75,0
101,8x8,medium,dispersed,18,high,both,7,7,1,0,18,18,11.14,10.24,8.75,7.0,1
101,8x8,medium,dispersed,18,high,null_dispatch,7,7,1,1,18,18,11.14,11.14,8.75,8.75,0
101,8x8,high,clustered,4,low,baseline,4,4,0,0,18,18,7.24,7.24,4.0,4.0,0
101,8x8,high,clustered,4,low,space_bits_only,4,4,0,0,18,18,7.24,7.24,4.0,4.0,0
101,8x8,high,clustered,4,low,mask_only,4,4,0,0,18,4,7.24,4.72,4.0,4.0,0
101,8x8,high,clustered,4,low,both,4,4,0,0,18,4,7.24,4.72,4.0,4.0,0
101,8x8,high,clustered,4,low,null_dispatch,4,4,0,0,18,18,7.24,7.24,4.0,4.0,0
101,8x8,high,clustered,4,high,baseline,4,4,0,0,18,18,7.24,7.24,4.0,4.0,0
101,8x8,high,clustered,4,high,space_bits_only,4,4,0,0,18,18,7.24,7.24,4.0,4.0,0
101,8x8,high,clustered,4,high,mask_only,4,4,0,0,18,4,7.24,4.72,4.0,4.0,0
101,8x8,high,clustered,4,high,both,4,4,0,0,18,4,7.24,4.72,4.0,4.0,0
101,8x8,high,clustered,4,high,null_dispatch,4,4,0,0,18,18,7.24,7.24,4.0,4.0,0
101,8x8,high,clustered,8,low,baseline,6,6,1,1,18,18,10.14,10.14,7.75,7.75,0
101,8x8,high,clustered,8,low,space_bits_only,6,6,1,1,18,18,10.14,10.14,7.75,7.75,1
101,8x8,high,clustered,8,low,mask_only,6,6,1,1,18,8,10.14,8.34,7.75,7.75,0
101,8x8,high,clustered,8,low,both,6,6,1,1,18,8,10.14,8.34,7.75,7.75,1
101,8x8,high,clustered,8,low,null_dispatch,6,6,1,1,18,18,10.14,10.14,7.75,7.75,0
101,8x8,high,clustered,8,high,baseline,4,4,0,0,18,18,7.24,7.24,4.0,4.0,0
101,8x8,high,clustered,8,high,space_bits_only,4,4,0,0,18,18,7.24,7.24,4.0,4.0,0
101,8x8,high,clustered,8,high,mask_only,4,4,0,0,18,8,7.24,5.44,4.0,4.0,0
101,8x8,high,clustered,8,high,both,4,4,0,0,18,8,7.24,5.44,4.0,4.0,0
101,8x8,high,clustered,8,high,null_dispatch,4,4,0,0,18,18,7.24,7.24,4.0,4.0,0
101,8x8,high,clustered,12,low,baseline,3,3,2,2,18,18,8.04,8.04,6.5,6.5,0
101,8x8,high,clustered,12,low,space_bits_only,3,3,2,1,18,18,8.04,7.14,6.5,4.75,1
101,8x8,high,clustered,12,low,mask_only,3,3,2,2,18,12,8.04,6.96,6.5,6.5,0
101,8x8,high,clustered,12,low,both,3,3,2,1,18,12,8.04,6.06,6.5,4.75,1
101,8x8,high,clustered,12,low,null_dispatch,3,3,2,2,18,18,8.04,8.04,6.5,6.5,0
101,8x8,high,clustered,12,high,baseline,4,4,2,2,18,18,9.04,9.04,7.5,7.5,0
101,8x8,high,clustered,12,high,space_bits_only,4,4,2,0,18,18,9.04,7.24,7.5,4.0,1
101,8x8,high,clustered,12,high,mask_only,4,4,2,2,18,12,9.04,7.96,7.5,7.5,0
101,8x8,high,clustered,12,high,both,4,4,2,0,18,12,9.04,6.16,7.5,4.0,1
101,8x8,high,clustered,12,high,null_dispatch,4,4,2,2,18,18,9.04,9.04,7.5,7.5,0
101,8x8,high,clustered,18,low,baseline,5,5,1,1,18,18,9.14,9.14,6.75,6.75,0
101,8x8,high,clustered,18,low,space_bits_only,5,5,1,0,18,18,9.14,8.24,6.75,5.0,1
101,8x8,high,clustered,18,low,mask_only,5,5,1,1,18,18,9.14,9.14,6.75,6.75,0
101,8x8,high,clustered,18,low,both,5,5,1,0,18,18,9.14,8.24,6.75,5.0,1
101,8x8,high,clustered,18,low,null_dispatch,5,5,1,1,18,18,9.14,9.14,6.75,6.75,0
101,8x8,high,clustered,18,high,baseline,4,4,0,0,18,18,7.24,7.24,4.0,4.0,0
101,8x8,high,clustered,18,high,space_bits_only,4,4,0,0,18,18,7.24,7.24,4.0,4.0,0
101,8x8,high,clustered,18,high,mask_only,4,4,0,0,18,18,7.24,7.24,4.0,4.0,0
101,8x8,high,clustered,18,high,both,4,4,0,0,18,18,7.24,7.24,4.0,4.0,0
101,8x8,high,clustered,18,high,null_dispatch,4,4,0,0,18,18,7.24,7.24,4.0,4.0,0
101,8x8,high,dispersed,4,low,baseline,4,4,1,1,18,18,8.14,8.14,5.75,5.75,0
101,8x8,high,dispersed,4,low,space_bits_only,4,4,1,1,18,18,8.14,8.14,5.75,5.75,0
101,8x8,high,dispersed,4,low,mask_only,4,4,1,1,18,4,8.14,5.62,5.75,5.75,0
101,8x8,high,dispersed,4,low,both,4,4,1,1,18,4,8.14,5.62,5.75,5.75,0
101,8x8,high,dispersed,4,low,null_dispatch,4,4,1,1,18,18,8.14,8.14,5.75,5.75,0
101,8x8,high,dispersed,4,high,baseline,5,5,0,0,18,18,8.24,8.24,5.0,5.0,0
101,8x8,high,dispersed,4,high,space_bits_only,5,5,0,0,18,18,8.24,8.24,5.0,5.0,0
101,8x8,high,dispersed,4,high,mask_only,5,5,0,0,18,4,8.24,5.72,5.0,5.0,0
101,8x8,high,dispersed,4,high,both,5,5,0,0,18,4,8.24,5.72,5.0,5.0,0
101,8x8,high,dispersed,4,high,null_dispatch,5,5,0,0,18,18,8.24,8.24,5.0,5.0,0
101,8x8,high,dispersed,8,low,baseline,2,2,0,0,18,18,5.24,5.24,2.0,2.0,0
101,8x8,high,dispersed,8,low,space_bits_only,2,2,0,0,18,18,5.24,5.24,2.0,2.0,0
101,8x8,high,dispersed,8,low,mask_only,2,2,0,0,18,8,5.24,3.44,2.0,2.0,0
101,8x8,high,dispersed,8,low,both,2,2,0,0,18,8,5.24,3.44,2.0,2.0,0
101,8x8,high,dispersed,8,low,null_dispatch,2,2,0,0,18,18,5.24,5.24,2.0,2.0,0
101,8x8,high,dispersed,8,high,baseline,2,2,0,0,18,18,5.24,5.24,2.0,2.0,0
101,8x8,high,dispersed,8,high,space_bits_only,2,2,0,0,18,18,5.24,5.24,2.0,2.0,0
101,8x8,high,dispersed,8,high,mask_only,2,2,0,0,18,8,5.24,3.44,2.0,2.0,0
101,8x8,high,dispersed,8,high,both,2,2,0,0,18,8,5.24,3.44,2.0,2.0,0
101,8x8,high,dispersed,8,high,null_dispatch,2,2,0,0,18,18,5.24,5.24,2.0,2.0,0
101,8x8,high,dispersed,12,low,baseline,5,5,1,1,18,18,9.14,9.14,6.75,6.75,0
101,8x8,high,dispersed,12,low,space_bits_only,5,5,1,1,18,18,9.14,9.14,6.75,6.75,1
101,8x8,high,dispersed,12,low,mask_only,5,5,1,1,18,12,9.14,8.06,6.75,6.75,0
101,8x8,high,dispersed,12,low,both,5,5,1,1,18,12,9.14,8.06,6.75,6.75,1
101,8x8,high,dispersed,12,low,null_dispatch,5,5,1,1,18,18,9.14,9.14,6.75,6.75,0
101,8x8,high,dispersed,12,high,baseline,3,3,0,0,18,18,6.24,6.24,3.0,3.0,0
101,8x8,high,dispersed,12,high,space_bits_only,3,3,0,0,18,18,6.24,6.24,3.0,3.0,0
101,8x8,high,dispersed,12,high,mask_only,3,3,0,0,18,12,6.24,5.16,3.0,3.0,0
101,8x8,high,dispersed,12,high,both,3,3,0,0,18,12,6.24,5.16,3.0,3.0,0
101,8x8,high,dispersed,12,high,null_dispatch,3,3,0,0,18,18,6.24,6.24,3.0,3.0,0
101,8x8,high,dispersed,18,low,baseline,4,4,1,1,18,18,8.14,8.14,5.75,5.75,0
101,8x8,high,dispersed,18,low,space_bits_only,4,4,1,0,18,18,8.14,7.24,5.75,4.0,1
101,8x8,high,dispersed,18,low,mask_only,4,4,1,1,18,18,8.14,8.14,5.75,5.75,0
101,8x8,high,dispersed,18,low,both,4,4,1,0,18,18,8.14,7.24,5.75,4.0,1
101,8x8,high,dispersed,18,low,null_dispatch,4,4,1,1,18,18,8.14,8.14,5.75,5.75,0
101,8x8,high,dispersed,18,high,baseline,5,5,1,1,18,18,9.14,9.14,6.75,6.75,0
101,8x8,high,dispersed,18,high,space_bits_only,5,5,1,0,18,18,9.14,8.24,6.75,5.0,1
101,8x8,high,dispersed,18,high,mask_only,5,5,1,1,18,18,9.14,9.14,6.75,6.75,0
101,8x8,high,dispersed,18,high,both,5,5,1,0,18,18,9.14,8.24,6.75,5.0,1
101,8x8,high,dispersed,18,high,null_dispatch,5,5,1,1,18,18,9.14,9.14,6.75,6.75,0
11,12x12,low,clustered,4,low,baseline,5,5,0,0,18,18,8.24,8.24,5.0,5.0,0
11,12x12,low,clustered,4,low,space_bits_only,5,5,0,0,18,18,8.24,8.24,5.0,5.0,0
11,12x12,low,clustered,4,low,mask_only,5,5,0,0,18,4,8.24,5.72,5.0,5.0,0
11,12x12,low,clustered,4,low,both,5,5,0,0,18,4,8.24,5.72,5.0,5.0,0
11,12x12,low,clustered,4,low,null_dispatch,5,5,0,0,18,18,8.24,8.24,5.0,5.0,0
11,12x12,low,clustered,4,high,baseline,4,4,0,0,18,18,7.24,7.24,4.0,4.0,0
11,12x12,low,clustered,4,high,space_bits_only,4,4,0,0,18,18,7.24,7.24,4.0,4.0,0
11,12x12,low,clustered,4,high,mask_only,4,4,0,0,18,4,7.24,4.72,4.0,4.0,0
11,12x12,low,clustered,4,high,both,4,4,0,0,18,4,7.24,4.72,4.0,4.0,0
11,12x12,low,clustered,4,high,null_dispatch,4,4,0,0,18,18,7.24,7.24,4.0,4.0,0
11,12x12,low,clustered,8,low,baseline,4,4,0,0,18,18,7.24,7.24,4.0,4.0,0
11,12x12,low,clustered,8,low,space_bits_only,4,4,0,0,18,18,7.24,7.24,4.0,4.0,0
11,12x12,low,clustered,8,low,mask_only,4,4,0,0,18,8,7.24,5.44,4.0,4.0,0
11,12x12,low,clustered,8,low,both,4,4,0,0,18,8,7.24,5.44,4.0,4.0,0
11,12x12,low,clustered,8,low,null_dispatch,4,4,0,0,18,18,7.24,7.24,4.0,4.0,0
11,12x12,low,clustered,8,high,baseline,4,4,0,0,18,18,7.24,7.24,4.0,4.0,0
11,12x12,low,clustered,8,high,space_bits_only,4,4,0,0,18,18,7.24,7.24,4.0,4.0,0
11,12x12,low,clustered,8,high,mask_only,4,4,0,0,18,8,7.24,5.44,4.0,4.0,0
11,12x12,low,clustered,8,high,both,4,4,0,0,18,8,7.24,5.44,4.0,4.0,0
11,12x12,low,clustered,8,high,null_dispatch,4,4,0,0,18,18,7.24,7.24,4.0,4.0,0
11,12x12,low,clustered,12,low,baseline,4,4,0,0,18,18,7.24,7.24,4.0,4.0,0
11,12x12,low,clustered,12,low,space_bits_only,4,4,0,0,18,18,7.24,7.24,4.0,4.0,0
11,12x12,low,clustered,12,low,mask_only,4,4,0,0,18,12,7.24,6.16,4.0,4.0,0
11,12x12,low,clustered,12,low,both,4,4,0,0,18,12,7.24,6.16,4.0,4.0,0
11,12x12,low,clustered,12,low,null_dispatch,4,4,0,0,18,18,7.24,7.24,4.0,4.0,0
11,12x12,low,clustered,12,high,baseline,6,6,0,0,18,18,9.24,9.24,6.0,6.0,0
11,12x12,low,clustered,12,high,space_bits_only,6,6,0,0,18,18,9.24,9.24,6.0,6.0,0
11,12x12,low,clustered,12,high,mask_only,6,6,0,0,18,12,9.24,8.16,6.0,6.0,0
11,12x12,low,clustered,12,high,both,6,6,0,0,18,12,9.24,8.16,6.0,6.0,0
11,12x12,low,clustered,12,high,null_dispatch,6,6,0,0,18,18,9.24,9.24,6.0,6.0,0
11,12x12,low,clustered,18,low,baseline,4,4,0,0,18,18,7.24,7.24,4.0,4.0,0
11,12x12,low,clustered,18,low,space_bits_only,4,4,0,0,18,18,7.24,7.24,4.0,4.0,0
11,12x12,low,clustered,18,low,mask_only,4,4,0,0,18,18,7.24,7.24,4.0,4.0,0
11,12x12,low,clustered,18,low,both,4,4,0,0,18,18,7.24,7.24,4.0,4.0,0
11,12x12,low,clustered,18,low,null_dispatch,4,4,0,0,18,18,7.24,7.24,4.0,4.0,0
11,12x12,low,clustered,18,high,baseline,4,4,0,0,18,18,7.24,7.24,4.0,4.0,0
11,12x12,low,clustered,18,high,space_bits_only,4,4,0,0,18,18,7.24,7.24,4.0,4.0,0
11,12x12,low,clustered,18,high,mask_only,4,4,0,0,18,18,7.24,7.24,4.0,4.0,0
11,12x12,low,clustered,18,high,both,4,4,0,0,18,18,7.24,7.24,4.0,4.0,0
11,12x12,low,clustered,18,high,null_dispatch,4,4,0,0,18,18,7.24,7.24,4.0,4.0,0
11,12x12,low,dispersed,4,low,baseline,6,6,0,0,18,18,9.24,9.24,6.0,6.0,0
11,12x12,low,dispersed,4,low,space_bits_only,6,6,0,0,18,18,9.24,9.24,6.0,6.0,0
11,12x12,low,dispersed,4,low,mask_only,6,6,0,0,18,4,9.24,6.72,6.0,6.0,0
11,12x12,low,dispersed,4,low,both,6,6,0,0,18,4,9.24,6.72,6.0,6.0,0
11,12x12,low,dispersed,4,low,null_dispatch,6,6,0,0,18,18,9.24,9.24,6.0,6.0,0
11,12x12,low,dispersed,4,high,baseline,9,9,0,0,18,18,12.24,12.24,9.0,9.0,0
11,12x12,low,dispersed,4,high,space_bits_only,9,9,0,0,18,18,12.24,12.24,9.0,9.0,0
11,12x12,low,dispersed,4,high,mask_only,9,9,0,0,18,4,12.24,9.72,9.0,9.0,0
11,12x12,low,dispersed,4,high,both,9,9,0,0,18,4,12.24,9.72,9.0,9.0,0
11,12x12,low,dispersed,4,high,null_dispatch,9,9,0,0,18,18,12.24,12.24,9.0,9.0,0
11,12x12,low,dispersed,8,low,baseline,4,4,0,0,18,18,7.24,7.24,4.0,4.0,0
11,12x12,low,dispersed,8,low,space_bits_only,4,4,0,0,18,18,7.24,7.24,4.0,4.0,0
11,12x12,low,dispersed,8,low,mask_only,4,4,0,0,18,8,7.24,5.44,4.0,4.0,0
11,12x12,low,dispersed,8,low,both,4,4,0,0,18,8,7.24,5.44,4.0,4.0,0
11,12x12,low,dispersed,8,low,null_dispatch,4,4,0,0,18,18,7.24,7.24,4.0,4.0,0
11,12x12,low,dispersed,8,high,baseline,4,4,0,0,18,18,7.24,7.24,4.0,4.0,0
11,12x12,low,dispersed,8,high,space_bits_only,4,4,0,0,18,18,7.24,7.24,4.0,4.0,0
11,12x12,low,dispersed,8,high,mask_only,4,4,0,0,18,8,7.24,5.44,4.0,4.0,0
11,12x12,low,dispersed,8,high,both,4,4,0,0,18,8,7.24,5.44,4.0,4.0,0
11,12x12,low,dispersed,8,high,null_dispatch,4,4,0,0,18,18,7.24,7.24,4.0,4.0,0
11,12x12,low,dispersed,12,low,baseline,5,5,0,0,18,18,8.24,8.24,5.0,5.0,0
11,12x12,low,dispersed,12,low,space_bits_only,5,5,0,0,18,18,8.24,8.24,5.0,5.0,0
11,12x12,low,dispersed,12,low,mask_only,5,5,0,0,18,12,8.24,7.16,5.0,5.0,0
11,12x12,low,dispersed,12,low,both,5,5,0,0,18,12,8.24,7.16,5.0,5.0,0
11,12x12,low,dispersed,12,low,null_dispatch,5,5,0,0,18,18,8.24,8.24,5.0,5.0,0
11,12x12,low,dispersed,12,high,baseline,8,8,0,0,18,18,11.24,11.24,8.0,8.0,0
11,12x12,low,dispersed,12,high,space_bits_only,8,8,0,0,18,18,11.24,11.24,8.0,8.0,0
11,12x12,low,dispersed,12,high,mask_only,8,8,0,0,18,12,11.24,10.16,8.0,8.0,0
11,12x12,low,dispersed,12,high,both,8,8,0,0,18,12,11.24,10.16,8.0,8.0,0
11,12x12,low,dispersed,12,high,null_dispatch,8,8,0,0,18,18,11.24,11.24,8.0,8.0,0
11,12x12,low,dispersed,18,low,baseline,6,6,0,0,18,18,9.24,9.24,6.0,6.0,0
11,12x12,low,dispersed,18,low,space_bits_only,6,6,0,0,18,18,9.24,9.24,6.0,6.0,0
11,12x12,low,dispersed,18,low,mask_only,6,6,0,0,18,18,9.24,9.24,6.0,6.0,0
11,12x12,low,dispersed,18,low,both,6,6,0,0,18,18,9.24,9.24,6.0,6.0,0
11,12x12,low,dispersed,18,low,null_dispatch,6,6,0,0,18,18,9.24,9.24,6.0,6.0,0
11,12x12,low,dispersed,18,high,baseline,3,3,0,0,18,18,6.24,6.24,3.0,3.0,0
11,12x12,low,dispersed,18,high,space_bits_only,3,3,0,0,18,18,6.24,6.24,3.0,3.0,0
11,12x12,low,dispersed,18,high,mask_only,3,3,0,0,18,18,6.24,6.24,3.0,3.0,0
11,12x12,low,dispersed,18,high,both,3,3,0,0,18,18,6.24,6.24,3.0,3.0,0
11,12x12,low,dispersed,18,high,null_dispatch,3,3,0,0,18,18,6.24,6.24,3.0,3.0,0
11,12x12,medium,clustered,4,low,baseline,4,4,0,0,18,18,7.24,7.24,4.0,4.0,0
11,12x12,medium,clustered,4,low,space_bits_only,4,4,0,0,18,18,7.24,7.24,4.0,4.0,0
11,12x12,medium,clustered,4,low,mask_only,4,4,0,0,18,4,7.24,4.72,4.0,4.0,0
11,12x12,medium,clustered,4,low,both,4,4,0,0,18,4,7.24,4.72,4.0,4.0,0
11,12x12,medium,clustered,4,low,null_dispatch,4,4,0,0,18,18,7.24,7.24,4.0,4.0,0
11,12x12,medium,clustered,4,high,baseline,4,4,0,0,18,18,7.24,7.24,4.0,4.0,0
11,12x12,medium,clustered,4,high,space_bits_only,4,4,0,0,18,18,7.24,7.24,4.0,4.0,0
11,12x12,medium,clustered,4,high,mask_only,4,4,0,0,18,4,7.24,4.72,4.0,4.0,0
11,12x12,medium,clustered,4,high,both,4,4,0,0,18,4,7.24,4.72,4.0,4.0,0
11,12x12,medium,clustered,4,high,null_dispatch,4,4,0,0,18,18,7.24,7.24,4.0,4.0,0
11,12x12,medium,clustered,8,low,baseline,4,4,1,1,18,18,8.14,8.14,5.75,5.75,0
11,12x12,medium,clustered,8,low,space_bits_only,4,4,1,1,18,18,8.14,8.14,5.75,5.75,0
11,12x12,medium,clustered,8,low,mask_only,4,4,1,1,18,8,8.14,6.34,5.75,5.75,0
11,12x12,medium,clustered,8,low,both,4,4,1,1,18,8,8.14,6.34,5.75,5.75,0
11,12x12,medium,clustered,8,low,null_dispatch,4,4,1,1,18,18,8.14,8.14,5.75,5.75,0
11,12x12,medium,clustered,8,high,baseline,5,5,0,0,18,18,8.24,8.24,5.0,5.0,0
11,12x12,medium,clustered,8,high,space_bits_only,5,5,0,0,18,18,8.24,8.24,5.0,5.0,0
11,12x12,medium,clustered,8,high,mask_only,5,5,0,0,18,8,8.24,6.44,5.0,5.0,0
11,12x12,medium,clustered,8,high,both,5,5,0,0,18,8,8.24,6.44,5.0,5.0,0
11,12x12,medium,clustered,8,high,null_dispatch,5,5,0,0,18,18,8.24,8.24,5.0,5.0,0
11,12x12,medium,clustered,12,low,baseline,4,4,0,0,18,18,7.24,7.24,4.0,4.0,0
11,12x12,medium,clustered,12,low,space_bits_only,4,4,0,0,18,18,7.24,7.24,4.0,4.0,0
11,12x12,medium,clustered,12,low,mask_only,4,4,0,0,18,12,7.24,6.16,4.0,4.0,0
11,12x12,medium,clustered,12,low,both,4,4,0,0,18,12,7.24,6.16,4.0,4.0,0
11,12x12,medium,clustered,12,low,null_dispatch,4,4,0,0,18,18,7.24,7.24,4.0,4.0,0
11,12x12,medium,clustered,12,high,baseline,2,2,0,0,18,18,5.24,5.24,2.0,2.0,0
11,12x12,medium,clustered,12,high,space_bits_only,2,2,0,0,18,18,5.24,5.24,2.0,2.0,0
11,12x12,medium,clustered,12,high,mask_only,2,2,0,0,18,12,5.24,4.16,2.0,2.0,0
11,12x12,medium,clustered,12,high,both,2,2,0,0,18,12,5.24,4.16,2.0,2.0,0
11,12x12,medium,clustered,12,high,null_dispatch,2,2,0,0,18,18,5.24,5.24,2.0,2.0,0
11,12x12,medium,clustered,18,low,baseline,3,3,1,1,18,18,7.14,7.14,4.75,4.75,0
11,12x12,medium,clustered,18,low,space_bits_only,3,3,1,1,18,18,7.14,7.14,4.75,4.75,0
11,12x12,medium,clustered,18,low,mask_only,3,3,1,1,18,18,7.14,7.14,4.75,4.75,0
11,12x12,medium,clustered,18,low,both,3,3,1,1,18,18,7.14,7.14,4.75,4.75,0
11,12x12,medium,clustered,18,low,null_dispatch,3,3,1,1,18,18,7.14,7.14,4.75,4.75,0
11,12x12,medium,clustered,18,high,baseline,4,4,0,0,18,18,7.24,7.24,4.0,4.0,0
11,12x12,medium,clustered,18,high,space_bits_only,4,4,0,0,18,18,7.24,7.24,4.0,4.0,0
11,12x12,medium,clustered,18,high,mask_only,4,4,0,0,18,18,7.24,7.24,4.0,4.0,0
11,12x12,medium,clustered,18,high,both,4,4,0,0,18,18,7.24,7.24,4.0,4.0,0
11,12x12,medium,clustered,18,high,null_dispatch,4,4,0,0,18,18,7.24,7.24,4.0,4.0,0
11,12x12,medium,dispersed,4,low,baseline,11,11,0,0,18,18,14.24,14.24,11.0,11.0,0
11,12x12,medium,dispersed,4,low,space_bits_only,11,11,0,0,18,18,14.24,14.24,11.0,11.0,0
11,12x12,medium,dispersed,4,low,mask_only,11,11,0,0,18,4,14.24,11.72,11.0,11.0,0
11,12x12,medium,dispersed,4,low,both,11,11,0,0,18,4,14.24,11.72,11.0,11.0,0
11,12x12,medium,dispersed,4,low,null_dispatch,11,11,0,0,18,18,14.24,14.24,11.0,11.0,0
11,12x12,medium,dispersed,4,high,baseline,6,6,0,0,18,18,9.24,9.24,6.0,6.0,0
11,12x12,medium,dispersed,4,high,space_bits_only,6,6,0,0,18,18,9.24,9.24,6.0,6.0,0
11,12x12,medium,dispersed,4,high,mask_only,6,6,0,0,18,4,9.24,6.72,6.0,6.0,0
11,12x12,medium,dispersed,4,high,both,6,6,0,0,18,4,9.24,6.72,6.0,6.0,0
11,12x12,medium,dispersed,4,high,null_dispatch,6,6,0,0,18,18,9.24,9.24,6.0,6.0,0
11,12x12,medium,dispersed,8,low,baseline,3,3,0,0,18,18,6.24,6.24,3.0,3.0,0
11,12x12,medium,dispersed,8,low,space_bits_only,3,3,0,0,18,18,6.24,6.24,3.0,3.0,0
11,12x12,medium,dispersed,8,low,mask_only,3,3,0,0,18,8,6.24,4.44,3.0,3.0,0
11,12x12,medium,dispersed,8,low,both,3,3,0,0,18,8,6.24,4.44,3.0,3.0,0
11,12x12,medium,dispersed,8,low,null_dispatch,3,3,0,0,18,18,6.24,6.24,3.0,3.0,0
11,12x12,medium,dispersed,8,high,baseline,6,6,0,0,18,18,9.24,9.24,6.0,6.0,0
11,12x12,medium,dispersed,8,high,space_bits_only,6,6,0,0,18,18,9.24,9.24,6.0,6.0,0
11,12x12,medium,dispersed,8,high,mask_only,6,6,0,0,18,8,9.24,7.44,6.0,6.0,0
11,12x12,medium,dispersed,8,high,both,6,6,0,0,18,8,9.24,7.44,6.0,6.0,0
11,12x12,medium,dispersed,8,high,null_dispatch,6,6,0,0,18,18,9.24,9.24,6.0,6.0,0
11,12x12,medium,dispersed,12,low,baseline,10,10,0,0,18,18,13.24,13.24,10.0,10.0,0
11,12x12,medium,dispersed,12,low,space_bits_only,10,10,0,0,18,18,13.24,13.24,10.0,10.0,0
11,12x12,medium,dispersed,12,low,mask_only,10,10,0,0,18,12,13.24,12.16,10.0,10.0,0
11,12x12,medium,dispersed,12,low,both,10,10,0,0,18,12,13.24,12.16,10.0,10.0,0
11,12x12,medium,dispersed,12,low,null_dispatch,10,10,0,0,18,18,13.24,13.24,10.0,10.0,0
11,12x12,medium,dispersed,12,high,baseline,2,2,0,0,18,18,5.24,5.24,2.0,2.0,0
11,12x12,medium,dispersed,12,high,space_bits_only,2,2,0,0,18,18,5.24,5.24,2.0,2.0,0
11,12x12,medium,dispersed,12,high,mask_only,2,2,0,0,18,12,5.24,4.16,2.0,2.0,0
11,12x12,medium,dispersed,12,high,both,2,2,0,0,18,12,5.24,4.16,2.0,2.0,0
11,12x12,medium,dispersed,12,high,null_dispatch,2,2,0,0,18,18,5.24,5.24,2.0,2.0,0
11,12x12,medium,dispersed,18,low,baseline,6,6,0,0,18,18,9.24,9.24,6.0,6.0,0
11,12x12,medium,dispersed,18,low,space_bits_only,6,6,0,0,18,18,9.24,9.24,6.0,6.0,0
11,12x12,medium,dispersed,18,low,mask_only,6,6,0,0,18,18,9.24,9.24,6.0,6.0,0
11,12x12,medium,dispersed,18,low,both,6,6,0,0,18,18,9.24,9.24,6.0,6.0,0
11,12x12,medium,dispersed,18,low,null_dispatch,6,6,0,0,18,18,9.24,9.24,6.0,6.0,0
11,12x12,medium,dispersed,18,high,baseline,5,5,1,1,18,18,9.14,9.14,6.75,6.75,0
11,12x12,medium,dispersed,18,high,space_bits_only,5,5,1,0,18,18,9.14,8.24,6.75,5.0,1
11,12x12,medium,dispersed,18,high,mask_only,5,5,1,1,18,18,9.14,9.14,6.75,6.75,0
11,12x12,medium,dispersed,18,high,both,5,5,1,0,18,18,9.14,8.24,6.75,5.0,1
11,12x12,medium,dispersed,18,high,null_dispatch,5,5,1,1,18,18,9.14,9.14,6.75,6.75,0
11,12x12,high,clustered,4,low,baseline,3,3,1,1,18,18,7.14,7.14,4.75,4.75,0
11,12x12,high,clustered,4,low,space_bits_only,3,3,1,1,18,18,7.14,7.14,4.75,4.75,0
11,12x12,high,clustered,4,low,mask_only,3,3,1,1,18,4,7.14,4.62,4.75,4.75,0
11,12x12,high,clustered,4,low,both,3,3,1,1,18,4,7.14,4.62,4.75,4.75,0
11,12x12,high,clustered,4,low,null_dispatch,3,3,1,1,18,18,7.14,7.14,4.75,4.75,0
11,12x12,high,clustered,4,high,baseline,3,3,0,0,18,18,6.24,6.24,3.0,3.0,0
11,12x12,high,clustered,4,high,space_bits_only,3,3,0,0,18,18,6.24,6.24,3.0,3.0,0
11,12x12,high,clustered,4,high,mask_only,3,3,0,0,18,4,6.24,3.72,3.0,3.0,0
11,12x12,high,clustered,4,high,both,3,3,0,0,18,4,6.24,3.72,3.0,3.0,0
11,12x12,high,clustered,4,high,null_dispatch,3,3,0,0,18,18,6.24,6.24,3.0,3.0,0
11,12x12,high,clustered,8,low,baseline,3,3,0,0,18,18,6.24,6.24,3.0,3.0,0
11,12x12,high,clustered,8,low,space_bits_only,3,3,0,0,18,18,6.24,6.24,3.0,3.0,0
11,12x12,high,clustered,8,low,mask_only,3,3,0,0,18,8,6.24,4.44,3.0,3.0,0
11,12x12,high,clustered,8,low,both,3,3,0,0,18,8,6.24,4.44,3.0,3.0,0
11,12x12,high,clustered,8,low,null_dispatch,3,3,0,0,18,18,6.24,6.24,3.0,3.0,0
11,12x12,high,clustered,8,high,baseline,3,3,0,0,18,18,6.24,6.24,3.0,3.0,0
11,12x12,high,clustered,8,high,space_bits_only,3,3,0,0,18,18,6.24,6.24,3.0,3.0,0
11,12x12,high,clustered,8,high,mask_only,3,3,0,0,18,8,6.24,4.44,3.0,3.0,0
11,12x12,high,clustered,8,high,both,3,3,0,0,18,8,6.24,4.44,3.0,3.0,0
11,12x12,high,clustered,8,high,null_dispatch,3,3,0,0,18,18,6.24,6.24,3.0,3.0,0
11,12x12,high,clustered,12,low,baseline,6,6,0,0,18,18,9.24,9.24,6.0,6.0,0
11,12x12,high,clustered,12,low,space_bits_only,6,6,0,0,18,18,9.24,9.24,6.0,6.0,0
11,12x12,high,clustered,12,low,mask_only,6,6,0,0,18,12,9.24,8.16,6.0,6.0,0
11,12x12,high,clustered,12,low,both,6,6,0,0,18,12,9.24,8.16,6.0,6.0,0
11,12x12,high,clustered,12,low,null_dispatch,6,6,0,0,18,18,9.24,9.24,6.0,6.0,0
11,12x12,high,clustered,12,high,baseline,3,3,0,0,18,18,6.24,6.24,3.0,3.0,0
11,12x12,high,clustered,12,high,space_bits_only,3,3,0,0,18,18,6.24,6.24,3.0,3.0,0
11,12x12,high,clustered,12,high,mask_only,3,3,0,0,18,12,6.24,5.16,3.0,3.0,0
11,12x12,high,clustered,12,high,both,3,3,0,0,18,12,6.24,5.16,3.0,3.0,0
11,12x12,high,clustered,12,high,null_dispatch,3,3,0,0,18,18,6.24,6.24,3.0,3.0,0
11,12x12,high,clustered,18,low,baseline,6,6,0,0,18,18,9.24,9.24,6.0,6.0,0
11,12x12,high,clustered,18,low,space_bits_only,6,6,0,0,18,18,9.24,9.24,6.0,6.0,0
11,12x12,high,clustered,18,low,mask_only,6,6,0,0,18,18,9.24,9.24,6.0,6.0,0
11,12x12,high,clustered,18,low,both,6,6,0,0,18,18,9.24,9.24,6.0,6.0,0
11,12x12,high,clustered,18,low,null_dispatch,6,6,0,0,18,18,9.24,9.24,6.0,6.0,0
11,12x12,high,clustered,18,high,baseline,5,5,0,0,18,18,8.24,8.24,5.0,5.0,0
11,12x12,high,clustered,18,high,space_bits_only,5,5,0,0,18,18,8.24,8.24,5.0,5.0,0
11,12x12,high,clustered,18,high,mask_only,5,5,0,0,18,18,8.24,8.24,5.0,5.0,0
11,12x12,high,clustered,18,high,both,5,5,0,0,18,18,8.24,8.24,5.0,5.0,0
11,12x12,high,clustered,18,high,null_dispatch,5,5,0,0,18,18,8.24,8.24,5.0,5.0,0
11,12x12,high,dispersed,4,low,baseline,5,5,0,0,18,18,8.24,8.24,5.0,5.0,0
11,12x12,high,dispersed,4,low,space_bits_only,5,5,0,0,18,18,8.24,8.24,5.0,5.0,0
11,12x12,high,dispersed,4,low,mask_only,5,5,0,0,18,4,8.24,5.72,5.0,5.0,0
11,12x12,high,dispersed,4,low,both,5,5,0,0,18,4,8.24,5.72,5.0,5.0,0
11,12x12,high,dispersed,4,low,null_dispatch,5,5,0,0,18,18,8.24,8.24,5.0,5.0,0
11,12x12,high,dispersed,4,high,baseline,4,4,1,1,18,18,8.14,8.14,5.75,5.75,0
11,12x12,high,dispersed,4,high,space_bits_only,4,4,1,0,18,18,8.14,7.24,5.75,4.0,1
11,12x12,high,dispersed,4,high,mask_only,4,4,1,1,18,4,8.14,5.62,5.75,5.75,0
11,12x12,high,dispersed,4,high,both,4,4,1,0,18,4,8.14,4.72,5.75,4.0,1
11,12x12,high,dispersed,4,high,null_dispatch,4,4,1,1,18,18,8.14,8.14,5.75,5.75,0
11,12x12,high,dispersed,8,low,baseline,9,9,0,0,18,18,12.24,12.24,9.0,9.0,0
11,12x12,high,dispersed,8,low,space_bits_only,9,9,0,0,18,18,12.24,12.24,9.0,9.0,0
11,12x12,high,dispersed,8,low,mask_only,9,9,0,0,18,8,12.24,10.44,9.0,9.0,0
11,12x12,high,dispersed,8,low,both,9,9,0,0,18,8,12.24,10.44,9.0,9.0,0
11,12x12,high,dispersed,8,low,null_dispatch,9,9,0,0,18,18,12.24,12.24,9.0,9.0,0
11,12x12,high,dispersed,8,high,baseline,8,8,1,1,18,18,12.14,12.14,9.75,9.75,0
11,12x12,high,dispersed,8,high,space_bits_only,8,8,1,1,18,18,12.14,12.14,9.75,9.75,0
11,12x12,high,dispersed,8,high,mask_only,8,8,1,1,18,8,12.14,10.34,9.75,9.75,0
11,12x12,high,dispersed,8,high,both,8,8,1,1,18,8,12.14,10.34,9.75,9.75,0
11,12x12,high,dispersed,8,high,null_dispatch,8,8,1,1,18,18,12.14,12.14,9.75,9.75,0
11,12x12,high,dispersed,12,low,baseline,4,4,0,0,18,18,7.24,7.24,4.0,4.0,0
11,12x12,high,dispersed,12,low,space_bits_only,4,4,0,0,18,18,7.24,7.24,4.0,4.0,0
11,12x12,high,dispersed,12,low,mask_only,4,4,0,0,18,12,7.24,6.16,4.0,4.0,0
11,12x12,high,dispersed,12,low,both,4,4,0,0,18,12,7.24,6.16,4.0,4.0,0
11,12x12,high,dispersed,12,low,null_dispatch,4,4,0,0,18,18,7.24,7.24,4.0,4.0,0
11,12x12,high,dispersed,12,high,baseline,8,8,1,1,18,18,12.14,12.14,9.75,9.75,0
11,12x12,high,dispersed,12,high,space_bits_only,8,8,1,1,18,18,12.14,12.14,9.75,9.75,0
11,12x12,high,dispersed,12,high,mask_only,8,8,1,1,18,12,12.14,11.06,9.75,9.75,0
11,12x12,high,dispersed,12,high,both,8,8,1,1,18,12,12.14,11.06,9.75,9.75,0
11,12x12,high,dispersed,12,high,null_dispatch,8,8,1,1,18,18,12.14,12.14,9.75,9.75,0
11,12x12,high,dispersed,18,low,baseline,8,8,1,1,18,18,12.14,12.14,9.75,9.75,0
11,12x12,high,dispersed,18,low,space_bits_only,8,8,1,1,18,18,12.14,12.14,9.75,9.75,0
11,12x12,high,dispersed,18,low,mask_only,8,8,1,1,18,18,12.14,12.14,9.75,9.75,0
11,12x12,high,dispersed,18,low,both,8,8,1,1,18,18,12.14,12.14,9.75,9.75,0
11,12x12,high,dispersed,18,low,null_dispatch,8,8,1,1,18,18,12.14,12.14,9.75,9.75,0
11,12x12,high,dispersed,18,high,baseline,8,8,0,0,18,18,11.24,11.24,8.0,8.0,0
11,12x12,high,dispersed,18,high,space_bits_only,8,8,0,0,18,18,11.24,11.24,8.0,8.0,0
11,12x12,high,dispersed,18,high,mask_only,8,8,0,0,18,18,11.24,11.24,8.0,8.0,0
11,12x12,high,dispersed,18,high,both,8,8,0,0,18,18,11.24,11.24,8.0,8.0,0
11,12x12,high,dispersed,18,high,null_dispatch,8,8,0,0,18,18,11.24,11.24,8.0,8.0,0
23,12x12,low,clustered,4,low,baseline,6,6,0,0,18,18,9.24,9.24,6.0,6.0,0
23,12x12,low,clustered,4,low,space_bits_only,6,6,0,0,18,18,9.24,9.24,6.0,6.0,0
23,12x12,low,clustered,4,low,mask_only,6,6,0,0,18,4,9.24,6.72,6.0,6.0,0
23,12x12,low,clustered,4,low,both,6,6,0,0,18,4,9.24,6.72,6.0,6.0,0
23,12x12,low,clustered,4,low,null_dispatch,6,6,0,0,18,18,9.24,9.24,6.0,6.0,0
23,12x12,low,clustered,4,high,baseline,5,5,0,0,18,18,8.24,8.24,5.0,5.0,0
23,12x12,low,clustered,4,high,space_bits_only,5,5,0,0,18,18,8.24,8.24,5.0,5.0,0
23,12x12,low,clustered,4,high,mask_only,5,5,0,0,18,4,8.24,5.72,5.0,5.0,0
23,12x12,low,clustered,4,high,both,5,5,0,0,18,4,8.24,5.72,5.0,5.0,0
23,12x12,low,clustered,4,high,null_dispatch,5,5,0,0,18,18,8.24,8.24,5.0,5.0,0
23,12x12,low,clustered,8,low,baseline,5,5,0,0,18,18,8.24,8.24,5.0,5.0,0
23,12x12,low,clustered,8,low,space_bits_only,5,5,0,0,18,18,8.24,8.24,5.0,5.0,0
23,12x12,low,clustered,8,low,mask_only,5,5,0,0,18,8,8.24,6.44,5.0,5.0,0
23,12x12,low,clustered,8,low,both,5,5,0,0,18,8,8.24,6.44,5.0,5.0,0
23,12x12,low,clustered,8,low,null_dispatch,5,5,0,0,18,18,8.24,8.24,5.0,5.0,0
23,12x12,low,clustered,8,high,baseline,4,4,1,1,18,18,8.14,8.14,5.75,5.75,0
23,12x12,low,clustered,8,high,space_bits_only,4,4,1,0,18,18,8.14,7.24,5.75,4.0,1
23,12x12,low,clustered,8,high,mask_only,4,4,1,1,18,8,8.14,6.34,5.75,5.75,0
23,12x12,low,clustered,8,high,both,4,4,1,0,18,8,8.14,5.44,5.75,4.0,1
23,12x12,low,clustered,8,high,null_dispatch,4,4,1,1,18,18,8.14,8.14,5.75,5.75,0
23,12x12,low,clustered,12,low,baseline,6,6,0,0,18,18,9.24,9.24,6.0,6.0,0
23,12x12,low,clustered,12,low,space_bits_only,6,6,0,0,18,18,9.24,9.24,6.0,6.0,0
23,12x12,low,clustered,12,low,mask_only,6,6,0,0,18,12,9.24,8.16,6.0,6.0,0
23,12x12,low,clustered,12,low,both,6,6,0,0,18,12,9.24,8.16,6.0,6.0,0
23,12x12,low,clustered,12,low,null_dispatch,6,6,0,0,18,18,9.24,9.24,6.0,6.0,0
23,12x12,low,clustered,12,high,baseline,4,4,0,0,18,18,7.24,7.24,4.0,4.0,0
23,12x12,low,clustered,12,high,space_bits_only,4,4,0,0,18,18,7.24,7.24,4.0,4.0,0
23,12x12,low,clustered,12,high,mask_only,4,4,0,0,18,12,7.24,6.16,4.0,4.0,0
23,12x12,low,clustered,12,high,both,4,4,0,0,18,12,7.24,6.16,4.0,4.0,0
23,12x12,low,clustered,12,high,null_dispatch,4,4,0,0,18,18,7.24,7.24,4.0,4.0,0
23,12x12,low,clustered,18,low,baseline,5,5,0,0,18,18,8.24,8.24,5.0,5.0,0
23,12x12,low,clustered,18,low,space_bits_only,5,5,0,0,18,18,8.24,8.24,5.0,5.0,0
23,12x12,low,clustered,18,low,mask_only,5,5,0,0,18,18,8.24,8.24,5.0,5.0,0
23,12x12,low,clustered,18,low,both,5,5,0,0,18,18,8.24,8.24,5.0,5.0,0
23,12x12,low,clustered,18,low,null_dispatch,5,5,0,0,18,18,8.24,8.24,5.0,5.0,0
23,12x12,low,clustered,18,high,baseline,4,4,0,0,18,18,7.24,7.24,4.0,4.0,0
23,12x12,low,clustered,18,high,space_bits_only,4,4,0,0,18,18,7.24,7.24,4.0,4.0,0
23,12x12,low,clustered,18,high,mask_only,4,4,0,0,18,18,7.24,7.24,4.0,4.0,0
23,12x12,low,clustered,18,high,both,4,4,0,0,18,18,7.24,7.24,4.0,4.0,0
23,12x12,low,clustered,18,high,null_dispatch,4,4,0,0,18,18,7.24,7.24,4.0,4.0,0
23,12x12,low,dispersed,4,low,baseline,7,7,0,0,18,18,10.24,10.24,7.0,7.0,0
23,12x12,low,dispersed,4,low,space_bits_only,7,7,0,0,18,18,10.24,10.24,7.0,7.0,0
23,12x12,low,dispersed,4,low,mask_only,7,7,0,0,18,4,10.24,7.72,7.0,7.0,0
23,12x12,low,dispersed,4,low,both,7,7,0,0,18,4,10.24,7.72,7.0,7.0,0
23,12x12,low,dispersed,4,low,null_dispatch,7,7,0,0,18,18,10.24,10.24,7.0,7.0,0
23,12x12,low,dispersed,4,high,baseline,5,5,1,1,18,18,9.14,9.14,6.75,6.75,0
23,12x12,low,dispersed,4,high,space_bits_only,5,5,1,0,18,18,9.14,8.24,6.75,5.0,1
23,12x12,low,dispersed,4,high,mask_only,5,5,1,1,18,4,9.14,6.62,6.75,6.75,0
23,12x12,low,dispersed,4,high,both,5,5,1,0,18,4,9.14,5.72,6.75,5.0,1
23,12x12,low,dispersed,4,high,null_dispatch,5,5,1,1,18,18,9.14,9.14,6.75,6.75,0
23,12x12,low,dispersed,8,low,baseline,7,7,0,0,18,18,10.24,10.24,7.0,7.0,0
23,12x12,low,dispersed,8,low,space_bits_only,7,7,0,0,18,18,10.24,10.24,7.0,7.0,0
23,12x12,low,dispersed,8,low,mask_only,7,7,0,0,18,8,10.24,8.44,7.0,7.0,0
23,12x12,low,dispersed,8,low,both,7,7,0,0,18,8,10.24,8.44,7.0,7.0,0
23,12x12,low,dispersed,8,low,null_dispatch,7,7,0,0,18,18,10.24,10.24,7.0,7.0,0
23,12x12,low,dispersed,8,high,baseline,6,6,0,0,18,18,9.24,9.24,6.0,6.0,0
23,12x12,low,dispersed,8,high,space_bits_only,6,6,0,0,18,18,9.24,9.24,6.0,6.0,0
23,12x12,low,dispersed,8,high,mask_only,6,6,0,0,18,8,9.24,7.44,6.0,6.0,0
23,12x12,low,dispersed,8,high,both,6,6,0,0,18,8,9.24,7.44,6.0,6.0,0
23,12x12,low,dispersed,8,high,null_dispatch,6,6,0,0,18,18,9.24,9.24,6.0,6.0,0
23,12x12,low,dispersed,12,low,baseline,11,11,0,0,18,18,14.24,14.24,11.0,11.0,0
23,12x12,low,dispersed,12,low,space_bits_only,11,11,0,0,18,18,14.24,14.24,11.0,11.0,0
23,12x12,low,dispersed,12,low,mask_only,11,11,0,0,18,12,14.24,13.16,11.0,11.0,0
23,12x12,low,dispersed,12,low,both,11,11,0,0,18,12,14.24,13.16,11.0,11.0,0
23,12x12,low,dispersed,12,low,null_dispatch,11,11,0,0,18,18,14.24,14.24,11.0,11.0,0
23,12x12,low,dispersed,12,high,baseline,3,3,0,0,18,18,6.24,6.24,3.0,3.0,0
23,12x12,low,dispersed,12,high,space_bits_only,3,3,0,0,18,18,6.24,6.24,3.0,3.0,0
23,12x12,low,dispersed,12,high,mask_only,3,3,0,0,18,12,6.24,5.16,3.0,3.0,0
23,12x12,low,dispersed,12,high,both,3,3,0,0,18,12,6.24,5.16,3.0,3.0,0
23,12x12,low,dispersed,12,high,null_dispatch,3,3,0,0,18,18,6.24,6.24,3.0,3.0,0
23,12x12,low,dispersed,18,low,baseline,6,6,0,0,18,18,9.24,9.24,6.0,6.0,0
23,12x12,low,dispersed,18,low,space_bits_only,6,6,0,0,18,18,9.24,9.24,6.0,6.0,0
23,12x12,low,dispersed,18,low,mask_only,6,6,0,0,18,18,9.24,9.24,6.0,6.0,0
23,12x12,low,dispersed,18,low,both,6,6,0,0,18,18,9.24,9.24,6.0,6.0,0
23,12x12,low,dispersed,18,low,null_dispatch,6,6,0,0,18,18,9.24,9.24,6.0,6.0,0
23,12x12,low,dispersed,18,high,baseline,8,8,0,0,18,18,11.24,11.24,8.0,8.0,0
23,12x12,low,dispersed,18,high,space_bits_only,8,8,0,0,18,18,11.24,11.24,8.0,8.0,0
23,12x12,low,dispersed,18,high,mask_only,8,8,0,0,18,18,11.24,11.24,8.0,8.0,0
23,12x12,low,dispersed,18,high,both,8,8,0,0,18,18,11.24,11.24,8.0,8.0,0
23,12x12,low,dispersed,18,high,null_dispatch,8,8,0,0,18,18,11.24,11.24,8.0,8.0,0
23,12x12,medium,clustered,4,low,baseline,6,6,1,1,18,18,10.14,10.14,7.75,7.75,0
23,12x12,medium,clustered,4,low,space_bits_only,6,6,1,1,18,18,10.14,10.14,7.75,7.75,0
23,12x12,medium,clustered,4,low,mask_only,6,6,1,1,18,4,10.14,7.62,7.75,7.75,0
23,12x12,medium,clustered,4,low,both,6,6,1,1,18,4,10.14,7.62,7.75,7.75,0
23,12x12,medium,clustered,4,low,null_dispatch,6,6,1,1,18,18,10.14,10.14,7.75,7.75,0
23,12x12,medium,clustered,4,high,baseline,5,5,0,0,18,18,8.24,8.24,5.0,5.0,0
23,12x12,medium,clustered,4,high,space_bits_only,5,5,0,0,18,18,8.24,8.24,5.0,5.0,0
23,12x12,medium,clustered,4,high,mask_only,5,5,0,0,18,4,8.24,5.72,5.0,5.0,0
23,12x12,medium,clustered,4,high,both,5,5,0,0,18,4,8.24,5.72,5.0,5.0,0
23,12x12,medium,clustered,4,high,null_dispatch,5,5,0,0,18,18,8.24,8.24,5.0,5.0,0
23,12x12,medium,clustered,8,low,baseline,6,6,0,0,18,18,9.24,9.24,6.0,6.0,0
23,12x12,medium,clustered,8,low,space_bits_only,6,6,0,0,18,18,9.24,9.24,6.0,6.0,0
23,12x12,medium,clustered,8,low,mask_only,6,6,0,0,18,8,9.24,7.44,6.0,6.0,0
23,12x12,medium,clustered,8,low,both,6,6,0,0,18,8,9.24,7.44,6.0,6.0,0
23,12x12,medium,clustered,8,low,null_dispatch,6,6,0,0,18,18,9.24,9.24,6.0,6.0,0
23,12x12,medium,clustered,8,high,baseline,4,4,0,0,18,18,7.24,7.24,4.0,4.0,0
23,12x12,medium,clustered,8,high,space_bits_only,4,4,0,0,18,18,7.24,7.24,4.0,4.0,0
23,12x12,medium,clustered,8,high,mask_only,4,4,0,0,18,8,7.24,5.44,4.0,4.0,0
23,12x12,medium,clustered,8,high,both,4,4,0,0,18,8,7.24,5.44,4.0,4.0,0
23,12x12,medium,clustered,8,high,null_dispatch,4,4,0,0,18,18,7.24,7.24,4.0,4.0,0
23,12x12,medium,clustered,12,low,baseline,3,3,1,1,18,18,7.14,7.14,4.75,4.75,0
23,12x12,medium,clustered,12,low,space_bits_only,3,3,1,1,18,18,7.14,7.14,4.75,4.75,0
23,12x12,medium,clustered,12,low,mask_only,3,3,1,1,18,12,7.14,6.06,4.75,4.75,0
23,12x12,medium,clustered,12,low,both,3,3,1,1,18,12,7.14,6.06,4.75,4.75,0
23,12x12,medium,clustered,12,low,null_dispatch,3,3,1,1,18,18,7.14,7.14,4.75,4.75,0
23,12x12,medium,clustered,12,high,baseline,4,4,0,0,18,18,7.24,7.24,4.0,4.0,0
23,12x12,medium,clustered,12,high,space_bits_only,4,4,0,0,18,18,7.24,7.24,4.0,4.0,0
23,12x12,medium,clustered,12,high,mask_only,4,4,0,0,18,12,7.24,6.16,4.0,4.0,0
23,12x12,medium,clustered,12,high,both,4,4,0,0,18,12,7.24,6.16,4.0,4.0,0
23,12x12,medium,clustered,12,high,null_dispatch,4,4,0,0,18,18,7.24,7.24,4.0,4.0,0
23,12x12,medium,clustered,18,low,baseline,3,3,0,0,18,18,6.24,6.24,3.0,3.0,0
23,12x12,medium,clustered,18,low,space_bits_only,3,3,0,0,18,18,6.24,6.24,3.0,3.0,0
23,12x12,medium,clustered,18,low,mask_only,3,3,0,0,18,18,6.24,6.24,3.0,3.0,0
23,12x12,medium,clustered,18,low,both,3,3,0,0,18,18,6.24,6.24,3.0,3.0,0
23,12x12,medium,clustered,18,low,null_dispatch,3,3,0,0,18,18,6.24,6.24,3.0,3.0,0
23,12x12,medium,clustered,18,high,baseline,4,4,0,0,18,18,7.24,7.24,4.0,4.0,0
23,12x12,medium,clustered,18,high,space_bits_only,4,4,0,0,18,18,7.24,7.24,4.0,4.0,0
23,12x12,medium,clustered,18,high,mask_only,4,4,0,0,18,18,7.24,7.24,4.0,4.0,0
23,12x12,medium,clustered,18,high,both,4,4,0,0,18,18,7.24,7.24,4.0,4.0,0
23,12x12,medium,clustered,18,high,null_dispatch,4,4,0,0,18,18,7.24,7.24,4.0,4.0,0
23,12x12,medium,dispersed,4,low,baseline,5,5,0,0,18,18,8.24,8.24,5.0,5.0,0
23,12x12,medium,dispersed,4,low,space_bits_only,5,5,0,0,18,18,8.24,8.24,5.0,5.0,0
23,12x12,medium,dispersed,4,low,mask_only,5,5,0,0,18,4,8.24,5.72,5.0,5.0,0
23,12x12,medium,dispersed,4,low,both,5,5,0,0,18,4,8.24,5.72,5.0,5.0,0
23,12x12,medium,dispersed,4,low,null_dispatch,5,5,0,0,18,18,8.24,8.24,5.0,5.0,0
23,12x12,medium,dispersed,4,high,baseline,10,10,0,0,18,18,13.24,13.24,10.0,10.0,0
23,12x12,medium,dispersed,4,high,space_bits_only,10,10,0,0,18,18,13.24,13.24,10.0,10.0,0
23,12x12,medium,dispersed,4,high,mask_only,10,10,0,0,18,4,13.24,10.72,10.0,10.0,0
23,12x12,medium,dispersed,4,high,both,10,10,0,0,18,4,13.24,10.72,10.0,10.0,0
23,12x12,medium,dispersed,4,high,null_dispatch,10,10,0,0,18,18,13.24,13.24,10.0,10.0,0
23,12x12,medium,dispersed,8,low,baseline,8,8,1,1,18,18,12.14,12.14,9.75,9.75,0
23,12x12,medium,dispersed,8,low,space_bits_only,8,8,1,1,18,18,12.14,12.14,9.75,9.75,0
23,12x12,medium,dispersed,8,low,mask_only,8,8,1,1,18,8,12.14,10.34,9.75,9.75,0
23,12x12,medium,dispersed,8,low,both,8,8,1,1,18,8,12.14,10.34,9.75,9.75,0
23,12x12,medium,dispersed,8,low,null_dispatch,8,8,1,1,18,18,12.14,12.14,9.75,9.75,0
23,12x12,medium,dispersed,8,high,baseline,6,6,0,0,18,18,9.24,9.24,6.0,6.0,0
23,12x12,medium,dispersed,8,high,space_bits_only,6,6,0,0,18,18,9.24,9.24,6.0,6.0,0
23,12x12,medium,dispersed,8,high,mask_only,6,6,0,0,18,8,9.24,7.44,6.0,6.0,0
23,12x12,medium,dispersed,8,high,both,6,6,0,0,18,8,9.24,7.44,6.0,6.0,0
23,12x12,medium,dispersed,8,high,null_dispatch,6,6,0,0,18,18,9.24,9.24,6.0,6.0,0
23,12x12,medium,dispersed,12,low,baseline,7,7,0,0,18,18,10.24,10.24,7.0,7.0,0
23,12x12,medium,dispersed,12,low,space_bits_only,7,7,0,0,18,18,10.24,10.24,7.0,7.0,0
23,12x12,medium,dispersed,12,low,mask_only,7,7,0,0,18,12,10.24,9.16,7.0,7.0,0
23,12x12,medium,dispersed,12,low,both,7,7,0,0,18,12,10.24,9.16,7.0,7.0,0
23,12x12,medium,dispersed,12,low,null_dispatch,7,7,0,0,18,18,10.24,10.24,7.0,7.0,0
23,12x12,medium,dispersed,12,high,baseline,7,7,2,2,18,18,12.04,12.04,10.5,10.5,0
23,12x12,medium,dispersed,12,high,space_bits_only,7,7,2,1,18,18,12.04,11.14,10.5,8.75,1
23,12x12,medium,dispersed,12,high,mask_only,7,7,2,2,18,12,12.04,10.96,10.5,10.5,0
23,12x12,medium,dispersed,12,high,both,7,7,2,1,18,12,12.04,10.06,10.5,8.75,1
23,12x12,medium,dispersed,12,high,null_dispatch,7,7,2,2,18,18,12.04,12.04,10.5,10.5,0
23,12x12,medium,dispersed,18,low,baseline,8,8,0,0,18,18,11.24,11.24,8.0,8.0,0
23,12x12,medium,dispersed,18,low,space_bits_only,8,8,0,0,18,18,11.24,11.24,8.0,8.0,0
23,12x12,medium,dispersed,18,low,mask_only,8,8,0,0,18,18,11.24,11.24,8.0,8.0,0
23,12x12,medium,dispersed,18,low,both,8,8,0,0,18,18,11.24,11.24,8.0,8.0,0
23,12x12,medium,dispersed,18,low,null_dispatch,8,8,0,0,18,18,11.24,11.24,8.0,8.0,0
23,12x12,medium,dispersed,18,high,baseline,9,9,0,0,18,18,12.24,12.24,9.0,9.0,0
23,12x12,medium,dispersed,18,high,space_bits_only,9,9,0,0,18,18,12.24,12.24,9.0,9.0,0
23,12x12,medium,dispersed,18,high,mask_only,9,9,0,0,18,18,12.24,12.24,9.0,9.0,0
23,12x12,medium,dispersed,18,high,both,9,9,0,0,18,18,12.24,12.24,9.0,9.0,0
23,12x12,medium,dispersed,18,high,null_dispatch,9,9,0,0,18,18,12.24,12.24,9.0,9.0,0
23,12x12,high,clustered,4,low,baseline,3,3,0,0,18,18,6.24,6.24,3.0,3.0,0
23,12x12,high,clustered,4,low,space_bits_only,3,3,0,0,18,18,6.24,6.24,3.0,3.0,0
23,12x12,high,clustered,4,low,mask_only,3,3,0,0,18,4,6.24,3.72,3.0,3.0,0
23,12x12,high,clustered,4,low,both,3,3,0,0,18,4,6.24,3.72,3.0,3.0,0
23,12x12,high,clustered,4,low,null_dispatch,3,3,0,0,18,18,6.24,6.24,3.0,3.0,0
23,12x12,high,clustered,4,high,baseline,4,4,1,1,18,18,8.14,8.14,5.75,5.75,0
23,12x12,high,clustered,4,high,space_bits_only,4,4,1,0,18,18,8.14,7.24,5.75,4.0,1
23,12x12,high,clustered,4,high,mask_only,4,4,1,1,18,4,8.14,5.62,5.75,5.75,0
23,12x12,high,clustered,4,high,both,4,4,1,0,18,4,8.14,4.72,5.75,4.0,1
23,12x12,high,clustered,4,high,null_dispatch,4,4,1,1,18,18,8.14,8.14,5.75,5.75,0
23,12x12,high,clustered,8,low,baseline,4,4,0,0,18,18,7.24,7.24,4.0,4.0,0
23,12x12,high,clustered,8,low,space_bits_only,4,4,0,0,18,18,7.24,7.24,4.0,4.0,0
23,12x12,high,clustered,8,low,mask_only,4,4,0,0,18,8,7.24,5.44,4.0,4.0,0
23,12x12,high,clustered,8,low,both,4,4,0,0,18,8,7.24,5.44,4.0,4.0,0
23,12x12,high,clustered,8,low,null_dispatch,4,4,0,0,18,18,7.24,7.24,4.0,4.0,0
23,12x12,high,clustered,8,high,baseline,3,3,0,0,18,18,6.24,6.24,3.0,3.0,0
23,12x12,high,clustered,8,high,space_bits_only,3,3,0,0,18,18,6.24,6.24,3.0,3.0,0
23,12x12,high,clustered,8,high,mask_only,3,3,0,0,18,8,6.24,4.44,3.0,3.0,0
23,12x12,high,clustered,8,high,both,3,3,0,0,18,8,6.24,4.44,3.0,3.0,0
23,12x12,high,clustered,8,high,null_dispatch,3,3,0,0,18,18,6.24,6.24,3.0,3.0,0
23,12x12,high,clustered,12,low,baseline,5,5,0,0,18,18,8.24,8.24,5.0,5.0,0
23,12x12,high,clustered,12,low,space_bits_only,5,5,0,0,18,18,8.24,8.24,5.0,5.0,0
23,12x12,high,clustered,12,low,mask_only,5,5,0,0,18,12,8.24,7.16,5.0,5.0,0
23,12x12,high,clustered,12,low,both,5,5,0,0,18,12,8.24,7.16,5.0,5.0,0
23,12x12,high,clustered,12,low,null_dispatch,5,5,0,0,18,18,8.24,8.24,5.0,5.0,0
23,12x12,high,clustered,12,high,baseline,2,2,0,0,18,18,5.24,5.24,2.0,2.0,0
23,12x12,high,clustered,12,high,space_bits_only,2,2,0,0,18,18,5.24,5.24,2.0,2.0,0
23,12x12,high,clustered,12,high,mask_only,2,2,0,0,18,12,5.24,4.16,2.0,2.0,0
23,12x12,high,clustered,12,high,both,2,2,0,0,18,12,5.24,4.16,2.0,2.0,0
23,12x12,high,clustered,12,high,null_dispatch,2,2,0,0,18,18,5.24,5.24,2.0,2.0,0
23,12x12,high,clustered,18,low,baseline,4,4,0,0,18,18,7.24,7.24,4.0,4.0,0
23,12x12,high,clustered,18,low,space_bits_only,4,4,0,0,18,18,7.24,7.24,4.0,4.0,0
23,12x12,high,clustered,18,low,mask_only,4,4,0,0,18,18,7.24,7.24,4.0,4.0,0
23,12x12,high,clustered,18,low,both,4,4,0,0,18,18,7.24,7.24,4.0,4.0,0
23,12x12,high,clustered,18,low,null_dispatch,4,4,0,0,18,18,7.24,7.24,4.0,4.0,0
23,12x12,high,clustered,18,high,baseline,3,3,0,0,18,18,6.24,6.24,3.0,3.0,0
23,12x12,high,clustered,18,high,space_bits_only,3,3,0,0,18,18,6.24,6.24,3.0,3.0,0
23,12x12,high,clustered,18,high,mask_only,3,3,0,0,18,18,6.24,6.24,3.0,3.0,0
23,12x12,high,clustered,18,high,both,3,3,0,0,18,18,6.24,6.24,3.0,3.0,0
23,12x12,high,clustered,18,high,null_dispatch,3,3,0,0,18,18,6.24,6.24,3.0,3.0,0
23,12x12,high,dispersed,4,low,baseline,8,8,0,0,18,18,11.24,11.24,8.0,8.0,0
23,12x12,high,dispersed,4,low,space_bits_only,8,8,0,0,18,18,11.24,11.24,8.0,8.0,0
23,12x12,high,dispersed,4,low,mask_only,8,8,0,0,18,4,11.24,8.72,8.0,8.0,0
23,12x12,high,dispersed,4,low,both,8,8,0,0,18,4,11.24,8.72,8.0,8.0,0
23,12x12,high,dispersed,4,low,null_dispatch,8,8,0,0,18,18,11.24,11.24,8.0,8.0,0
23,12x12,high,dispersed,4,high,baseline,6,6,1,1,18,18,10.14,10.14,7.75,7.75,0
23,12x12,high,dispersed,4,high,space_bits_only,6,6,1,0,18,18,10.14,9.24,7.75,6.0,1
23,12x12,high,dispersed,4,high,mask_only,6,6,1,1,18,4,10.14,7.62,7.75,7.75,0
23,12x12,high,dispersed,4,high,both,6,6,1,0,18,4,10.14,6.72,7.75,6.0,1
23,12x12,high,dispersed,4,high,null_dispatch,6,6,1,1,18,18,10.14,10.14,7.75,7.75,0
23,12x12,high,dispersed,8,low,baseline,12,12,2,2,18,18,17.04,17.04,15.5,15.5,0
23,12x12,high,dispersed,8,low,space_bits_only,12,12,2,1,18,18,17.04,16.14,15.5,13.75,1
23,12x12,high,dispersed,8,low,mask_only,12,12,2,2,18,8,17.04,15.24,15.5,15.5,0
23,12x12,high,dispersed,8,low,both,12,12,2,1,18,8,17.04,14.34,15.5,13.75,1
23,12x12,high,dispersed,8,low,null_dispatch,12,12,2,2,18,18,17.04,17.04,15.5,15.5,0
23,12x12,high,dispersed,8,high,baseline,6,6,0,0,18,18,9.24,9.24,6.0,6.0,0
23,12x12,high,dispersed,8,high,space_bits_only,6,6,0,0,18,18,9.24,9.24,6.0,6.0,0
23,12x12,high,dispersed,8,high,mask_only,6,6,0,0,18,8,9.24,7.44,6.0,6.0,0
23,12x12,high,dispersed,8,high,both,6,6,0,0,18,8,9.24,7.44,6.0,6.0,0
23,12x12,high,dispersed,8,high,null_dispatch,6,6,0,0,18,18,9.24,9.24,6.0,6.0,0
23,12x12,high,dispersed,12,low,baseline,11,11,0,0,18,18,14.24,14.24,11.0,11.0,0
23,12x12,high,dispersed,12,low,space_bits_only,11,11,0,0,18,18,14.24,14.24,11.0,11.0,0
23,12x12,high,dispersed,12,low,mask_only,11,11,0,0,18,12,14.24,13.16,11.0,11.0,0
23,12x12,high,dispersed,12,low,both,11,11,0,0,18,12,14.24,13.16,11.0,11.0,0
23,12x12,high,dispersed,12,low,null_dispatch,11,11,0,0,18,18,14.24,14.24,11.0,11.0,0
23,12x12,high,dispersed,12,high,baseline,12,12,2,2,18,18,17.04,17.04,15.5,15.5,0
23,12x12,high,dispersed,12,high,space_bits_only,12,12,2,0,18,18,17.04,15.24,15.5,12.0,1
23,12x12,high,dispersed,12,high,mask_only,12,12,2,2,18,12,17.04,15.96,15.5,15.5,0
23,12x12,high,dispersed,12,high,both,12,12,2,0,18,12,17.04,14.16,15.5,12.0,1
23,12x12,high,dispersed,12,high,null_dispatch,12,12,2,2,18,18,17.04,17.04,15.5,15.5,0
23,12x12,high,dispersed,18,low,baseline,6,6,1,1,18,18,10.14,10.14,7.75,7.75,0
23,12x12,high,dispersed,18,low,space_bits_only,6,6,1,0,18,18,10.14,9.24,7.75,6.0,1
23,12x12,high,dispersed,18,low,mask_only,6,6,1,1,18,18,10.14,10.14,7.75,7.75,0
23,12x12,high,dispersed,18,low,both,6,6,1,0,18,18,10.14,9.24,7.75,6.0,1
23,12x12,high,dispersed,18,low,null_dispatch,6,6,1,1,18,18,10.14,10.14,7.75,7.75,0
23,12x12,high,dispersed,18,high,baseline,6,6,0,0,18,18,9.24,9.24,6.0,6.0,0
23,12x12,high,dispersed,18,high,space_bits_only,6,6,0,0,18,18,9.24,9.24,6.0,6.0,0
23,12x12,high,dispersed,18,high,mask_only,6,6,0,0,18,18,9.24,9.24,6.0,6.0,0
23,12x12,high,dispersed,18,high,both,6,6,0,0,18,18,9.24,9.24,6.0,6.0,0
23,12x12,high,dispersed,18,high,null_dispatch,6,6,0,0,18,18,9.24,9.24,6.0,6.0,0
37,12x12,low,clustered,4,low,baseline,4,4,0,0,18,18,7.24,7.24,4.0,4.0,0
37,12x12,low,clustered,4,low,space_bits_only,4,4,0,0,18,18,7.24,7.24,4.0,4.0,0
37,12x12,low,clustered,4,low,mask_only,4,4,0,0,18,4,7.24,4.72,4.0,4.0,0
37,12x12,low,clustered,4,low,both,4,4,0,0,18,4,7.24,4.72,4.0,4.0,0
37,12x12,low,clustered,4,low,null_dispatch,4,4,0,0,18,18,7.24,7.24,4.0,4.0,0
37,12x12,low,clustered,4,high,baseline,4,4,0,0,18,18,7.24,7.24,4.0,4.0,0
37,12x12,low,clustered,4,high,space_bits_only,4,4,0,0,18,18,7.24,7.24,4.0,4.0,0
37,12x12,low,clustered,4,high,mask_only,4,4,0,0,18,4,7.24,4.72,4.0,4.0,0
37,12x12,low,clustered,4,high,both,4,4,0,0,18,4,7.24,4.72,4.0,4.0,0
37,12x12,low,clustered,4,high,null_dispatch,4,4,0,0,18,18,7.24,7.24,4.0,4.0,0
37,12x12,low,clustered,8,low,baseline,4,4,0,0,18,18,7.24,7.24,4.0,4.0,0
37,12x12,low,clustered,8,low,space_bits_only,4,4,0,0,18,18,7.24,7.24,4.0,4.0,0
37,12x12,low,clustered,8,low,mask_only,4,4,0,0,18,8,7.24,5.44,4.0,4.0,0
37,12x12,low,clustered,8,low,both,4,4,0,0,18,8,7.24,5.44,4.0,4.0,0
37,12x12,low,clustered,8,low,null_dispatch,4,4,0,0,18,18,7.24,7.24,4.0,4.0,0
37,12x12,low,clustered,8,high,baseline,3,3,0,0,18,18,6.24,6.24,3.0,3.0,0
37,12x12,low,clustered,8,high,space_bits_only,3,3,0,0,18,18,6.24,6.24,3.0,3.0,0
37,12x12,low,clustered,8,high,mask_only,3,3,0,0,18,8,6.24,4.44,3.0,3.0,0
37,12x12,low,clustered,8,high,both,3,3,0,0,18,8,6.24,4.44,3.0,3.0,0
37,12x12,low,clustered,8,high,null_dispatch,3,3,0,0,18,18,6.24,6.24,3.0,3.0,0
37,12x12,low,clustered,12,low,baseline,4,4,0,0,18,18,7.24,7.24,4.0,4.0,0
37,12x12,low,clustered,12,low,space_bits_only,4,4,0,0,18,18,7.24,7.24,4.0,4.0,0
37,12x12,low,clustered,12,low,mask_only,4,4,0,0,18,12,7.24,6.16,4.0,4.0,0
37,12x12,low,clustered,12,low,both,4,4,0,0,18,12,7.24,6.16,4.0,4.0,0
37,12x12,low,clustered,12,low,null_dispatch,4,4,0,0,18,18,7.24,7.24,4.0,4.0,0
37,12x12,low,clustered,12,high,baseline,3,3,0,0,18,18,6.24,6.24,3.0,3.0,0
37,12x12,low,clustered,12,high,space_bits_only,3,3,0,0,18,18,6.24,6.24,3.0,3.0,0
37,12x12,low,clustered,12,high,mask_only,3,3,0,0,18,12,6.24,5.16,3.0,3.0,0
37,12x12,low,clustered,12,high,both,3,3,0,0,18,12,6.24,5.16,3.0,3.0,0
37,12x12,low,clustered,12,high,null_dispatch,3,3,0,0,18,18,6.24,6.24,3.0,3.0,0
37,12x12,low,clustered,18,low,baseline,4,4,0,0,18,18,7.24,7.24,4.0,4.0,0
37,12x12,low,clustered,18,low,space_bits_only,4,4,0,0,18,18,7.24,7.24,4.0,4.0,0
37,12x12,low,clustered,18,low,mask_only,4,4,0,0,18,18,7.24,7.24,4.0,4.0,0
37,12x12,low,clustered,18,low,both,4,4,0,0,18,18,7.24,7.24,4.0,4.0,0
37,12x12,low,clustered,18,low,null_dispatch,4,4,0,0,18,18,7.24,7.24,4.0,4.0,0
37,12x12,low,clustered,18,high,baseline,4,4,0,0,18,18,7.24,7.24,4.0,4.0,0
37,12x12,low,clustered,18,high,space_bits_only,4,4,0,0,18,18,7.24,7.24,4.0,4.0,0
37,12x12,low,clustered,18,high,mask_only,4,4,0,0,18,18,7.24,7.24,4.0,4.0,0
37,12x12,low,clustered,18,high,both,4,4,0,0,18,18,7.24,7.24,4.0,4.0,0
37,12x12,low,clustered,18,high,null_dispatch,4,4,0,0,18,18,7.24,7.24,4.0,4.0,0
37,12x12,low,dispersed,4,low,baseline,7,7,0,0,18,18,10.24,10.24,7.0,7.0,0
37,12x12,low,dispersed,4,low,space_bits_only,7,7,0,0,18,18,10.24,10.24,7.0,7.0,0
37,12x12,low,dispersed,4,low,mask_only,7,7,0,0,18,4,10.24,7.72,7.0,7.0,0
37,12x12,low,dispersed,4,low,both,7,7,0,0,18,4,10.24,7.72,7.0,7.0,0
37,12x12,low,dispersed,4,low,null_dispatch,7,7,0,0,18,18,10.24,10.24,7.0,7.0,0
37,12x12,low,dispersed,4,high,baseline,4,4,0,0,18,18,7.24,7.24,4.0,4.0,0
37,12x12,low,dispersed,4,high,space_bits_only,4,4,0,0,18,18,7.24,7.24,4.0,4.0,0
37,12x12,low,dispersed,4,high,mask_only,4,4,0,0,18,4,7.24,4.72,4.0,4.0,0
37,12x12,low,dispersed,4,high,both,4,4,0,0,18,4,7.24,4.72,4.0,4.0,0
37,12x12,low,dispersed,4,high,null_dispatch,4,4,0,0,18,18,7.24,7.24,4.0,4.0,0
37,12x12,low,dispersed,8,low,baseline,8,8,0,0,18,18,11.24,11.24,8.0,8.0,0
37,12x12,low,dispersed,8,low,space_bits_only,8,8,0,0,18,18,11.24,11.24,8.0,8.0,0
37,12x12,low,dispersed,8,low,mask_only,8,8,0,0,18,8,11.24,9.44,8.0,8.0,0
37,12x12,low,dispersed,8,low,both,8,8,0,0,18,8,11.24,9.44,8.0,8.0,0
37,12x12,low,dispersed,8,low,null_dispatch,8,8,0,0,18,18,11.24,11.24,8.0,8.0,0
37,12x12,low,dispersed,8,high,baseline,5,5,0,0,18,18,8.24,8.24,5.0,5.0,0
37,12x12,low,dispersed,8,high,space_bits_only,5,5,0,0,18,18,8.24,8.24,5.0,5.0,0
37,12x12,low,dispersed,8,high,mask_only,5,5,0,0,18,8,8.24,6.44,5.0,5.0,0
37,12x12,low,dispersed,8,high,both,5,5,0,0,18,8,8.24,6.44,5.0,5.0,0
37,12x12,low,dispersed,8,high,null_dispatch,5,5,0,0,18,18,8.24,8.24,5.0,5.0,0
37,12x12,low,dispersed,12,low,baseline,10,10,0,0,18,18,13.24,13.24,10.0,10.0,0
37,12x12,low,dispersed,12,low,space_bits_only,10,10,0,0,18,18,13.24,13.24,10.0,10.0,0
37,12x12,low,dispersed,12,low,mask_only,10,10,0,0,18,12,13.24,12.16,10.0,10.0,0
37,12x12,low,dispersed,12,low,both,10,10,0,0,18,12,13.24,12.16,10.0,10.0,0
37,12x12,low,dispersed,12,low,null_dispatch,10,10,0,0,18,18,13.24,13.24,10.0,10.0,0
37,12x12,low,dispersed,12,high,baseline,5,5,0,0,18,18,8.24,8.24,5.0,5.0,0
37,12x12,low,dispersed,12,high,space_bits_only,5,5,0,0,18,18,8.24,8.24,5.0,5.0,0
37,12x12,low,dispersed,12,high,mask_only,5,5,0,0,18,12,8.24,7.16,5.0,5.0,0
37,12x12,low,dispersed,12,high,both,5,5,0,0,18,12,8.24,7.16,5.0,5.0,0
37,12x12,low,dispersed,12,high,null_dispatch,5,5,0,0,18,18,8.24,8.24,5.0,5.0,0
37,12x12,low,dispersed,18,low,baseline,5,5,0,0,18,18,8.24,8.24,5.0,5.0,0
37,12x12,low,dispersed,18,low,space_bits_only,5,5,0,0,18,18,8.24,8.24,5.0,5.0,0
37,12x12,low,dispersed,18,low,mask_only,5,5,0,0,18,18,8.24,8.24,5.0,5.0,0
37,12x12,low,dispersed,18,low,both,5,5,0,0,18,18,8.24,8.24,5.0,5.0,0
37,12x12,low,dispersed,18,low,null_dispatch,5,5,0,0,18,18,8.24,8.24,5.0,5.0,0
37,12x12,low,dispersed,18,high,baseline,8,8,0,0,18,18,11.24,11.24,8.0,8.0,0
37,12x12,low,dispersed,18,high,space_bits_only,8,8,0,0,18,18,11.24,11.24,8.0,8.0,0
37,12x12,low,dispersed,18,high,mask_only,8,8,0,0,18,18,11.24,11.24,8.0,8.0,0
37,12x12,low,dispersed,18,high,both,8,8,0,0,18,18,11.24,11.24,8.0,8.0,0
37,12x12,low,dispersed,18,high,null_dispatch,8,8,0,0,18,18,11.24,11.24,8.0,8.0,0
37,12x12,medium,clustered,4,low,baseline,4,4,0,0,18,18,7.24,7.24,4.0,4.0,0
37,12x12,medium,clustered,4,low,space_bits_only,4,4,0,0,18,18,7.24,7.24,4.0,4.0,0
37,12x12,medium,clustered,4,low,mask_only,4,4,0,0,18,4,7.24,4.72,4.0,4.0,0
37,12x12,medium,clustered,4,low,both,4,4,0,0,18,4,7.24,4.72,4.0,4.0,0
37,12x12,medium,clustered,4,low,null_dispatch,4,4,0,0,18,18,7.24,7.24,4.0,4.0,0
37,12x12,medium,clustered,4,high,baseline,4,4,0,0,18,18,7.24,7.24,4.0,4.0,0
37,12x12,medium,clustered,4,high,space_bits_only,4,4,0,0,18,18,7.24,7.24,4.0,4.0,0
37,12x12,medium,clustered,4,high,mask_only,4,4,0,0,18,4,7.24,4.72,4.0,4.0,0
37,12x12,medium,clustered,4,high,both,4,4,0,0,18,4,7.24,4.72,4.0,4.0,0
37,12x12,medium,clustered,4,high,null_dispatch,4,4,0,0,18,18,7.24,7.24,4.0,4.0,0
37,12x12,medium,clustered,8,low,baseline,4,4,0,0,18,18,7.24,7.24,4.0,4.0,0
37,12x12,medium,clustered,8,low,space_bits_only,4,4,0,0,18,18,7.24,7.24,4.0,4.0,0
37,12x12,medium,clustered,8,low,mask_only,4,4,0,0,18,8,7.24,5.44,4.0,4.0,0
37,12x12,medium,clustered,8,low,both,4,4,0,0,18,8,7.24,5.44,4.0,4.0,0
37,12x12,medium,clustered,8,low,null_dispatch,4,4,0,0,18,18,7.24,7.24,4.0,4.0,0
37,12x12,medium,clustered,8,high,baseline,4,4,0,0,18,18,7.24,7.24,4.0,4.0,0
37,12x12,medium,clustered,8,high,space_bits_only,4,4,0,0,18,18,7.24,7.24,4.0,4.0,0
37,12x12,medium,clustered,8,high,mask_only,4,4,0,0,18,8,7.24,5.44,4.0,4.0,0
37,12x12,medium,clustered,8,high,both,4,4,0,0,18,8,7.24,5.44,4.0,4.0,0
37,12x12,medium,clustered,8,high,null_dispatch,4,4,0,0,18,18,7.24,7.24,4.0,4.0,0
37,12x12,medium,clustered,12,low,baseline,6,6,0,0,18,18,9.24,9.24,6.0,6.0,0
37,12x12,medium,clustered,12,low,space_bits_only,6,6,0,0,18,18,9.24,9.24,6.0,6.0,0
37,12x12,medium,clustered,12,low,mask_only,6,6,0,0,18,12,9.24,8.16,6.0,6.0,0
37,12x12,medium,clustered,12,low,both,6,6,0,0,18,12,9.24,8.16,6.0,6.0,0
37,12x12,medium,clustered,12,low,null_dispatch,6,6,0,0,18,18,9.24,9.24,6.0,6.0,0
37,12x12,medium,clustered,12,high,baseline,4,4,0,0,18,18,7.24,7.24,4.0,4.0,0
37,12x12,medium,clustered,12,high,space_bits_only,4,4,0,0,18,18,7.24,7.24,4.0,4.0,0
37,12x12,medium,clustered,12,high,mask_only,4,4,0,0,18,12,7.24,6.16,4.0,4.0,0
37,12x12,medium,clustered,12,high,both,4,4,0,0,18,12,7.24,6.16,4.0,4.0,0
37,12x12,medium,clustered,12,high,null_dispatch,4,4,0,0,18,18,7.24,7.24,4.0,4.0,0
37,12x12,medium,clustered,18,low,baseline,6,6,0,0,18,18,9.24,9.24,6.0,6.0,0
37,12x12,medium,clustered,18,low,space_bits_only,6,6,0,0,18,18,9.24,9.24,6.0,6.0,0
37,12x12,medium,clustered,18,low,mask_only,6,6,0,0,18,18,9.24,9.24,6.0,6.0,0
37,12x12,medium,clustered,18,low,both,6,6,0,0,18,18,9.24,9.24,6.0,6.0,0
37,12x12,medium,clustered,18,low,null_dispatch,6,6,0,0,18,18,9.24,9.24,6.0,6.0,0
37,12x12,medium,clustered,18,high,baseline,4,4,0,0,18,18,7.24,7.24,4.0,4.0,0
37,12x12,medium,clustered,18,high,space_bits_only,4,4,0,0,18,18,7.24,7.24,4.0,4.0,0
37,12x12,medium,clustered,18,high,mask_only,4,4,0,0,18,18,7.24,7.24,4.0,4.0,0
37,12x12,medium,clustered,18,high,both,4,4,0,0,18,18,7.24,7.24,4.0,4.0,0
37,12x12,medium,clustered,18,high,null_dispatch,4,4,0,0,18,18,7.24,7.24,4.0,4.0,0
37,12x12,medium,dispersed,4,low,baseline,12,12,1,1,18,18,16.14,16.14,13.75,13.75,0
37,12x12,medium,dispersed,4,low,space_bits_only,12,12,1,1,18,18,16.14,16.14,13.75,13.75,0
37,12x12,medium,dispersed,4,low,mask_only,12,12,1,1,18,4,16.14,13.62,13.75,13.75,0
37,12x12,medium,dispersed,4,low,both,12,12,1,1,18,4,16.14,13.62,13.75,13.75,0
37,12x12,medium,dispersed,4,low,null_dispatch,12,12,1,1,18,18,16.14,16.14,13.75,13.75,0
37,12x12,medium,dispersed,4,high,baseline,9,9,0,0,18,18,12.24,12.24,9.0,9.0,0
37,12x12,medium,dispersed,4,high,space_bits_only,9,9,0,0,18,18,12.24,12.24,9.0,9.0,0
37,12x12,medium,dispersed,4,high,mask_only,9,9,0,0,18,4,12.24,9.72,9.0,9.0,0
37,12x12,medium,dispersed,4,high,both,9,9,0,0,18,4,12.24,9.72,9.0,9.0,0
37,12x12,medium,dispersed,4,high,null_dispatch,9,9,0,0,18,18,12.24,12.24,9.0,9.0,0
37,12x12,medium,dispersed,8,low,baseline,12,12,1,1,18,18,16.14,16.14,13.75,13.75,0
37,12x12,medium,dispersed,8,low,space_bits_only,12,12,1,0,18,18,16.14,15.24,13.75,12.0,1
37,12x12,medium,dispersed,8,low,mask_only,12,12,1,1,18,8,16.14,14.34,13.75,13.75,0
37,12x12,medium,dispersed,8,low,both,12,12,1,0,18,8,16.14,13.44,13.75,12.0,1
37,12x12,medium,dispersed,8,low,null_dispatch,12,12,1,1,18,18,16.14,16.14,13.75,13.75,0
37,12x12,medium,dispersed,8,high,baseline,10,10,0,0,18,18,13.24,13.24,10.0,10.0,0
37,12x12,medium,dispersed,8,high,space_bits_only,10,10,0,0,18,18,13.24,13.24,10.0,10.0,0
37,12x12,medium,dispersed,8,high,mask_only,10,10,0,0,18,8,13.24,11.44,10.0,10.0,0
37,12x12,medium,dispersed,8,high,both,10,10,0,0,18,8,13.24,11.44,10.0,10.0,0
37,12x12,medium,dispersed,8,high,null_dispatch,10,10,0,0,18,18,13.24,13.24,10.0,10.0,0
37,12x12,medium,dispersed,12,low,baseline,4,4,0,0,18,18,7.24,7.24,4.0,4.0,0
37,12x12,medium,dispersed,12,low,space_bits_only,4,4,0,0,18,18,7.24,7.24,4.0,4.0,0
37,12x12,medium,dispersed,12,low,mask_only,4,4,0,0,18,12,7.24,6.16,4.0,4.0,0
37,12x12,medium,dispersed,12,low,both,4,4,0,0,18,12,7.24,6.16,4.0,4.0,0
37,12x12,medium,dispersed,12,low,null_dispatch,4,4,0,0,18,18,7.24,7.24,4.0,4.0,0
37,12x12,medium,dispersed,12,high,baseline,8,8,0,0,18,18,11.24,11.24,8.0,8.0,0
37,12x12,medium,dispersed,12,high,space_bits_only,8,8,0,0,18,18,11.24,11.24,8.0,8.0,0
37,12x12,medium,dispersed,12,high,mask_only,8,8,0,0,18,12,11.24,10.16,8.0,8.0,0
37,12x12,medium,dispersed,12,high,both,8,8,0,0,18,12,11.24,10.16,8.0,8.0,0
37,12x12,medium,dispersed,12,high,null_dispatch,8,8,0,0,18,18,11.24,11.24,8.0,8.0,0
37,12x12,medium,dispersed,18,low,baseline,9,9,1,1,18,18,13.14,13.14,10.75,10.75,0
37,12x12,medium,dispersed,18,low,space_bits_only,9,9,1,1,18,18,13.14,13.14,10.75,10.75,0
37,12x12,medium,dispersed,18,low,mask_only,9,9,1,1,18,18,13.14,13.14,10.75,10.75,0
37,12x12,medium,dispersed,18,low,both,9,9,1,1,18,18,13.14,13.14,10.75,10.75,0
37,12x12,medium,dispersed,18,low,null_dispatch,9,9,1,1,18,18,13.14,13.14,10.75,10.75,0
37,12x12,medium,dispersed,18,high,baseline,10,10,0,0,18,18,13.24,13.24,10.0,10.0,0
37,12x12,medium,dispersed,18,high,space_bits_only,10,10,0,0,18,18,13.24,13.24,10.0,10.0,0
37,12x12,medium,dispersed,18,high,mask_only,10,10,0,0,18,18,13.24,13.24,10.0,10.0,0
37,12x12,medium,dispersed,18,high,both,10,10,0,0,18,18,13.24,13.24,10.0,10.0,0
37,12x12,medium,dispersed,18,high,null_dispatch,10,10,0,0,18,18,13.24,13.24,10.0,10.0,0
37,12x12,high,clustered,4,low,baseline,3,3,0,0,18,18,6.24,6.24,3.0,3.0,0
37,12x12,high,clustered,4,low,space_bits_only,3,3,0,0,18,18,6.24,6.24,3.0,3.0,0
37,12x12,high,clustered,4,low,mask_only,3,3,0,0,18,4,6.24,3.72,3.0,3.0,0
37,12x12,high,clustered,4,low,both,3,3,0,0,18,4,6.24,3.72,3.0,3.0,0
37,12x12,high,clustered,4,low,null_dispatch,3,3,0,0,18,18,6.24,6.24,3.0,3.0,0
37,12x12,high,clustered,4,high,baseline,4,4,0,0,18,18,7.24,7.24,4.0,4.0,0
37,12x12,high,clustered,4,high,space_bits_only,4,4,0,0,18,18,7.24,7.24,4.0,4.0,0
37,12x12,high,clustered,4,high,mask_only,4,4,0,0,18,4,7.24,4.72,4.0,4.0,0
37,12x12,high,clustered,4,high,both,4,4,0,0,18,4,7.24,4.72,4.0,4.0,0
37,12x12,high,clustered,4,high,null_dispatch,4,4,0,0,18,18,7.24,7.24,4.0,4.0,0
37,12x12,high,clustered,8,low,baseline,5,5,0,0,18,18,8.24,8.24,5.0,5.0,0
37,12x12,high,clustered,8,low,space_bits_only,5,5,0,0,18,18,8.24,8.24,5.0,5.0,0
37,12x12,high,clustered,8,low,mask_only,5,5,0,0,18,8,8.24,6.44,5.0,5.0,0
37,12x12,high,clustered,8,low,both,5,5,0,0,18,8,8.24,6.44,5.0,5.0,0
37,12x12,high,clustered,8,low,null_dispatch,5,5,0,0,18,18,8.24,8.24,5.0,5.0,0
37,12x12,high,clustered,8,high,baseline,3,3,0,0,18,18,6.24,6.24,3.0,3.0,0
37,12x12,high,clustered,8,high,space_bits_only,3,3,0,0,18,18,6.24,6.24,3.0,3.0,0
37,12x12,high,clustered,8,high,mask_only,3,3,0,0,18,8,6.24,4.44,3.0,3.0,0
37,12x12,high,clustered,8,high,both,3,3,0,0,18,8,6.24,4.44,3.0,3.0,0
37,12x12,high,clustered,8,high,null_dispatch,3,3,0,0,18,18,6.24,6.24,3.0,3.0,0
37,12x12,high,clustered,12,low,baseline,5,5,0,0,18,18,8.24,8.24,5.0,5.0,0
37,12x12,high,clustered,12,low,space_bits_only,5,5,0,0,18,18,8.24,8.24,5.0,5.0,0
37,12x12,high,clustered,12,low,mask_only,5,5,0,0,18,12,8.24,7.16,5.0,5.0,0
37,12x12,high,clustered,12,low,both,5,5,0,0,18,12,8.24,7.16,5.0,5.0,0
37,12x12,high,clustered,12,low,null_dispatch,5,5,0,0,18,18,8.24,8.24,5.0,5.0,0
37,12x12,high,clustered,12,high,baseline,2,2,0,0,18,18,5.24,5.24,2.0,2.0,0
37,12x12,high,clustered,12,high,space_bits_only,2,2,0,0,18,18,5.24,5.24,2.0,2.0,0
37,12x12,high,clustered,12,high,mask_only,2,2,0,0,18,12,5.24,4.16,2.0,2.0,0
37,12x12,high,clustered,12,high,both,2,2,0,0,18,12,5.24,4.16,2.0,2.0,0
37,12x12,high,clustered,12,high,null_dispatch,2,2,0,0,18,18,5.24,5.24,2.0,2.0,0
37,12x12,high,clustered,18,low,baseline,3,3,0,0,18,18,6.24,6.24,3.0,3.0,0
37,12x12,high,clustered,18,low,space_bits_only,3,3,0,0,18,18,6.24,6.24,3.0,3.0,0
37,12x12,high,clustered,18,low,mask_only,3,3,0,0,18,18,6.24,6.24,3.0,3.0,0
37,12x12,high,clustered,18,low,both,3,3,0,0,18,18,6.24,6.24,3.0,3.0,0
37,12x12,high,clustered,18,low,null_dispatch,3,3,0,0,18,18,6.24,6.24,3.0,3.0,0
37,12x12,high,clustered,18,high,baseline,4,4,0,0,18,18,7.24,7.24,4.0,4.0,0
37,12x12,high,clustered,18,high,space_bits_only,4,4,0,0,18,18,7.24,7.24,4.0,4.0,0
37,12x12,high,clustered,18,high,mask_only,4,4,0,0,18,18,7.24,7.24,4.0,4.0,0
37,12x12,high,clustered,18,high,both,4,4,0,0,18,18,7.24,7.24,4.0,4.0,0
37,12x12,high,clustered,18,high,null_dispatch,4,4,0,0,18,18,7.24,7.24,4.0,4.0,0
37,12x12,high,dispersed,4,low,baseline,9,9,1,1,18,18,13.14,13.14,10.75,10.75,0
37,12x12,high,dispersed,4,low,space_bits_only,9,9,1,1,18,18,13.14,13.14,10.75,10.75,0
37,12x12,high,dispersed,4,low,mask_only,9,9,1,1,18,4,13.14,10.62,10.75,10.75,0
37,12x12,high,dispersed,4,low,both,9,9,1,1,18,4,13.14,10.62,10.75,10.75,0
37,12x12,high,dispersed,4,low,null_dispatch,9,9,1,1,18,18,13.14,13.14,10.75,10.75,0
37,12x12,high,dispersed,4,high,baseline,6,6,0,0,18,18,9.24,9.24,6.0,6.0,0
37,12x12,high,dispersed,4,high,space_bits_only,6,6,0,0,18,18,9.24,9.24,6.0,6.0,0
37,12x12,high,dispersed,4,high,mask_only,6,6,0,0,18,4,9.24,6.72,6.0,6.0,0
37,12x12,high,dispersed,4,high,both,6,6,0,0,18,4,9.24,6.72,6.0,6.0,0
37,12x12,high,dispersed,4,high,null_dispatch,6,6,0,0,18,18,9.24,9.24,6.0,6.0,0
37,12x12,high,dispersed,8,low,baseline,3,3,0,0,18,18,6.24,6.24,3.0,3.0,0
37,12x12,high,dispersed,8,low,space_bits_only,3,3,0,0,18,18,6.24,6.24,3.0,3.0,0
37,12x12,high,dispersed,8,low,mask_only,3,3,0,0,18,8,6.24,4.44,3.0,3.0,0
37,12x12,high,dispersed,8,low,both,3,3,0,0,18,8,6.24,4.44,3.0,3.0,0
37,12x12,high,dispersed,8,low,null_dispatch,3,3,0,0,18,18,6.24,6.24,3.0,3.0,0
37,12x12,high,dispersed,8,high,baseline,7,7,1,1,18,18,11.14,11.14,8.75,8.75,0
37,12x12,high,dispersed,8,high,space_bits_only,7,7,1,1,18,18,11.14,11.14,8.75,8.75,0
37,12x12,high,dispersed,8,high,mask_only,7,7,1,1,18,8,11.14,9.34,8.75,8.75,0
37,12x12,high,dispersed,8,high,both,7,7,1,1,18,8,11.14,9.34,8.75,8.75,0
37,12x12,high,dispersed,8,high,null_dispatch,7,7,1,1,18,18,11.14,11.14,8.75,8.75,0
37,12x12,high,dispersed,12,low,baseline,7,7,0,0,18,18,10.24,10.24,7.0,7.0,0
37,12x12,high,dispersed,12,low,space_bits_only,7,7,0,0,18,18,10.24,10.24,7.0,7.0,0
37,12x12,high,dispersed,12,low,mask_only,7,7,0,0,18,12,10.24,9.16,7.0,7.0,0
37,12x12,high,dispersed,12,low,both,7,7,0,0,18,12,10.24,9.16,7.0,7.0,0
37,12x12,high,dispersed,12,low,null_dispatch,7,7,0,0,18,18,10.24,10.24,7.0,7.0,0
37,12x12,high,dispersed,12,high,baseline,11,11,1,1,18,18,15.14,15.14,12.75,12.75,0
37,12x12,high,dispersed,12,high,space_bits_only,11,11,1,0,18,18,15.14,14.24,12.75,11.0,1
37,12x12,high,dispersed,12,high,mask_only,11,11,1,1,18,12,15.14,14.06,12.75,12.75,0
37,12x12,high,dispersed,12,high,both,11,11,1,0,18,12,15.14,13.16,12.75,11.0,1
37,12x12,high,dispersed,12,high,null_dispatch,11,11,1,1,18,18,15.14,15.14,12.75,12.75,0
37,12x12,high,dispersed,18,low,baseline,7,7,0,0,18,18,10.24,10.24,7.0,7.0,0
37,12x12,high,dispersed,18,low,space_bits_only,7,7,0,0,18,18,10.24,10.24,7.0,7.0,0
37,12x12,high,dispersed,18,low,mask_only,7,7,0,0,18,18,10.24,10.24,7.0,7.0,0
37,12x12,high,dispersed,18,low,both,7,7,0,0,18,18,10.24,10.24,7.0,7.0,0
37,12x12,high,dispersed,18,low,null_dispatch,7,7,0,0,18,18,10.24,10.24,7.0,7.0,0
37,12x12,high,dispersed,18,high,baseline,4,4,0,0,18,18,7.24,7.24,4.0,4.0,0
37,12x12,high,dispersed,18,high,space_bits_only,4,4,0,0,18,18,7.24,7.24,4.0,4.0,0
37,12x12,high,dispersed,18,high,mask_only,4,4,0,0,18,18,7.24,7.24,4.0,4.0,0
37,12x12,high,dispersed,18,high,both,4,4,0,0,18,18,7.24,7.24,4.0,4.0,0
37,12x12,high,dispersed,18,high,null_dispatch,4,4,0,0,18,18,7.24,7.24,4.0,4.0,0
41,12x12,low,clustered,4,low,baseline,4,4,0,0,18,18,7.24,7.24,4.0,4.0,0
41,12x12,low,clustered,4,low,space_bits_only,4,4,0,0,18,18,7.24,7.24,4.0,4.0,0
41,12x12,low,clustered,4,low,mask_only,4,4,0,0,18,4,7.24,4.72,4.0,4.0,0
41,12x12,low,clustered,4,low,both,4,4,0,0,18,4,7.24,4.72,4.0,4.0,0
41,12x12,low,clustered,4,low,null_dispatch,4,4,0,0,18,18,7.24,7.24,4.0,4.0,0
41,12x12,low,clustered,4,high,baseline,4,4,0,0,18,18,7.24,7.24,4.0,4.0,0
41,12x12,low,clustered,4,high,space_bits_only,4,4,0,0,18,18,7.24,7.24,4.0,4.0,0
41,12x12,low,clustered,4,high,mask_only,4,4,0,0,18,4,7.24,4.72,4.0,4.0,0
41,12x12,low,clustered,4,high,both,4,4,0,0,18,4,7.24,4.72,4.0,4.0,0
41,12x12,low,clustered,4,high,null_dispatch,4,4,0,0,18,18,7.24,7.24,4.0,4.0,0
41,12x12,low,clustered,8,low,baseline,3,3,0,0,18,18,6.24,6.24,3.0,3.0,0
41,12x12,low,clustered,8,low,space_bits_only,3,3,0,0,18,18,6.24,6.24,3.0,3.0,0
41,12x12,low,clustered,8,low,mask_only,3,3,0,0,18,8,6.24,4.44,3.0,3.0,0
41,12x12,low,clustered,8,low,both,3,3,0,0,18,8,6.24,4.44,3.0,3.0,0
41,12x12,low,clustered,8,low,null_dispatch,3,3,0,0,18,18,6.24,6.24,3.0,3.0,0
41,12x12,low,clustered,8,high,baseline,3,3,0,0,18,18,6.24,6.24,3.0,3.0,0
41,12x12,low,clustered,8,high,space_bits_only,3,3,0,0,18,18,6.24,6.24,3.0,3.0,0
41,12x12,low,clustered,8,high,mask_only,3,3,0,0,18,8,6.24,4.44,3.0,3.0,0
41,12x12,low,clustered,8,high,both,3,3,0,0,18,8,6.24,4.44,3.0,3.0,0
41,12x12,low,clustered,8,high,null_dispatch,3,3,0,0,18,18,6.24,6.24,3.0,3.0,0
41,12x12,low,clustered,12,low,baseline,2,2,0,0,18,18,5.24,5.24,2.0,2.0,0
41,12x12,low,clustered,12,low,space_bits_only,2,2,0,0,18,18,5.24,5.24,2.0,2.0,0
41,12x12,low,clustered,12,low,mask_only,2,2,0,0,18,12,5.24,4.16,2.0,2.0,0
41,12x12,low,clustered,12,low,both,2,2,0,0,18,12,5.24,4.16,2.0,2.0,0
41,12x12,low,clustered,12,low,null_dispatch,2,2,0,0,18,18,5.24,5.24,2.0,2.0,0
41,12x12,low,clustered,12,high,baseline,4,4,0,0,18,18,7.24,7.24,4.0,4.0,0
41,12x12,low,clustered,12,high,space_bits_only,4,4,0,0,18,18,7.24,7.24,4.0,4.0,0
41,12x12,low,clustered,12,high,mask_only,4,4,0,0,18,12,7.24,6.16,4.0,4.0,0
41,12x12,low,clustered,12,high,both,4,4,0,0,18,12,7.24,6.16,4.0,4.0,0
41,12x12,low,clustered,12,high,null_dispatch,4,4,0,0,18,18,7.24,7.24,4.0,4.0,0
41,12x12,low,clustered,18,low,baseline,2,2,0,0,18,18,5.24,5.24,2.0,2.0,0
41,12x12,low,clustered,18,low,space_bits_only,2,2,0,0,18,18,5.24,5.24,2.0,2.0,0
41,12x12,low,clustered,18,low,mask_only,2,2,0,0,18,18,5.24,5.24,2.0,2.0,0
41,12x12,low,clustered,18,low,both,2,2,0,0,18,18,5.24,5.24,2.0,2.0,0
41,12x12,low,clustered,18,low,null_dispatch,2,2,0,0,18,18,5.24,5.24,2.0,2.0,0
41,12x12,low,clustered,18,high,baseline,6,6,0,0,18,18,9.24,9.24,6.0,6.0,0
41,12x12,low,clustered,18,high,space_bits_only,6,6,0,0,18,18,9.24,9.24,6.0,6.0,0
41,12x12,low,clustered,18,high,mask_only,6,6,0,0,18,18,9.24,9.24,6.0,6.0,0
41,12x12,low,clustered,18,high,both,6,6,0,0,18,18,9.24,9.24,6.0,6.0,0
41,12x12,low,clustered,18,high,null_dispatch,6,6,0,0,18,18,9.24,9.24,6.0,6.0,0
41,12x12,low,dispersed,4,low,baseline,7,7,0,0,18,18,10.24,10.24,7.0,7.0,0
41,12x12,low,dispersed,4,low,space_bits_only,7,7,0,0,18,18,10.24,10.24,7.0,7.0,0
41,12x12,low,dispersed,4,low,mask_only,7,7,0,0,18,4,10.24,7.72,7.0,7.0,0
41,12x12,low,dispersed,4,low,both,7,7,0,0,18,4,10.24,7.72,7.0,7.0,0
41,12x12,low,dispersed,4,low,null_dispatch,7,7,0,0,18,18,10.24,10.24,7.0,7.0,0
41,12x12,low,dispersed,4,high,baseline,7,7,0,0,18,18,10.24,10.24,7.0,7.0,0
41,12x12,low,dispersed,4,high,space_bits_only,7,7,0,0,18,18,10.24,10.24,7.0,7.0,0
41,12x12,low,dispersed,4,high,mask_only,7,7,0,0,18,4,10.24,7.72,7.0,7.0,0
41,12x12,low,dispersed,4,high,both,7,7,0,0,18,4,10.24,7.72,7.0,7.0,0
41,12x12,low,dispersed,4,high,null_dispatch,7,7,0,0,18,18,10.24,10.24,7.0,7.0,0
41,12x12,low,dispersed,8,low,baseline,6,6,0,0,18,18,9.24,9.24,6.0,6.0,0
41,12x12,low,dispersed,8,low,space_bits_only,6,6,0,0,18,18,9.24,9.24,6.0,6.0,0
41,12x12,low,dispersed,8,low,mask_only,6,6,0,0,18,8,9.24,7.44,6.0,6.0,0
41,12x12,low,dispersed,8,low,both,6,6,0,0,18,8,9.24,7.44,6.0,6.0,0
41,12x12,low,dispersed,8,low,null_dispatch,6,6,0,0,18,18,9.24,9.24,6.0,6.0,0
41,12x12,low,dispersed,8,high,baseline,8,8,0,0,18,18,11.24,11.24,8.0,8.0,0
41,12x12,low,dispersed,8,high,space_bits_only,8,8,0,0,18,18,11.24,11.24,8.0,8.0,0
41,12x12,low,dispersed,8,high,mask_only,8,8,0,0,18,8,11.24,9.44,8.0,8.0,0
41,12x12,low,dispersed,8,high,both,8,8,0,0,18,8,11.24,9.44,8.0,8.0,0
41,12x12,low,dispersed,8,high,null_dispatch,8,8,0,0,18,18,11.24,11.24,8.0,8.0,0
41,12x12,low,dispersed,12,low,baseline,8,8,0,0,18,18,11.24,11.24,8.0,8.0,0
41,12x12,low,dispersed,12,low,space_bits_only,8,8,0,0,18,18,11.24,11.24,8.0,8.0,0
41,12x12,low,dispersed,12,low,mask_only,8,8,0,0,18,12,11.24,10.16,8.0,8.0,0
41,12x12,low,dispersed,12,low,both,8,8,0,0,18,12,11.24,10.16,8.0,8.0,0
41,12x12,low,dispersed,12,low,null_dispatch,8,8,0,0,18,18,11.24,11.24,8.0,8.0,0
41,12x12,low,dispersed,12,high,baseline,6,6,0,0,18,18,9.24,9.24,6.0,6.0,0
41,12x12,low,dispersed,12,high,space_bits_only,6,6,0,0,18,18,9.24,9.24,6.0,6.0,0
41,12x12,low,dispersed,12,high,mask_only,6,6,0,0,18,12,9.24,8.16,6.0,6.0,0
41,12x12,low,dispersed,12,high,both,6,6,0,0,18,12,9.24,8.16,6.0,6.0,0
41,12x12,low,dispersed,12,high,null_dispatch,6,6,0,0,18,18,9.24,9.24,6.0,6.0,0
41,12x12,low,dispersed,18,low,baseline,9,9,0,0,18,18,12.24,12.24,9.0,9.0,0
41,12x12,low,dispersed,18,low,space_bits_only,9,9,0,0,18,18,12.24,12.24,9.0,9.0,0
41,12x12,low,dispersed,18,low,mask_only,9,9,0,0,18,18,12.24,12.24,9.0,9.0,0
41,12x12,low,dispersed,18,low,both,9,9,0,0,18,18,12.24,12.24,9.0,9.0,0
41,12x12,low,dispersed,18,low,null_dispatch,9,9,0,0,18,18,12.24,12.24,9.0,9.0,0
41,12x12,low,dispersed,18,high,baseline,2,2,1,1,18,18,6.14,6.14,3.75,3.75,0
41,12x12,low,dispersed,18,high,space_bits_only,2,2,1,1,18,18,6.14,6.14,3.75,3.75,0
41,12x12,low,dispersed,18,high,mask_only,2,2,1,1,18,18,6.14,6.14,3.75,3.75,0
41,12x12,low,dispersed,18,high,both,2,2,1,1,18,18,6.14,6.14,3.75,3.75,0
41,12x12,low,dispersed,18,high,null_dispatch,2,2,1,1,18,18,6.14,6.14,3.75,3.75,0
41,12x12,medium,clustered,4,low,baseline,3,3,0,0,18,18,6.24,6.24,3.0,3.0,0
41,12x12,medium,clustered,4,low,space_bits_only,3,3,0,0,18,18,6.24,6.24,3.0,3.0,0
41,12x12,medium,clustered,4,low,mask_only,3,3,0,0,18,4,6.24,3.72,3.0,3.0,0
41,12x12,medium,clustered,4,low,both,3,3,0,0,18,4,6.24,3.72,3.0,3.0,0
41,12x12,medium,clustered,4,low,null_dispatch,3,3,0,0,18,18,6.24,6.24,3.0,3.0,0
41,12x12,medium,clustered,4,high,baseline,2,2,0,0,18,18,5.24,5.24,2.0,2.0,0
41,12x12,medium,clustered,4,high,space_bits_only,2,2,0,0,18,18,5.24,5.24,2.0,2.0,0
41,12x12,medium,clustered,4,high,mask_only,2,2,0,0,18,4,5.24,2.72,2.0,2.0,0
41,12x12,medium,clustered,4,high,both,2,2,0,0,18,4,5.24,2.72,2.0,2.0,0
41,12x12,medium,clustered,4,high,null_dispatch,2,2,0,0,18,18,5.24,5.24,2.0,2.0,0
41,12x12,medium,clustered,8,low,baseline,3,3,0,0,18,18,6.24,6.24,3.0,3.0,0
41,12x12,medium,clustered,8,low,space_bits_only,3,3,0,0,18,18,6.24,6.24,3.0,3.0,0
41,12x12,medium,clustered,8,low,mask_only,3,3,0,0,18,8,6.24,4.44,3.0,3.0,0
41,12x12,medium,clustered,8,low,both,3,3,0,0,18,8,6.24,4.44,3.0,3.0,0
41,12x12,medium,clustered,8,low,null_dispatch,3,3,0,0,18,18,6.24,6.24,3.0,3.0,0
41,12x12,medium,clustered,8,high,baseline,5,5,0,0,18,18,8.24,8.24,5.0,5.0,0
41,12x12,medium,clustered,8,high,space_bits_only,5,5,0,0,18,18,8.24,8.24,5.0,5.0,0
41,12x12,medium,clustered,8,high,mask_only,5,5,0,0,18,8,8.24,6.44,5.0,5.0,0
41,12x12,medium,clustered,8,high,both,5,5,0,0,18,8,8.24,6.44,5.0,5.0,0
41,12x12,medium,clustered,8,high,null_dispatch,5,5,0,0,18,18,8.24,8.24,5.0,5.0,0
41,12x12,medium,clustered,12,low,baseline,4,4,0,0,18,18,7.24,7.24,4.0,4.0,0
41,12x12,medium,clustered,12,low,space_bits_only,4,4,0,0,18,18,7.24,7.24,4.0,4.0,0
41,12x12,medium,clustered,12,low,mask_only,4,4,0,0,18,12,7.24,6.16,4.0,4.0,0
41,12x12,medium,clustered,12,low,both,4,4,0,0,18,12,7.24,6.16,4.0,4.0,0
41,12x12,medium,clustered,12,low,null_dispatch,4,4,0,0,18,18,7.24,7.24,4.0,4.0,0
41,12x12,medium,clustered,12,high,baseline,2,2,0,0,18,18,5.24,5.24,2.0,2.0,0
41,12x12,medium,clustered,12,high,space_bits_only,2,2,0,0,18,18,5.24,5.24,2.0,2.0,0
41,12x12,medium,clustered,12,high,mask_only,2,2,0,0,18,12,5.24,4.16,2.0,2.0,0
41,12x12,medium,clustered,12,high,both,2,2,0,0,18,12,5.24,4.16,2.0,2.0,0
41,12x12,medium,clustered,12,high,null_dispatch,2,2,0,0,18,18,5.24,5.24,2.0,2.0,0
41,12x12,medium,clustered,18,low,baseline,6,6,0,0,18,18,9.24,9.24,6.0,6.0,0
41,12x12,medium,clustered,18,low,space_bits_only,6,6,0,0,18,18,9.24,9.24,6.0,6.0,0
41,12x12,medium,clustered,18,low,mask_only,6,6,0,0,18,18,9.24,9.24,6.0,6.0,0
41,12x12,medium,clustered,18,low,both,6,6,0,0,18,18,9.24,9.24,6.0,6.0,0
41,12x12,medium,clustered,18,low,null_dispatch,6,6,0,0,18,18,9.24,9.24,6.0,6.0,0
41,12x12,medium,clustered,18,high,baseline,5,5,0,0,18,18,8.24,8.24,5.0,5.0,0
41,12x12,medium,clustered,18,high,space_bits_only,5,5,0,0,18,18,8.24,8.24,5.0,5.0,0
41,12x12,medium,clustered,18,high,mask_only,5,5,0,0,18,18,8.24,8.24,5.0,5.0,0
41,12x12,medium,clustered,18,high,both,5,5,0,0,18,18,8.24,8.24,5.0,5.0,0
41,12x12,medium,clustered,18,high,null_dispatch,5,5,0,0,18,18,8.24,8.24,5.0,5.0,0
41,12x12,medium,dispersed,4,low,baseline,8,8,0,0,18,18,11.24,11.24,8.0,8.0,0
41,12x12,medium,dispersed,4,low,space_bits_only,8,8,0,0,18,18,11.24,11.24,8.0,8.0,0
41,12x12,medium,dispersed,4,low,mask_only,8,8,0,0,18,4,11.24,8.72,8.0,8.0,0
41,12x12,medium,dispersed,4,low,both,8,8,0,0,18,4,11.24,8.72,8.0,8.0,0
41,12x12,medium,dispersed,4,low,null_dispatch,8,8,0,0,18,18,11.24,11.24,8.0,8.0,0
41,12x12,medium,dispersed,4,high,baseline,10,10,0,0,18,18,13.24,13.24,10.0,10.0,0
41,12x12,medium,dispersed,4,high,space_bits_only,10,10,0,0,18,18,13.24,13.24,10.0,10.0,0
41,12x12,medium,dispersed,4,high,mask_only,10,10,0,0,18,4,13.24,10.72,10.0,10.0,0
41,12x12,medium,dispersed,4,high,both,10,10,0,0,18,4,13.24,10.72,10.0,10.0,0
41,12x12,medium,dispersed,4,high,null_dispatch,10,10,0,0,18,18,13.24,13.24,10.0,10.0,0
41,12x12,medium,dispersed,8,low,baseline,7,7,0,0,18,18,10.24,10.24,7.0,7.0,0
41,12x12,medium,dispersed,8,low,space_bits_only,7,7,0,0,18,18,10.24,10.24,7.0,7.0,0
41,12x12,medium,dispersed,8,low,mask_only,7,7,0,0,18,8,10.24,8.44,7.0,7.0,0
41,12x12,medium,dispersed,8,low,both,7,7,0,0,18,8,10.24,8.44,7.0,7.0,0
41,12x12,medium,dispersed,8,low,null_dispatch,7,7,0,0,18,18,10.24,10.24,7.0,7.0,0
41,12x12,medium,dispersed,8,high,baseline,8,8,0,0,18,18,11.24,11.24,8.0,8.0,0
41,12x12,medium,dispersed,8,high,space_bits_only,8,8,0,0,18,18,11.24,11.24,8.0,8.0,0
41,12x12,medium,dispersed,8,high,mask_only,8,8,0,0,18,8,11.24,9.44,8.0,8.0,0
41,12x12,medium,dispersed,8,high,both,8,8,0,0,18,8,11.24,9.44,8.0,8.0,0
41,12x12,medium,dispersed,8,high,null_dispatch,8,8,0,0,18,18,11.24,11.24,8.0,8.0,0
41,12x12,medium,dispersed,12,low,baseline,8,8,1,1,18,18,12.14,12.14,9.75,9.75,0
41,12x12,medium,dispersed,12,low,space_bits_only,8,8,1,1,18,18,12.14,12.14,9.75,9.75,0
41,12x12,medium,dispersed,12,low,mask_only,8,8,1,1,18,12,12.14,11.06,9.75,9.75,0
41,12x12,medium,dispersed,12,low,both,8,8,1,1,18,12,12.14,11.06,9.75,9.75,0
41,12x12,medium,dispersed,12,low,null_dispatch,8,8,1,1,18,18,12.14,12.14,9.75,9.75,0
41,12x12,medium,dispersed,12,high,baseline,6,6,0,0,18,18,9.24,9.24,6.0,6.0,0
41,12x12,medium,dispersed,12,high,space_bits_only,6,6,0,0,18,18,9.24,9.24,6.0,6.0,0
41,12x12,medium,dispersed,12,high,mask_only,6,6,0,0,18,12,9.24,8.16,6.0,6.0,0
41,12x12,medium,dispersed,12,high,both,6,6,0,0,18,12,9.24,8.16,6.0,6.0,0
41,12x12,medium,dispersed,12,high,null_dispatch,6,6,0,0,18,18,9.24,9.24,6.0,6.0,0
41,12x12,medium,dispersed,18,low,baseline,12,12,1,1,18,18,16.14,16.14,13.75,13.75,0
41,12x12,medium,dispersed,18,low,space_bits_only,12,12,1,1,18,18,16.14,16.14,13.75,13.75,0
41,12x12,medium,dispersed,18,low,mask_only,12,12,1,1,18,18,16.14,16.14,13.75,13.75,0
41,12x12,medium,dispersed,18,low,both,12,12,1,1,18,18,16.14,16.14,13.75,13.75,0
41,12x12,medium,dispersed,18,low,null_dispatch,12,12,1,1,18,18,16.14,16.14,13.75,13.75,0
41,12x12,medium,dispersed,18,high,baseline,5,5,0,0,18,18,8.24,8.24,5.0,5.0,0
41,12x12,medium,dispersed,18,high,space_bits_only,5,5,0,0,18,18,8.24,8.24,5.0,5.0,0
41,12x12,medium,dispersed,18,high,mask_only,5,5,0,0,18,18,8.24,8.24,5.0,5.0,0
41,12x12,medium,dispersed,18,high,both,5,5,0,0,18,18,8.24,8.24,5.0,5.0,0
41,12x12,medium,dispersed,18,high,null_dispatch,5,5,0,0,18,18,8.24,8.24,5.0,5.0,0
41,12x12,high,clustered,4,low,baseline,2,2,0,0,18,18,5.24,5.24,2.0,2.0,0
41,12x12,high,clustered,4,low,space_bits_only,2,2,0,0,18,18,5.24,5.24,2.0,2.0,0
41,12x12,high,clustered,4,low,mask_only,2,2,0,0,18,4,5.24,2.72,2.0,2.0,0
41,12x12,high,clustered,4,low,both,2,2,0,0,18,4,5.24,2.72,2.0,2.0,0
41,12x12,high,clustered,4,low,null_dispatch,2,2,0,0,18,18,5.24,5.24,2.0,2.0,0
41,12x12,high,clustered,4,high,baseline,3,3,1,1,18,18,7.14,7.14,4.75,4.75,0
41,12x12,high,clustered,4,high,space_bits_only,3,3,1,0,18,18,7.14,6.24,4.75,3.0,1
41,12x12,high,clustered,4,high,mask_only,3,3,1,1,18,4,7.14,4.62,4.75,4.75,0
41,12x12,high,clustered,4,high,both,3,3,1,0,18,4,7.14,3.72,4.75,3.0,1
41,12x12,high,clustered,4,high,null_dispatch,3,3,1,1,18,18,7.14,7.14,4.75,4.75,0
41,12x12,high,clustered,8,low,baseline,4,4,0,0,18,18,7.24,7.24,4.0,4.0,0
41,12x12,high,clustered,8,low,space_bits_only,4,4,0,0,18,18,7.24,7.24,4.0,4.0,0
41,12x12,high,clustered,8,low,mask_only,4,4,0,0,18,8,7.24,5.44,4.0,4.0,0
41,12x12,high,clustered,8,low,both,4,4,0,0,18,8,7.24,5.44,4.0,4.0,0
41,12x12,high,clustered,8,low,null_dispatch,4,4,0,0,18,18,7.24,7.24,4.0,4.0,0
41,12x12,high,clustered,8,high,baseline,2,2,0,0,18,18,5.24,5.24,2.0,2.0,0
41,12x12,high,clustered,8,high,space_bits_only,2,2,0,0,18,18,5.24,5.24,2.0,2.0,0
41,12x12,high,clustered,8,high,mask_only,2,2,0,0,18,8,5.24,3.44,2.0,2.0,0
41,12x12,high,clustered,8,high,both,2,2,0,0,18,8,5.24,3.44,2.0,2.0,0
41,12x12,high,clustered,8,high,null_dispatch,2,2,0,0,18,18,5.24,5.24,2.0,2.0,0
41,12x12,high,clustered,12,low,baseline,3,3,0,0,18,18,6.24,6.24,3.0,3.0,0
41,12x12,high,clustered,12,low,space_bits_only,3,3,0,0,18,18,6.24,6.24,3.0,3.0,0
41,12x12,high,clustered,12,low,mask_only,3,3,0,0,18,12,6.24,5.16,3.0,3.0,0
41,12x12,high,clustered,12,low,both,3,3,0,0,18,12,6.24,5.16,3.0,3.0,0
41,12x12,high,clustered,12,low,null_dispatch,3,3,0,0,18,18,6.24,6.24,3.0,3.0,0
41,12x12,high,clustered,12,high,baseline,5,5,0,0,18,18,8.24,8.24,5.0,5.0,0
41,12x12,high,clustered,12,high,space_bits_only,5,5,0,0,18,18,8.24,8.24,5.0,5.0,0
41,12x12,high,clustered,12,high,mask_only,5,5,0,0,18,12,8.24,7.16,5.0,5.0,0
41,12x12,high,clustered,12,high,both,5,5,0,0,18,12,8.24,7.16,5.0,5.0,0
41,12x12,high,clustered,12,high,null_dispatch,5,5,0,0,18,18,8.24,8.24,5.0,5.0,0
41,12x12,high,clustered,18,low,baseline,4,4,0,0,18,18,7.24,7.24,4.0,4.0,0
41,12x12,high,clustered,18,low,space_bits_only,4,4,0,0,18,18,7.24,7.24,4.0,4.0,0
41,12x12,high,clustered,18,low,mask_only,4,4,0,0,18,18,7.24,7.24,4.0,4.0,0
41,12x12,high,clustered,18,low,both,4,4,0,0,18,18,7.24,7.24,4.0,4.0,0
41,12x12,high,clustered,18,low,null_dispatch,4,4,0,0,18,18,7.24,7.24,4.0,4.0,0
41,12x12,high,clustered,18,high,baseline,4,4,0,0,18,18,7.24,7.24,4.0,4.0,0
41,12x12,high,clustered,18,high,space_bits_only,4,4,0,0,18,18,7.24,7.24,4.0,4.0,0
41,12x12,high,clustered,18,high,mask_only,4,4,0,0,18,18,7.24,7.24,4.0,4.0,0
41,12x12,high,clustered,18,high,both,4,4,0,0,18,18,7.24,7.24,4.0,4.0,0
41,12x12,high,clustered,18,high,null_dispatch,4,4,0,0,18,18,7.24,7.24,4.0,4.0,0
41,12x12,high,dispersed,4,low,baseline,7,7,2,2,18,18,12.04,12.04,10.5,10.5,0
41,12x12,high,dispersed,4,low,space_bits_only,7,7,2,2,18,18,12.04,12.04,10.5,10.5,0
41,12x12,high,dispersed,4,low,mask_only,7,7,2,2,18,4,12.04,9.52,10.5,10.5,0
41,12x12,high,dispersed,4,low,both,7,7,2,2,18,4,12.04,9.52,10.5,10.5,0
41,12x12,high,dispersed,4,low,null_dispatch,7,7,2,2,18,18,12.04,12.04,10.5,10.5,0
41,12x12,high,dispersed,4,high,baseline,5,5,0,0,18,18,8.24,8.24,5.0,5.0,0
41,12x12,high,dispersed,4,high,space_bits_only,5,5,0,0,18,18,8.24,8.24,5.0,5.0,0
41,12x12,high,dispersed,4,high,mask_only,5,5,0,0,18,4,8.24,5.72,5.0,5.0,0
41,12x12,high,dispersed,4,high,both,5,5,0,0,18,4,8.24,5.72,5.0,5.0,0
41,12x12,high,dispersed,4,high,null_dispatch,5,5,0,0,18,18,8.24,8.24,5.0,5.0,0
41,12x12,high,dispersed,8,low,baseline,6,6,0,0,18,18,9.24,9.24,6.0,6.0,0
41,12x12,high,dispersed,8,low,space_bits_only,6,6,0,0,18,18,9.24,9.24,6.0,6.0,0
41,12x12,high,dispersed,8,low,mask_only,6,6,0,0,18,8,9.24,7.44,6.0,6.0,0
41,12x12,high,dispersed,8,low,both,6,6,0,0,18,8,9.24,7.44,6.0,6.0,0
41,12x12,high,dispersed,8,low,null_dispatch,6,6,0,0,18,18,9.24,9.24,6.0,6.0,0
41,12x12,high,dispersed,8,high,baseline,8,8,1,1,18,18,12.14,12.14,9.75,9.75,0
41,12x12,high,dispersed,8,high,space_bits_only,8,8,1,0,18,18,12.14,11.24,9.75,8.0,1
41,12x12,high,dispersed,8,high,mask_only,8,8,1,1,18,8,12.14,10.34,9.75,9.75,0
41,12x12,high,dispersed,8,high,both,8,8,1,0,18,8,12.14,9.44,9.75,8.0,1
41,12x12,high,dispersed,8,high,null_dispatch,8,8,1,1,18,18,12.14,12.14,9.75,9.75,0
41,12x12,high,dispersed,12,low,baseline,7,7,0,0,18,18,10.24,10.24,7.0,7.0,0
41,12x12,high,dispersed,12,low,space_bits_only,7,7,0,0,18,18,10.24,10.24,7.0,7.0,0
41,12x12,high,dispersed,12,low,mask_only,7,7,0,0,18,12,10.24,9.16,7.0,7.0,0
41,12x12,high,dispersed,12,low,both,7,7,0,0,18,12,10.24,9.16,7.0,7.0,0
41,12x12,high,dispersed,12,low,null_dispatch,7,7,0,0,18,18,10.24,10.24,7.0,7.0,0
41,12x12,high,dispersed,12,high,baseline,5,5,1,1,18,18,9.14,9.14,6.75,6.75,0
41,12x12,high,dispersed,12,high,space_bits_only,5,5,1,0,18,18,9.14,8.24,6.75,5.0,1
41,12x12,high,dispersed,12,high,mask_only,5,5,1,1,18,12,9.14,8.06,6.75,6.75,0
41,12x12,high,dispersed,12,high,both,5,5,1,0,18,12,9.14,7.16,6.75,5.0,1
41,12x12,high,dispersed,12,high,null_dispatch,5,5,1,1,18,18,9.14,9.14,6.75,6.75,0
41,12x12,high,dispersed,18,low,baseline,4,4,0,0,18,18,7.24,7.24,4.0,4.0,0
41,12x12,high,dispersed,18,low,space_bits_only,4,4,0,0,18,18,7.24,7.24,4.0,4.0,0
41,12x12,high,dispersed,18,low,mask_only,4,4,0,0,18,18,7.24,7.24,4.0,4.0,0
41,12x12,high,dispersed,18,low,both,4,4,0,0,18,18,7.24,7.24,4.0,4.0,0
41,12x12,high,dispersed,18,low,null_dispatch,4,4,0,0,18,18,7.24,7.24,4.0,4.0,0
41,12x12,high,dispersed,18,high,baseline,7,7,0,0,18,18,10.24,10.24,7.0,7.0,0
41,12x12,high,dispersed,18,high,space_bits_only,7,7,0,0,18,18,10.24,10.24,7.0,7.0,0
41,12x12,high,dispersed,18,high,mask_only,7,7,0,0,18,18,10.24,10.24,7.0,7.0,0
41,12x12,high,dispersed,18,high,both,7,7,0,0,18,18,10.24,10.24,7.0,7.0,0
41,12x12,high,dispersed,18,high,null_dispatch,7,7,0,0,18,18,10.24,10.24,7.0,7.0,0
53,12x12,low,clustered,4,low,baseline,6,6,0,0,18,18,9.24,9.24,6.0,6.0,0
53,12x12,low,clustered,4,low,space_bits_only,6,6,0,0,18,18,9.24,9.24,6.0,6.0,0
53,12x12,low,clustered,4,low,mask_only,6,6,0,0,18,4,9.24,6.72,6.0,6.0,0
53,12x12,low,clustered,4,low,both,6,6,0,0,18,4,9.24,6.72,6.0,6.0,0
53,12x12,low,clustered,4,low,null_dispatch,6,6,0,0,18,18,9.24,9.24,6.0,6.0,0
53,12x12,low,clustered,4,high,baseline,3,3,0,0,18,18,6.24,6.24,3.0,3.0,0
53,12x12,low,clustered,4,high,space_bits_only,3,3,0,0,18,18,6.24,6.24,3.0,3.0,0
53,12x12,low,clustered,4,high,mask_only,3,3,0,0,18,4,6.24,3.72,3.0,3.0,0
53,12x12,low,clustered,4,high,both,3,3,0,0,18,4,6.24,3.72,3.0,3.0,0
53,12x12,low,clustered,4,high,null_dispatch,3,3,0,0,18,18,6.24,6.24,3.0,3.0,0
53,12x12,low,clustered,8,low,baseline,4,4,0,0,18,18,7.24,7.24,4.0,4.0,0
53,12x12,low,clustered,8,low,space_bits_only,4,4,0,0,18,18,7.24,7.24,4.0,4.0,0
53,12x12,low,clustered,8,low,mask_only,4,4,0,0,18,8,7.24,5.44,4.0,4.0,0
53,12x12,low,clustered,8,low,both,4,4,0,0,18,8,7.24,5.44,4.0,4.0,0
53,12x12,low,clustered,8,low,null_dispatch,4,4,0,0,18,18,7.24,7.24,4.0,4.0,0
53,12x12,low,clustered,8,high,baseline,4,4,0,0,18,18,7.24,7.24,4.0,4.0,0
53,12x12,low,clustered,8,high,space_bits_only,4,4,0,0,18,18,7.24,7.24,4.0,4.0,0
53,12x12,low,clustered,8,high,mask_only,4,4,0,0,18,8,7.24,5.44,4.0,4.0,0
53,12x12,low,clustered,8,high,both,4,4,0,0,18,8,7.24,5.44,4.0,4.0,0
53,12x12,low,clustered,8,high,null_dispatch,4,4,0,0,18,18,7.24,7.24,4.0,4.0,0
53,12x12,low,clustered,12,low,baseline,6,6,0,0,18,18,9.24,9.24,6.0,6.0,0
53,12x12,low,clustered,12,low,space_bits_only,6,6,0,0,18,18,9.24,9.24,6.0,6.0,0
53,12x12,low,clustered,12,low,mask_only,6,6,0,0,18,12,9.24,8.16,6.0,6.0,0
53,12x12,low,clustered,12,low,both,6,6,0,0,18,12,9.24,8.16,6.0,6.0,0
53,12x12,low,clustered,12,low,null_dispatch,6,6,0,0,18,18,9.24,9.24,6.0,6.0,0
53,12x12,low,clustered,12,high,baseline,3,3,0,0,18,18,6.24,6.24,3.0,3.0,0
53,12x12,low,clustered,12,high,space_bits_only,3,3,0,0,18,18,6.24,6.24,3.0,3.0,0
53,12x12,low,clustered,12,high,mask_only,3,3,0,0,18,12,6.24,5.16,3.0,3.0,0
53,12x12,low,clustered,12,high,both,3,3,0,0,18,12,6.24,5.16,3.0,3.0,0
53,12x12,low,clustered,12,high,null_dispatch,3,3,0,0,18,18,6.24,6.24,3.0,3.0,0
53,12x12,low,clustered,18,low,baseline,3,3,1,1,18,18,7.14,7.14,4.75,4.75,0
53,12x12,low,clustered,18,low,space_bits_only,3,3,1,0,18,18,7.14,6.24,4.75,3.0,1
53,12x12,low,clustered,18,low,mask_only,3,3,1,1,18,18,7.14,7.14,4.75,4.75,0
53,12x12,low,clustered,18,low,both,3,3,1,0,18,18,7.14,6.24,4.75,3.0,1
53,12x12,low,clustered,18,low,null_dispatch,3,3,1,1,18,18,7.14,7.14,4.75,4.75,0
53,12x12,low,clustered,18,high,baseline,5,5,0,0,18,18,8.24,8.24,5.0,5.0,0
53,12x12,low,clustered,18,high,space_bits_only,5,5,0,0,18,18,8.24,8.24,5.0,5.0,0
53,12x12,low,clustered,18,high,mask_only,5,5,0,0,18,18,8.24,8.24,5.0,5.0,0
53,12x12,low,clustered,18,high,both,5,5,0,0,18,18,8.24,8.24,5.0,5.0,0
53,12x12,low,clustered,18,high,null_dispatch,5,5,0,0,18,18,8.24,8.24,5.0,5.0,0
53,12x12,low,dispersed,4,low,baseline,3,3,0,0,18,18,6.24,6.24,3.0,3.0,0
53,12x12,low,dispersed,4,low,space_bits_only,3,3,0,0,18,18,6.24,6.24,3.0,3.0,0
53,12x12,low,dispersed,4,low,mask_only,3,3,0,0,18,4,6.24,3.72,3.0,3.0,0
53,12x12,low,dispersed,4,low,both,3,3,0,0,18,4,6.24,3.72,3.0,3.0,0
53,12x12,low,dispersed,4,low,null_dispatch,3,3,0,0,18,18,6.24,6.24,3.0,3.0,0
53,12x12,low,dispersed,4,high,baseline,5,5,0,0,18,18,8.24,8.24,5.0,5.0,0
53,12x12,low,dispersed,4,high,space_bits_only,5,5,0,0,18,18,8.24,8.24,5.0,5.0,0
53,12x12,low,dispersed,4,high,mask_only,5,5,0,0,18,4,8.24,5.72,5.0,5.0,0
53,12x12,low,dispersed,4,high,both,5,5,0,0,18,4,8.24,5.72,5.0,5.0,0
53,12x12,low,dispersed,4,high,null_dispatch,5,5,0,0,18,18,8.24,8.24,5.0,5.0,0
53,12x12,low,dispersed,8,low,baseline,9,9,0,0,18,18,12.24,12.24,9.0,9.0,0
53,12x12,low,dispersed,8,low,space_bits_only,9,9,0,0,18,18,12.24,12.24,9.0,9.0,0
53,12x12,low,dispersed,8,low,mask_only,9,9,0,0,18,8,12.24,10.44,9.0,9.0,0
53,12x12,low,dispersed,8,low,both,9,9,0,0,18,8,12.24,10.44,9.0,9.0,0
53,12x12,low,dispersed,8,low,null_dispatch,9,9,0,0,18,18,12.24,12.24,9.0,9.0,0
53,12x12,low,dispersed,8,high,baseline,4,4,0,0,18,18,7.24,7.24,4.0,4.0,0
53,12x12,low,dispersed,8,high,space_bits_only,4,4,0,0,18,18,7.24,7.24,4.0,4.0,0
53,12x12,low,dispersed,8,high,mask_only,4,4,0,0,18,8,7.24,5.44,4.0,4.0,0
53,12x12,low,dispersed,8,high,both,4,4,0,0,18,8,7.24,5.44,4.0,4.0,0
53,12x12,low,dispersed,8,high,null_dispatch,4,4,0,0,18,18,7.24,7.24,4.0,4.0,0
53,12x12,low,dispersed,12,low,baseline,8,8,1,1,18,18,12.14,12.14,9.75,9.75,0
53,12x12,low,dispersed,12,low,space_bits_only,8,8,1,0,18,18,12.14,11.24,9.75,8.0,1
53,12x12,low,dispersed,12,low,mask_only,8,8,1,1,18,12,12.14,11.06,9.75,9.75,0
53,12x12,low,dispersed,12,low,both,8,8,1,0,18,12,12.14,10.16,9.75,8.0,1
53,12x12,low,dispersed,12,low,null_dispatch,8,8,1,1,18,18,12.14,12.14,9.75,9.75,0
53,12x12,low,dispersed,12,high,baseline,8,8,0,0,18,18,11.24,11.24,8.0,8.0,0
53,12x12,low,dispersed,12,high,space_bits_only,8,8,0,0,18,18,11.24,11.24,8.0,8.0,0
53,12x12,low,dispersed,12,high,mask_only,8,8,0,0,18,12,11.24,10.16,8.0,8.0,0
53,12x12,low,dispersed,12,high,both,8,8,0,0,18,12,11.24,10.16,8.0,8.0,0
53,12x12,low,dispersed,12,high,null_dispatch,8,8,0,0,18,18,11.24,11.24,8.0,8.0,0
53,12x12,low,dispersed,18,low,baseline,6,6,0,0,18,18,9.24,9.24,6.0,6.0,0
53,12x12,low,dispersed,18,low,space_bits_only,6,6,0,0,18,18,9.24,9.24,6.0,6.0,0
53,12x12,low,dispersed,18,low,mask_only,6,6,0,0,18,18,9.24,9.24,6.0,6.0,0
53,12x12,low,dispersed,18,low,both,6,6,0,0,18,18,9.24,9.24,6.0,6.0,0
53,12x12,low,dispersed,18,low,null_dispatch,6,6,0,0,18,18,9.24,9.24,6.0,6.0,0
53,12x12,low,dispersed,18,high,baseline,7,7,0,0,18,18,10.24,10.24,7.0,7.0,0
53,12x12,low,dispersed,18,high,space_bits_only,7,7,0,0,18,18,10.24,10.24,7.0,7.0,0
53,12x12,low,dispersed,18,high,mask_only,7,7,0,0,18,18,10.24,10.24,7.0,7.0,0
53,12x12,low,dispersed,18,high,both,7,7,0,0,18,18,10.24,10.24,7.0,7.0,0
53,12x12,low,dispersed,18,high,null_dispatch,7,7,0,0,18,18,10.24,10.24,7.0,7.0,0
53,12x12,medium,clustered,4,low,baseline,6,6,0,0,18,18,9.24,9.24,6.0,6.0,0
53,12x12,medium,clustered,4,low,space_bits_only,6,6,0,0,18,18,9.24,9.24,6.0,6.0,0
53,12x12,medium,clustered,4,low,mask_only,6,6,0,0,18,4,9.24,6.72,6.0,6.0,0
53,12x12,medium,clustered,4,low,both,6,6,0,0,18,4,9.24,6.72,6.0,6.0,0
53,12x12,medium,clustered,4,low,null_dispatch,6,6,0,0,18,18,9.24,9.24,6.0,6.0,0
53,12x12,medium,clustered,4,high,baseline,2,2,0,0,18,18,5.24,5.24,2.0,2.0,0
53,12x12,medium,clustered,4,high,space_bits_only,2,2,0,0,18,18,5.24,5.24,2.0,2.0,0
53,12x12,medium,clustered,4,high,mask_only,2,2,0,0,18,4,5.24,2.72,2.0,2.0,0
53,12x12,medium,clustered,4,high,both,2,2,0,0,18,4,5.24,2.72,2.0,2.0,0
53,12x12,medium,clustered,4,high,null_dispatch,2,2,0,0,18,18,5.24,5.24,2.0,2.0,0
53,12x12,medium,clustered,8,low,baseline,3,3,0,0,18,18,6.24,6.24,3.0,3.0,0
53,12x12,medium,clustered,8,low,space_bits_only,3,3,0,0,18,18,6.24,6.24,3.0,3.0,0
53,12x12,medium,clustered,8,low,mask_only,3,3,0,0,18,8,6.24,4.44,3.0,3.0,0
53,12x12,medium,clustered,8,low,both,3,3,0,0,18,8,6.24,4.44,3.0,3.0,0
53,12x12,medium,clustered,8,low,null_dispatch,3,3,0,0,18,18,6.24,6.24,3.0,3.0,0
53,12x12,medium,clustered,8,high,baseline,4,4,0,0,18,18,7.24,7.24,4.0,4.0,0
53,12x12,medium,clustered,8,high,space_bits_only,4,4,0,0,18,18,7.24,7.24,4.0,4.0,0
53,12x12,medium,clustered,8,high,mask_only,4,4,0,0,18,8,7.24,5.44,4.0,4.0,0
53,12x12,medium,clustered,8,high,both,4,4,0,0,18,8,7.24,5.44,4.0,4.0,0
53,12x12,medium,clustered,8,high,null_dispatch,4,4,0,0,18,18,7.24,7.24,4.0,4.0,0
53,12x12,medium,clustered,12,low,baseline,4,4,1,1,18,18,8.14,8.14,5.75,5.75,0
53,12x12,medium,clustered,12,low,space_bits_only,4,4,1,1,18,18,8.14,8.14,5.75,5.75,0
53,12x12,medium,clustered,12,low,mask_only,4,4,1,1,18,12,8.14,7.06,5.75,5.75,0
53,12x12,medium,clustered,12,low,both,4,4,1,1,18,12,8.14,7.06,5.75,5.75,0
53,12x12,medium,clustered,12,low,null_dispatch,4,4,1,1,18,18,8.14,8.14,5.75,5.75,0
53,12x12,medium,clustered,12,high,baseline,5,5,0,0,18,18,8.24,8.24,5.0,5.0,0
53,12x12,medium,clustered,12,high,space_bits_only,5,5,0,0,18,18,8.24,8.24,5.0,5.0,0
53,12x12,medium,clustered,12,high,mask_only,5,5,0,0,18,12,8.24,7.16,5.0,5.0,0
53,12x12,medium,clustered,12,high,both,5,5,0,0,18,12,8.24,7.16,5.0,5.0,0
53,12x12,medium,clustered,12,high,null_dispatch,5,5,0,0,18,18,8.24,8.24,5.0,5.0,0
53,12x12,medium,clustered,18,low,baseline,4,4,0,0,18,18,7.24,7.24,4.0,4.0,0
53,12x12,medium,clustered,18,low,space_bits_only,4,4,0,0,18,18,7.24,7.24,4.0,4.0,0
53,12x12,medium,clustered,18,low,mask_only,4,4,0,0,18,18,7.24,7.24,4.0,4.0,0
53,12x12,medium,clustered,18,low,both,4,4,0,0,18,18,7.24,7.24,4.0,4.0,0
53,12x12,medium,clustered,18,low,null_dispatch,4,4,0,0,18,18,7.24,7.24,4.0,4.0,0
53,12x12,medium,clustered,18,high,baseline,6,6,0,0,18,18,9.24,9.24,6.0,6.0,0
53,12x12,medium,clustered,18,high,space_bits_only,6,6,0,0,18,18,9.24,9.24,6.0,6.0,0
53,12x12,medium,clustered,18,high,mask_only,6,6,0,0,18,18,9.24,9.24,6.0,6.0,0
53,12x12,medium,clustered,18,high,both,6,6,0,0,18,18,9.24,9.24,6.0,6.0,0
53,12x12,medium,clustered,18,high,null_dispatch,6,6,0,0,18,18,9.24,9.24,6.0,6.0,0
53,12x12,medium,dispersed,4,low,baseline,3,3,0,0,18,18,6.24,6.24,3.0,3.0,0
53,12x12,medium,dispersed,4,low,space_bits_only,3,3,0,0,18,18,6.24,6.24,3.0,3.0,0
53,12x12,medium,dispersed,4,low,mask_only,3,3,0,0,18,4,6.24,3.72,3.0,3.0,0
53,12x12,medium,dispersed,4,low,both,3,3,0,0,18,4,6.24,3.72,3.0,3.0,0
53,12x12,medium,dispersed,4,low,null_dispatch,3,3,0,0,18,18,6.24,6.24,3.0,3.0,0
53,12x12,medium,dispersed,4,high,baseline,10,10,0,0,18,18,13.24,13.24,10.0,10.0,0
53,12x12,medium,dispersed,4,high,space_bits_only,10,10,0,0,18,18,13.24,13.24,10.0,10.0,0
53,12x12,medium,dispersed,4,high,mask_only,10,10,0,0,18,4,13.24,10.72,10.0,10.0,0
53,12x12,medium,dispersed,4,high,both,10,10,0,0,18,4,13.24,10.72,10.0,10.0,0
53,12x12,medium,dispersed,4,high,null_dispatch,10,10,0,0,18,18,13.24,13.24,10.0,10.0,0
53,12x12,medium,dispersed,8,low,baseline,7,7,2,2,18,18,12.04,12.04,10.5,10.5,0
53,12x12,medium,dispersed,8,low,space_bits_only,7,7,2,2,18,18,12.04,12.04,10.5,10.5,0
53,12x12,medium,dispersed,8,low,mask_only,7,7,2,2,18,8,12.04,10.24,10.5,10.5,0
53,12x12,medium,dispersed,8,low,both,7,7,2,2,18,8,12.04,10.24,10.5,10.5,0
53,12x12,medium,dispersed,8,low,null_dispatch,7,7,2,2,18,18,12.04,12.04,10.5,10.5,0
53,12x12,medium,dispersed,8,high,baseline,9,9,0,0,18,18,12.24,12.24,9.0,9.0,0
53,12x12,medium,dispersed,8,high,space_bits_only,9,9,0,0,18,18,12.24,12.24,9.0,9.0,0
53,12x12,medium,dispersed,8,high,mask_only,9,9,0,0,18,8,12.24,10.44,9.0,9.0,0
53,12x12,medium,dispersed,8,high,both,9,9,0,0,18,8,12.24,10.44,9.0,9.0,0
53,12x12,medium,dispersed,8,high,null_dispatch,9,9,0,0,18,18,12.24,12.24,9.0,9.0,0
53,12x12,medium,dispersed,12,low,baseline,6,6,0,0,18,18,9.24,9.24,6.0,6.0,0
53,12x12,medium,dispersed,12,low,space_bits_only,6,6,0,0,18,18,9.24,9.24,6.0,6.0,0
53,12x12,medium,dispersed,12,low,mask_only,6,6,0,0,18,12,9.24,8.16,6.0,6.0,0
53,12x12,medium,dispersed,12,low,both,6,6,0,0,18,12,9.24,8.16,6.0,6.0,0
53,12x12,medium,dispersed,12,low,null_dispatch,6,6,0,0,18,18,9.24,9.24,6.0,6.0,0
53,12x12,medium,dispersed,12,high,baseline,7,7,0,0,18,18,10.24,10.24,7.0,7.0,0
53,12x12,medium,dispersed,12,high,space_bits_only,7,7,0,0,18,18,10.24,10.24,7.0,7.0,0
53,12x12,medium,dispersed,12,high,mask_only,7,7,0,0,18,12,10.24,9.16,7.0,7.0,0
53,12x12,medium,dispersed,12,high,both,7,7,0,0,18,12,10.24,9.16,7.0,7.0,0
53,12x12,medium,dispersed,12,high,null_dispatch,7,7,0,0,18,18,10.24,10.24,7.0,7.0,0
53,12x12,medium,dispersed,18,low,baseline,7,7,0,0,18,18,10.24,10.24,7.0,7.0,0
53,12x12,medium,dispersed,18,low,space_bits_only,7,7,0,0,18,18,10.24,10.24,7.0,7.0,0
53,12x12,medium,dispersed,18,low,mask_only,7,7,0,0,18,18,10.24,10.24,7.0,7.0,0
53,12x12,medium,dispersed,18,low,both,7,7,0,0,18,18,10.24,10.24,7.0,7.0,0
53,12x12,medium,dispersed,18,low,null_dispatch,7,7,0,0,18,18,10.24,10.24,7.0,7.0,0
53,12x12,medium,dispersed,18,high,baseline,10,10,0,0,18,18,13.24,13.24,10.0,10.0,0
53,12x12,medium,dispersed,18,high,space_bits_only,10,10,0,0,18,18,13.24,13.24,10.0,10.0,0
53,12x12,medium,dispersed,18,high,mask_only,10,10,0,0,18,18,13.24,13.24,10.0,10.0,0
53,12x12,medium,dispersed,18,high,both,10,10,0,0,18,18,13.24,13.24,10.0,10.0,0
53,12x12,medium,dispersed,18,high,null_dispatch,10,10,0,0,18,18,13.24,13.24,10.0,10.0,0
53,12x12,high,clustered,4,low,baseline,4,4,0,0,18,18,7.24,7.24,4.0,4.0,0
53,12x12,high,clustered,4,low,space_bits_only,4,4,0,0,18,18,7.24,7.24,4.0,4.0,0
53,12x12,high,clustered,4,low,mask_only,4,4,0,0,18,4,7.24,4.72,4.0,4.0,0
53,12x12,high,clustered,4,low,both,4,4,0,0,18,4,7.24,4.72,4.0,4.0,0
53,12x12,high,clustered,4,low,null_dispatch,4,4,0,0,18,18,7.24,7.24,4.0,4.0,0
53,12x12,high,clustered,4,high,baseline,4,4,0,0,18,18,7.24,7.24,4.0,4.0,0
53,12x12,high,clustered,4,high,space_bits_only,4,4,0,0,18,18,7.24,7.24,4.0,4.0,0
53,12x12,high,clustered,4,high,mask_only,4,4,0,0,18,4,7.24,4.72,4.0,4.0,0
53,12x12,high,clustered,4,high,both,4,4,0,0,18,4,7.24,4.72,4.0,4.0,0
53,12x12,high,clustered,4,high,null_dispatch,4,4,0,0,18,18,7.24,7.24,4.0,4.0,0
53,12x12,high,clustered,8,low,baseline,2,2,1,1,18,18,6.14,6.14,3.75,3.75,0
53,12x12,high,clustered,8,low,space_bits_only,2,2,1,1,18,18,6.14,6.14,3.75,3.75,0
53,12x12,high,clustered,8,low,mask_only,2,2,1,1,18,8,6.14,4.34,3.75,3.75,0
53,12x12,high,clustered,8,low,both,2,2,1,1,18,8,6.14,4.34,3.75,3.75,0
53,12x12,high,clustered,8,low,null_dispatch,2,2,1,1,18,18,6.14,6.14,3.75,3.75,0
53,12x12,high,clustered,8,high,baseline,5,5,0,0,18,18,8.24,8.24,5.0,5.0,0
53,12x12,high,clustered,8,high,space_bits_only,5,5,0,0,18,18,8.24,8.24,5.0,5.0,0
53,12x12,high,clustered,8,high,mask_only,5,5,0,0,18,8,8.24,6.44,5.0,5.0,0
53,12x12,high,clustered,8,high,both,5,5,0,0,18,8,8.24,6.44,5.0,5.0,0
53,12x12,high,clustered,8,high,null_dispatch,5,5,0,0,18,18,8.24,8.24,5.0,5.0,0
53,12x12,high,clustered,12,low,baseline,2,2,0,0,18,18,5.24,5.24,2.0,2.0,0
53,12x12,high,clustered,12,low,space_bits_only,2,2,0,0,18,18,5.24,5.24,2.0,2.0,0
53,12x12,high,clustered,12,low,mask_only,2,2,0,0,18,12,5.24,4.16,2.0,2.0,0
53,12x12,high,clustered,12,low,both,2,2,0,0,18,12,5.24,4.16,2.0,2.0,0
53,12x12,high,clustered,12,low,null_dispatch,2,2,0,0,18,18,5.24,5.24,2.0,2.0,0
53,12x12,high,clustered,12,high,baseline,4,4,1,1,18,18,8.14,8.14,5.75,5.75,0
53,12x12,high,clustered,12,high,space_bits_only,4,4,1,0,18,18,8.14,7.24,5.75,4.0,1
53,12x12,high,clustered,12,high,mask_only,4,4,1,1,18,12,8.14,7.06,5.75,5.75,0
53,12x12,high,clustered,12,high,both,4,4,1,0,18,12,8.14,6.16,5.75,4.0,1
53,12x12,high,clustered,12,high,null_dispatch,4,4,1,1,18,18,8.14,8.14,5.75,5.75,0
53,12x12,high,clustered,18,low,baseline,4,4,0,0,18,18,7.24,7.24,4.0,4.0,0
53,12x12,high,clustered,18,low,space_bits_only,4,4,0,0,18,18,7.24,7.24,4.0,4.0,0
53,12x12,high,clustered,18,low,mask_only,4,4,0,0,18,18,7.24,7.24,4.0,4.0,0
53,12x12,high,clustered,18,low,both,4,4,0,0,18,18,7.24,7.24,4.0,4.0,0
53,12x12,high,clustered,18,low,null_dispatch,4,4,0,0,18,18,7.24,7.24,4.0,4.0,0
53,12x12,high,clustered,18,high,baseline,6,6,0,0,18,18,9.24,9.24,6.0,6.0,0
53,12x12,high,clustered,18,high,space_bits_only,6,6,0,0,18,18,9.24,9.24,6.0,6.0,0
53,12x12,high,clustered,18,high,mask_only,6,6,0,0,18,18,9.24,9.24,6.0,6.0,0
53,12x12,high,clustered,18,high,both,6,6,0,0,18,18,9.24,9.24,6.0,6.0,0
53,12x12,high,clustered,18,high,null_dispatch,6,6,0,0,18,18,9.24,9.24,6.0,6.0,0
53,12x12,high,dispersed,4,low,baseline,8,8,2,2,18,18,13.04,13.04,11.5,11.5,0
53,12x12,high,dispersed,4,low,space_bits_only,8,8,2,0,18,18,13.04,11.24,11.5,8.0,1
53,12x12,high,dispersed,4,low,mask_only,8,8,2,2,18,4,13.04,10.52,11.5,11.5,0
53,12x12,high,dispersed,4,low,both,8,8,2,0,18,4,13.04,8.72,11.5,8.0,1
53,12x12,high,dispersed,4,low,null_dispatch,8,8,2,2,18,18,13.04,13.04,11.5,11.5,0
53,12x12,high,dispersed,4,high,baseline,9,9,1,1,18,18,13.14,13.14,10.75,10.75,0
53,12x12,high,dispersed,4,high,space_bits_only,9,9,1,1,18,18,13.14,13.14,10.75,10.75,0
53,12x12,high,dispersed,4,high,mask_only,9,9,1,1,18,4,13.14,10.62,10.75,10.75,0
53,12x12,high,dispersed,4,high,both,9,9,1,1,18,4,13.14,10.62,10.75,10.75,0
53,12x12,high,dispersed,4,high,null_dispatch,9,9,1,1,18,18,13.14,13.14,10.75,10.75,0
53,12x12,high,dispersed,8,low,baseline,7,7,1,1,18,18,11.14,11.14,8.75,8.75,0
53,12x12,high,dispersed,8,low,space_bits_only,7,7,1,1,18,18,11.14,11.14,8.75,8.75,0
53,12x12,high,dispersed,8,low,mask_only,7,7,1,1,18,8,11.14,9.34,8.75,8.75,0
53,12x12,high,dispersed,8,low,both,7,7,1,1,18,8,11.14,9.34,8.75,8.75,0
53,12x12,high,dispersed,8,low,null_dispatch,7,7,1,1,18,18,11.14,11.14,8.75,8.75,0
53,12x12,high,dispersed,8,high,baseline,6,6,1,1,18,18,10.14,10.14,7.75,7.75,0
53,12x12,high,dispersed,8,high,space_bits_only,6,6,1,0,18,18,10.14,9.24,7.75,6.0,1
53,12x12,high,dispersed,8,high,mask_only,6,6,1,1,18,8,10.14,8.34,7.75,7.75,0
53,12x12,high,dispersed,8,high,both,6,6,1,0,18,8,10.14,7.44,7.75,6.0,1
53,12x12,high,dispersed,8,high,null_dispatch,6,6,1,1,18,18,10.14,10.14,7.75,7.75,0
53,12x12,high,dispersed,12,low,baseline,8,8,0,0,18,18,11.24,11.24,8.0,8.0,0
53,12x12,high,dispersed,12,low,space_bits_only,8,8,0,0,18,18,11.24,11.24,8.0,8.0,0
53,12x12,high,dispersed,12,low,mask_only,8,8,0,0,18,12,11.24,10.16,8.0,8.0,0
53,12x12,high,dispersed,12,low,both,8,8,0,0,18,12,11.24,10.16,8.0,8.0,0
53,12x12,high,dispersed,12,low,null_dispatch,8,8,0,0,18,18,11.24,11.24,8.0,8.0,0
53,12x12,high,dispersed,12,high,baseline,9,9,0,0,18,18,12.24,12.24,9.0,9.0,0
53,12x12,high,dispersed,12,high,space_bits_only,9,9,0,0,18,18,12.24,12.24,9.0,9.0,0
53,12x12,high,dispersed,12,high,mask_only,9,9,0,0,18,12,12.24,11.16,9.0,9.0,0
53,12x12,high,dispersed,12,high,both,9,9,0,0,18,12,12.24,11.16,9.0,9.0,0
53,12x12,high,dispersed,12,high,null_dispatch,9,9,0,0,18,18,12.24,12.24,9.0,9.0,0
53,12x12,high,dispersed,18,low,baseline,6,6,0,0,18,18,9.24,9.24,6.0,6.0,0
53,12x12,high,dispersed,18,low,space_bits_only,6,6,0,0,18,18,9.24,9.24,6.0,6.0,0
53,12x12,high,dispersed,18,low,mask_only,6,6,0,0,18,18,9.24,9.24,6.0,6.0,0
53,12x12,high,dispersed,18,low,both,6,6,0,0,18,18,9.24,9.24,6.0,6.0,0
53,12x12,high,dispersed,18,low,null_dispatch,6,6,0,0,18,18,9.24,9.24,6.0,6.0,0
53,12x12,high,dispersed,18,high,baseline,6,6,0,0,18,18,9.24,9.24,6.0,6.0,0
53,12x12,high,dispersed,18,high,space_bits_only,6,6,0,0,18,18,9.24,9.24,6.0,6.0,0
53,12x12,high,dispersed,18,high,mask_only,6,6,0,0,18,18,9.24,9.24,6.0,6.0,0
53,12x12,high,dispersed,18,high,both,6,6,0,0,18,18,9.24,9.24,6.0,6.0,0
53,12x12,high,dispersed,18,high,null_dispatch,6,6,0,0,18,18,9.24,9.24,6.0,6.0,0
67,12x12,low,clustered,4,low,baseline,5,5,0,0,18,18,8.24,8.24,5.0,5.0,0
67,12x12,low,clustered,4,low,space_bits_only,5,5,0,0,18,18,8.24,8.24,5.0,5.0,0
67,12x12,low,clustered,4,low,mask_only,5,5,0,0,18,4,8.24,5.72,5.0,5.0,0
67,12x12,low,clustered,4,low,both,5,5,0,0,18,4,8.24,5.72,5.0,5.0,0
67,12x12,low,clustered,4,low,null_dispatch,5,5,0,0,18,18,8.24,8.24,5.0,5.0,0
67,12x12,low,clustered,4,high,baseline,5,5,0,0,18,18,8.24,8.24,5.0,5.0,0
67,12x12,low,clustered,4,high,space_bits_only,5,5,0,0,18,18,8.24,8.24,5.0,5.0,0
67,12x12,low,clustered,4,high,mask_only,5,5,0,0,18,4,8.24,5.72,5.0,5.0,0
67,12x12,low,clustered,4,high,both,5,5,0,0,18,4,8.24,5.72,5.0,5.0,0
67,12x12,low,clustered,4,high,null_dispatch,5,5,0,0,18,18,8.24,8.24,5.0,5.0,0
67,12x12,low,clustered,8,low,baseline,5,5,0,0,18,18,8.24,8.24,5.0,5.0,0
67,12x12,low,clustered,8,low,space_bits_only,5,5,0,0,18,18,8.24,8.24,5.0,5.0,0
67,12x12,low,clustered,8,low,mask_only,5,5,0,0,18,8,8.24,6.44,5.0,5.0,0
67,12x12,low,clustered,8,low,both,5,5,0,0,18,8,8.24,6.44,5.0,5.0,0
67,12x12,low,clustered,8,low,null_dispatch,5,5,0,0,18,18,8.24,8.24,5.0,5.0,0
67,12x12,low,clustered,8,high,baseline,5,5,0,0,18,18,8.24,8.24,5.0,5.0,0
67,12x12,low,clustered,8,high,space_bits_only,5,5,0,0,18,18,8.24,8.24,5.0,5.0,0
67,12x12,low,clustered,8,high,mask_only,5,5,0,0,18,8,8.24,6.44,5.0,5.0,0
67,12x12,low,clustered,8,high,both,5,5,0,0,18,8,8.24,6.44,5.0,5.0,0
67,12x12,low,clustered,8,high,null_dispatch,5,5,0,0,18,18,8.24,8.24,5.0,5.0,0
67,12x12,low,clustered,12,low,baseline,3,3,0,0,18,18,6.24,6.24,3.0,3.0,0
67,12x12,low,clustered,12,low,space_bits_only,3,3,0,0,18,18,6.24,6.24,3.0,3.0,0
67,12x12,low,clustered,12,low,mask_only,3,3,0,0,18,12,6.24,5.16,3.0,3.0,0
67,12x12,low,clustered,12,low,both,3,3,0,0,18,12,6.24,5.16,3.0,3.0,0
67,12x12,low,clustered,12,low,null_dispatch,3,3,0,0,18,18,6.24,6.24,3.0,3.0,0
67,12x12,low,clustered,12,high,baseline,3,3,0,0,18,18,6.24,6.24,3.0,3.0,0
67,12x12,low,clustered,12,high,space_bits_only,3,3,0,0,18,18,6.24,6.24,3.0,3.0,0
67,12x12,low,clustered,12,high,mask_only,3,3,0,0,18,12,6.24,5.16,3.0,3.0,0
67,12x12,low,clustered,12,high,both,3,3,0,0,18,12,6.24,5.16,3.0,3.0,0
67,12x12,low,clustered,12,high,null_dispatch,3,3,0,0,18,18,6.24,6.24,3.0,3.0,0
67,12x12,low,clustered,18,low,baseline,4,4,0,0,18,18,7.24,7.24,4.0,4.0,0
67,12x12,low,clustered,18,low,space_bits_only,4,4,0,0,18,18,7.24,7.24,4.0,4.0,0
67,12x12,low,clustered,18,low,mask_only,4,4,0,0,18,18,7.24,7.24,4.0,4.0,0
67,12x12,low,clustered,18,low,both,4,4,0,0,18,18,7.24,7.24,4.0,4.0,0
67,12x12,low,clustered,18,low,null_dispatch,4,4,0,0,18,18,7.24,7.24,4.0,4.0,0
67,12x12,low,clustered,18,high,baseline,5,5,0,0,18,18,8.24,8.24,5.0,5.0,0
67,12x12,low,clustered,18,high,space_bits_only,5,5,0,0,18,18,8.24,8.24,5.0,5.0,0
67,12x12,low,clustered,18,high,mask_only,5,5,0,0,18,18,8.24,8.24,5.0,5.0,0
67,12x12,low,clustered,18,high,both,5,5,0,0,18,18,8.24,8.24,5.0,5.0,0
67,12x12,low,clustered,18,high,null_dispatch,5,5,0,0,18,18,8.24,8.24,5.0,5.0,0
67,12x12,low,dispersed,4,low,baseline,5,5,0,0,18,18,8.24,8.24,5.0,5.0,0
67,12x12,low,dispersed,4,low,space_bits_only,5,5,0,0,18,18,8.24,8.24,5.0,5.0,0
67,12x12,low,dispersed,4,low,mask_only,5,5,0,0,18,4,8.24,5.72,5.0,5.0,0
67,12x12,low,dispersed,4,low,both,5,5,0,0,18,4,8.24,5.72,5.0,5.0,0
67,12x12,low,dispersed,4,low,null_dispatch,5,5,0,0,18,18,8.24,8.24,5.0,5.0,0
67,12x12,low,dispersed,4,high,baseline,7,7,0,0,18,18,10.24,10.24,7.0,7.0,0
67,12x12,low,dispersed,4,high,space_bits_only,7,7,0,0,18,18,10.24,10.24,7.0,7.0,0
67,12x12,low,dispersed,4,high,mask_only,7,7,0,0,18,4,10.24,7.72,7.0,7.0,0
67,12x12,low,dispersed,4,high,both,7,7,0,0,18,4,10.24,7.72,7.0,7.0,0
67,12x12,low,dispersed,4,high,null_dispatch,7,7,0,0,18,18,10.24,10.24,7.0,7.0,0
67,12x12,low,dispersed,8,low,baseline,5,5,0,0,18,18,8.24,8.24,5.0,5.0,0
67,12x12,low,dispersed,8,low,space_bits_only,5,5,0,0,18,18,8.24,8.24,5.0,5.0,0
67,12x12,low,dispersed,8,low,mask_only,5,5,0,0,18,8,8.24,6.44,5.0,5.0,0
67,12x12,low,dispersed,8,low,both,5,5,0,0,18,8,8.24,6.44,5.0,5.0,0
67,12x12,low,dispersed,8,low,null_dispatch,5,5,0,0,18,18,8.24,8.24,5.0,5.0,0
67,12x12,low,dispersed,8,high,baseline,9,9,0,0,18,18,12.24,12.24,9.0,9.0,0
67,12x12,low,dispersed,8,high,space_bits_only,9,9,0,0,18,18,12.24,12.24,9.0,9.0,0
67,12x12,low,dispersed,8,high,mask_only,9,9,0,0,18,8,12.24,10.44,9.0,9.0,0
67,12x12,low,dispersed,8,high,both,9,9,0,0,18,8,12.24,10.44,9.0,9.0,0
67,12x12,low,dispersed,8,high,null_dispatch,9,9,0,0,18,18,12.24,12.24,9.0,9.0,0
67,12x12,low,dispersed,12,low,baseline,7,7,0,0,18,18,10.24,10.24,7.0,7.0,0
67,12x12,low,dispersed,12,low,space_bits_only,7,7,0,0,18,18,10.24,10.24,7.0,7.0,0
67,12x12,low,dispersed,12,low,mask_only,7,7,0,0,18,12,10.24,9.16,7.0,7.0,0
67,12x12,low,dispersed,12,low,both,7,7,0,0,18,12,10.24,9.16,7.0,7.0,0
67,12x12,low,dispersed,12,low,null_dispatch,7,7,0,0,18,18,10.24,10.24,7.0,7.0,0
67,12x12,low,dispersed,12,high,baseline,9,9,1,1,18,18,13.14,13.14,10.75,10.75,0
67,12x12,low,dispersed,12,high,space_bits_only,9,9,1,0,18,18,13.14,12.24,10.75,9.0,1
67,12x12,low,dispersed,12,high,mask_only,9,9,1,1,18,12,13.14,12.06,10.75,10.75,0
67,12x12,low,dispersed,12,high,both,9,9,1,0,18,12,13.14,11.16,10.75,9.0,1
67,12x12,low,dispersed,12,high,null_dispatch,9,9,1,1,18,18,13.14,13.14,10.75,10.75,0
67,12x12,low,dispersed,18,low,baseline,12,12,0,0,18,18,15.24,15.24,12.0,12.0,0
67,12x12,low,dispersed,18,low,space_bits_only,12,12,0,0,18,18,15.24,15.24,12.0,12.0,0
67,12x12,low,dispersed,18,low,mask_only,12,12,0,0,18,18,15.24,15.24,12.0,12.0,0
67,12x12,low,dispersed,18,low,both,12,12,0,0,18,18,15.24,15.24,12.0,12.0,0
67,12x12,low,dispersed,18,low,null_dispatch,12,12,0,0,18,18,15.24,15.24,12.0,12.0,0
67,12x12,low,dispersed,18,high,baseline,4,4,0,0,18,18,7.24,7.24,4.0,4.0,0
67,12x12,low,dispersed,18,high,space_bits_only,4,4,0,0,18,18,7.24,7.24,4.0,4.0,0
67,12x12,low,dispersed,18,high,mask_only,4,4,0,0,18,18,7.24,7.24,4.0,4.0,0
67,12x12,low,dispersed,18,high,both,4,4,0,0,18,18,7.24,7.24,4.0,4.0,0
67,12x12,low,dispersed,18,high,null_dispatch,4,4,0,0,18,18,7.24,7.24,4.0,4.0,0
67,12x12,medium,clustered,4,low,baseline,3,3,0,0,18,18,6.24,6.24,3.0,3.0,0
67,12x12,medium,clustered,4,low,space_bits_only,3,3,0,0,18,18,6.24,6.24,3.0,3.0,0
67,12x12,medium,clustered,4,low,mask_only,3,3,0,0,18,4,6.24,3.72,3.0,3.0,0
67,12x12,medium,clustered,4,low,both,3,3,0,0,18,4,6.24,3.72,3.0,3.0,0
67,12x12,medium,clustered,4,low,null_dispatch,3,3,0,0,18,18,6.24,6.24,3.0,3.0,0
67,12x12,medium,clustered,4,high,baseline,5,5,0,0,18,18,8.24,8.24,5.0,5.0,0
67,12x12,medium,clustered,4,high,space_bits_only,5,5,0,0,18,18,8.24,8.24,5.0,5.0,0
67,12x12,medium,clustered,4,high,mask_only,5,5,0,0,18,4,8.24,5.72,5.0,5.0,0
67,12x12,medium,clustered,4,high,both,5,5,0,0,18,4,8.24,5.72,5.0,5.0,0
67,12x12,medium,clustered,4,high,null_dispatch,5,5,0,0,18,18,8.24,8.24,5.0,5.0,0
67,12x12,medium,clustered,8,low,baseline,6,6,0,0,18,18,9.24,9.24,6.0,6.0,0
67,12x12,medium,clustered,8,low,space_bits_only,6,6,0,0,18,18,9.24,9.24,6.0,6.0,0
67,12x12,medium,clustered,8,low,mask_only,6,6,0,0,18,8,9.24,7.44,6.0,6.0,0
67,12x12,medium,clustered,8,low,both,6,6,0,0,18,8,9.24,7.44,6.0,6.0,0
67,12x12,medium,clustered,8,low,null_dispatch,6,6,0,0,18,18,9.24,9.24,6.0,6.0,0
67,12x12,medium,clustered,8,high,baseline,3,3,0,0,18,18,6.24,6.24,3.0,3.0,0
67,12x12,medium,clustered,8,high,space_bits_only,3,3,0,0,18,18,6.24,6.24,3.0,3.0,0
67,12x12,medium,clustered,8,high,mask_only,3,3,0,0,18,8,6.24,4.44,3.0,3.0,0
67,12x12,medium,clustered,8,high,both,3,3,0,0,18,8,6.24,4.44,3.0,3.0,0
67,12x12,medium,clustered,8,high,null_dispatch,3,3,0,0,18,18,6.24,6.24,3.0,3.0,0
67,12x12,medium,clustered,12,low,baseline,4,4,0,0,18,18,7.24,7.24,4.0,4.0,0
67,12x12,medium,clustered,12,low,space_bits_only,4,4,0,0,18,18,7.24,7.24,4.0,4.0,0
67,12x12,medium,clustered,12,low,mask_only,4,4,0,0,18,12,7.24,6.16,4.0,4.0,0
67,12x12,medium,clustered,12,low,both,4,4,0,0,18,12,7.24,6.16,4.0,4.0,0
67,12x12,medium,clustered,12,low,null_dispatch,4,4,0,0,18,18,7.24,7.24,4.0,4.0,0
67,12x12,medium,clustered,12,high,baseline,4,4,0,0,18,18,7.24,7.24,4.0,4.0,0
67,12x12,medium,clustered,12,high,space_bits_only,4,4,0,0,18,18,7.24,7.24,4.0,4.0,0
67,12x12,medium,clustered,12,high,mask_only,4,4,0,0,18,12,7.24,6.16,4.0,4.0,0
67,12x12,medium,clustered,12,high,both,4,4,0,0,18,12,7.24,6.16,4.0,4.0,0
67,12x12,medium,clustered,12,high,null_dispatch,4,4,0,0,18,18,7.24,7.24,4.0,4.0,0
67,12x12,medium,clustered,18,low,baseline,4,4,0,0,18,18,7.24,7.24,4.0,4.0,0
67,12x12,medium,clustered,18,low,space_bits_only,4,4,0,0,18,18,7.24,7.24,4.0,4.0,0
67,12x12,medium,clustered,18,low,mask_only,4,4,0,0,18,18,7.24,7.24,4.0,4.0,0
67,12x12,medium,clustered,18,low,both,4,4,0,0,18,18,7.24,7.24,4.0,4.0,0
67,12x12,medium,clustered,18,low,null_dispatch,4,4,0,0,18,18,7.24,7.24,4.0,4.0,0
67,12x12,medium,clustered,18,high,baseline,5,5,0,0,18,18,8.24,8.24,5.0,5.0,0
67,12x12,medium,clustered,18,high,space_bits_only,5,5,0,0,18,18,8.24,8.24,5.0,5.0,0
67,12x12,medium,clustered,18,high,mask_only,5,5,0,0,18,18,8.24,8.24,5.0,5.0,0
67,12x12,medium,clustered,18,high,both,5,5,0,0,18,18,8.24,8.24,5.0,5.0,0
67,12x12,medium,clustered,18,high,null_dispatch,5,5,0,0,18,18,8.24,8.24,5.0,5.0,0
67,12x12,medium,dispersed,4,low,baseline,10,10,0,0,18,18,13.24,13.24,10.0,10.0,0
67,12x12,medium,dispersed,4,low,space_bits_only,10,10,0,0,18,18,13.24,13.24,10.0,10.0,0
67,12x12,medium,dispersed,4,low,mask_only,10,10,0,0,18,4,13.24,10.72,10.0,10.0,0
67,12x12,medium,dispersed,4,low,both,10,10,0,0,18,4,13.24,10.72,10.0,10.0,0
67,12x12,medium,dispersed,4,low,null_dispatch,10,10,0,0,18,18,13.24,13.24,10.0,10.0,0
67,12x12,medium,dispersed,4,high,baseline,10,10,0,0,18,18,13.24,13.24,10.0,10.0,0
67,12x12,medium,dispersed,4,high,space_bits_only,10,10,0,0,18,18,13.24,13.24,10.0,10.0,0
67,12x12,medium,dispersed,4,high,mask_only,10,10,0,0,18,4,13.24,10.72,10.0,10.0,0
67,12x12,medium,dispersed,4,high,both,10,10,0,0,18,4,13.24,10.72,10.0,10.0,0
67,12x12,medium,dispersed,4,high,null_dispatch,10,10,0,0,18,18,13.24,13.24,10.0,10.0,0
67,12x12,medium,dispersed,8,low,baseline,6,6,1,1,18,18,10.14,10.14,7.75,7.75,0
67,12x12,medium,dispersed,8,low,space_bits_only,6,6,1,1,18,18,10.14,10.14,7.75,7.75,0
67,12x12,medium,dispersed,8,low,mask_only,6,6,1,1,18,8,10.14,8.34,7.75,7.75,0
67,12x12,medium,dispersed,8,low,both,6,6,1,1,18,8,10.14,8.34,7.75,7.75,0
67,12x12,medium,dispersed,8,low,null_dispatch,6,6,1,1,18,18,10.14,10.14,7.75,7.75,0
67,12x12,medium,dispersed,8,high,baseline,8,8,0,0,18,18,11.24,11.24,8.0,8.0,0
67,12x12,medium,dispersed,8,high,space_bits_only,8,8,0,0,18,18,11.24,11.24,8.0,8.0,0
67,12x12,medium,dispersed,8,high,mask_only,8,8,0,0,18,8,11.24,9.44,8.0,8.0,0
67,12x12,medium,dispersed,8,high,both,8,8,0,0,18,8,11.24,9.44,8.0,8.0,0
67,12x12,medium,dispersed,8,high,null_dispatch,8,8,0,0,18,18,11.24,11.24,8.0,8.0,0
67,12x12,medium,dispersed,12,low,baseline,2,2,0,0,18,18,5.24,5.24,2.0,2.0,0
67,12x12,medium,dispersed,12,low,space_bits_only,2,2,0,0,18,18,5.24,5.24,2.0,2.0,0
67,12x12,medium,dispersed,12,low,mask_only,2,2,0,0,18,12,5.24,4.16,2.0,2.0,0
67,12x12,medium,dispersed,12,low,both,2,2,0,0,18,12,5.24,4.16,2.0,2.0,0
67,12x12,medium,dispersed,12,low,null_dispatch,2,2,0,0,18,18,5.24,5.24,2.0,2.0,0
67,12x12,medium,dispersed,12,high,baseline,9,9,1,1,18,18,13.14,13.14,10.75,10.75,0
67,12x12,medium,dispersed,12,high,space_bits_only,9,9,1,0,18,18,13.14,12.24,10.75,9.0,1
67,12x12,medium,dispersed,12,high,mask_only,9,9,1,1,18,12,13.14,12.06,10.75,10.75,0
67,12x12,medium,dispersed,12,high,both,9,9,1,0,18,12,13.14,11.16,10.75,9.0,1
67,12x12,medium,dispersed,12,high,null_dispatch,9,9,1,1,18,18,13.14,13.14,10.75,10.75,0
67,12x12,medium,dispersed,18,low,baseline,6,6,0,0,18,18,9.24,9.24,6.0,6.0,0
67,12x12,medium,dispersed,18,low,space_bits_only,6,6,0,0,18,18,9.24,9.24,6.0,6.0,0
67,12x12,medium,dispersed,18,low,mask_only,6,6,0,0,18,18,9.24,9.24,6.0,6.0,0
67,12x12,medium,dispersed,18,low,both,6,6,0,0,18,18,9.24,9.24,6.0,6.0,0
67,12x12,medium,dispersed,18,low,null_dispatch,6,6,0,0,18,18,9.24,9.24,6.0,6.0,0
67,12x12,medium,dispersed,18,high,baseline,4,4,0,0,18,18,7.24,7.24,4.0,4.0,0
67,12x12,medium,dispersed,18,high,space_bits_only,4,4,0,0,18,18,7.24,7.24,4.0,4.0,0
67,12x12,medium,dispersed,18,high,mask_only,4,4,0,0,18,18,7.24,7.24,4.0,4.0,0
67,12x12,medium,dispersed,18,high,both,4,4,0,0,18,18,7.24,7.24,4.0,4.0,0
67,12x12,medium,dispersed,18,high,null_dispatch,4,4,0,0,18,18,7.24,7.24,4.0,4.0,0
67,12x12,high,clustered,4,low,baseline,5,5,0,0,18,18,8.24,8.24,5.0,5.0,0
67,12x12,high,clustered,4,low,space_bits_only,5,5,0,0,18,18,8.24,8.24,5.0,5.0,0
67,12x12,high,clustered,4,low,mask_only,5,5,0,0,18,4,8.24,5.72,5.0,5.0,0
67,12x12,high,clustered,4,low,both,5,5,0,0,18,4,8.24,5.72,5.0,5.0,0
67,12x12,high,clustered,4,low,null_dispatch,5,5,0,0,18,18,8.24,8.24,5.0,5.0,0
67,12x12,high,clustered,4,high,baseline,2,2,0,0,18,18,5.24,5.24,2.0,2.0,0
67,12x12,high,clustered,4,high,space_bits_only,2,2,0,0,18,18,5.24,5.24,2.0,2.0,0
67,12x12,high,clustered,4,high,mask_only,2,2,0,0,18,4,5.24,2.72,2.0,2.0,0
67,12x12,high,clustered,4,high,both,2,2,0,0,18,4,5.24,2.72,2.0,2.0,0
67,12x12,high,clustered,4,high,null_dispatch,2,2,0,0,18,18,5.24,5.24,2.0,2.0,0
67,12x12,high,clustered,8,low,baseline,4,4,1,1,18,18,8.14,8.14,5.75,5.75,0
67,12x12,high,clustered,8,low,space_bits_only,4,4,1,1,18,18,8.14,8.14,5.75,5.75,0
67,12x12,high,clustered,8,low,mask_only,4,4,1,1,18,8,8.14,6.34,5.75,5.75,0
67,12x12,high,clustered,8,low,both,4,4,1,1,18,8,8.14,6.34,5.75,5.75,0
67,12x12,high,clustered,8,low,null_dispatch,4,4,1,1,18,18,8.14,8.14,5.75,5.75,0
67,12x12,high,clustered,8,high,baseline,4,4,0,0,18,18,7.24,7.24,4.0,4.0,0
67,12x12,high,clustered,8,high,space_bits_only,4,4,0,0,18,18,7.24,7.24,4.0,4.0,0
67,12x12,high,clustered,8,high,mask_only,4,4,0,0,18,8,7.24,5.44,4.0,4.0,0
67,12x12,high,clustered,8,high,both,4,4,0,0,18,8,7.24,5.44,4.0,4.0,0
67,12x12,high,clustered,8,high,null_dispatch,4,4,0,0,18,18,7.24,7.24,4.0,4.0,0
67,12x12,high,clustered,12,low,baseline,2,2,0,0,18,18,5.24,5.24,2.0,2.0,0
67,12x12,high,clustered,12,low,space_bits_only,2,2,0,0,18,18,5.24,5.24,2.0,2.0,0
67,12x12,high,clustered,12,low,mask_only,2,2,0,0,18,12,5.24,4.16,2.0,2.0,0
67,12x12,high,clustered,12,low,both,2,2,0,0,18,12,5.24,4.16,2.0,2.0,0
67,12x12,high,clustered,12,low,null_dispatch,2,2,0,0,18,18,5.24,5.24,2.0,2.0,0
67,12x12,high,clustered,12,high,baseline,5,5,0,0,18,18,8.24,8.24,5.0,5.0,0
67,12x12,high,clustered,12,high,space_bits_only,5,5,0,0,18,18,8.24,8.24,5.0,5.0,0
67,12x12,high,clustered,12,high,mask_only,5,5,0,0,18,12,8.24,7.16,5.0,5.0,0
67,12x12,high,clustered,12,high,both,5,5,0,0,18,12,8.24,7.16,5.0,5.0,0
67,12x12,high,clustered,12,high,null_dispatch,5,5,0,0,18,18,8.24,8.24,5.0,5.0,0
67,12x12,high,clustered,18,low,baseline,5,5,1,1,18,18,9.14,9.14,6.75,6.75,0
67,12x12,high,clustered,18,low,space_bits_only,5,5,1,1,18,18,9.14,9.14,6.75,6.75,0
67,12x12,high,clustered,18,low,mask_only,5,5,1,1,18,18,9.14,9.14,6.75,6.75,0
67,12x12,high,clustered,18,low,both,5,5,1,1,18,18,9.14,9.14,6.75,6.75,0
67,12x12,high,clustered,18,low,null_dispatch,5,5,1,1,18,18,9.14,9.14,6.75,6.75,0
67,12x12,high,clustered,18,high,baseline,2,2,0,0,18,18,5.24,5.24,2.0,2.0,0
67,12x12,high,clustered,18,high,space_bits_only,2,2,0,0,18,18,5.24,5.24,2.0,2.0,0
67,12x12,high,clustered,18,high,mask_only,2,2,0,0,18,18,5.24,5.24,2.0,2.0,0
67,12x12,high,clustered,18,high,both,2,2,0,0,18,18,5.24,5.24,2.0,2.0,0
67,12x12,high,clustered,18,high,null_dispatch,2,2,0,0,18,18,5.24,5.24,2.0,2.0,0
67,12x12,high,dispersed,4,low,baseline,4,4,1,1,18,18,8.14,8.14,5.75,5.75,0
67,12x12,high,dispersed,4,low,space_bits_only,4,4,1,1,18,18,8.14,8.14,5.75,5.75,0
67,12x12,high,dispersed,4,low,mask_only,4,4,1,1,18,4,8.14,5.62,5.75,5.75,0
67,12x12,high,dispersed,4,low,both,4,4,1,1,18,4,8.14,5.62,5.75,5.75,0
67,12x12,high,dispersed,4,low,null_dispatch,4,4,1,1,18,18,8.14,8.14,5.75,5.75,0
67,12x12,high,dispersed,4,high,baseline,7,7,0,0,18,18,10.24,10.24,7.0,7.0,0
67,12x12,high,dispersed,4,high,space_bits_only,7,7,0,0,18,18,10.24,10.24,7.0,7.0,0
67,12x12,high,dispersed,4,high,mask_only,7,7,0,0,18,4,10.24,7.72,7.0,7.0,0
67,12x12,high,dispersed,4,high,both,7,7,0,0,18,4,10.24,7.72,7.0,7.0,0
67,12x12,high,dispersed,4,high,null_dispatch,7,7,0,0,18,18,10.24,10.24,7.0,7.0,0
67,12x12,high,dispersed,8,low,baseline,8,8,0,0,18,18,11.24,11.24,8.0,8.0,0
67,12x12,high,dispersed,8,low,space_bits_only,8,8,0,0,18,18,11.24,11.24,8.0,8.0,0
67,12x12,high,dispersed,8,low,mask_only,8,8,0,0,18,8,11.24,9.44,8.0,8.0,0
67,12x12,high,dispersed,8,low,both,8,8,0,0,18,8,11.24,9.44,8.0,8.0,0
67,12x12,high,dispersed,8,low,null_dispatch,8,8,0,0,18,18,11.24,11.24,8.0,8.0,0
67,12x12,high,dispersed,8,high,baseline,7,7,0,0,18,18,10.24,10.24,7.0,7.0,0
67,12x12,high,dispersed,8,high,space_bits_only,7,7,0,0,18,18,10.24,10.24,7.0,7.0,0
67,12x12,high,dispersed,8,high,mask_only,7,7,0,0,18,8,10.24,8.44,7.0,7.0,0
67,12x12,high,dispersed,8,high,both,7,7,0,0,18,8,10.24,8.44,7.0,7.0,0
67,12x12,high,dispersed,8,high,null_dispatch,7,7,0,0,18,18,10.24,10.24,7.0,7.0,0
67,12x12,high,dispersed,12,low,baseline,10,10,1,1,18,18,14.14,14.14,11.75,11.75,0
67,12x12,high,dispersed,12,low,space_bits_only,10,10,1,1,18,18,14.14,14.14,11.75,11.75,0
67,12x12,high,dispersed,12,low,mask_only,10,10,1,1,18,12,14.14,13.06,11.75,11.75,0
67,12x12,high,dispersed,12,low,both,10,10,1,1,18,12,14.14,13.06,11.75,11.75,0
67,12x12,high,dispersed,12,low,null_dispatch,10,10,1,1,18,18,14.14,14.14,11.75,11.75,0
67,12x12,high,dispersed,12,high,baseline,8,8,0,0,18,18,11.24,11.24,8.0,8.0,0
67,12x12,high,dispersed,12,high,space_bits_only,8,8,0,0,18,18,11.24,11.24,8.0,8.0,0
67,12x12,high,dispersed,12,high,mask_only,8,8,0,0,18,12,11.24,10.16,8.0,8.0,0
67,12x12,high,dispersed,12,high,both,8,8,0,0,18,12,11.24,10.16,8.0,8.0,0
67,12x12,high,dispersed,12,high,null_dispatch,8,8,0,0,18,18,11.24,11.24,8.0,8.0,0
67,12x12,high,dispersed,18,low,baseline,7,7,0,0,18,18,10.24,10.24,7.0,7.0,0
67,12x12,high,dispersed,18,low,space_bits_only,7,7,0,0,18,18,10.24,10.24,7.0,7.0,0
67,12x12,high,dispersed,18,low,mask_only,7,7,0,0,18,18,10.24,10.24,7.0,7.0,0
67,12x12,high,dispersed,18,low,both,7,7,0,0,18,18,10.24,10.24,7.0,7.0,0
67,12x12,high,dispersed,18,low,null_dispatch,7,7,0,0,18,18,10.24,10.24,7.0,7.0,0
67,12x12,high,dispersed,18,high,baseline,6,6,0,0,18,18,9.24,9.24,6.0,6.0,0
67,12x12,high,dispersed,18,high,space_bits_only,6,6,0,0,18,18,9.24,9.24,6.0,6.0,0
67,12x12,high,dispersed,18,high,mask_only,6,6,0,0,18,18,9.24,9.24,6.0,6.0,0
67,12x12,high,dispersed,18,high,both,6,6,0,0,18,18,9.24,9.24,6.0,6.0,0
67,12x12,high,dispersed,18,high,null_dispatch,6,6,0,0,18,18,9.24,9.24,6.0,6.0,0
79,12x12,low,clustered,4,low,baseline,4,4,0,0,18,18,7.24,7.24,4.0,4.0,0
79,12x12,low,clustered,4,low,space_bits_only,4,4,0,0,18,18,7.24,7.24,4.0,4.0,0
79,12x12,low,clustered,4,low,mask_only,4,4,0,0,18,4,7.24,4.72,4.0,4.0,0
79,12x12,low,clustered,4,low,both,4,4,0,0,18,4,7.24,4.72,4.0,4.0,0
79,12x12,low,clustered,4,low,null_dispatch,4,4,0,0,18,18,7.24,7.24,4.0,4.0,0
79,12x12,low,clustered,4,high,baseline,4,4,0,0,18,18,7.24,7.24,4.0,4.0,0
79,12x12,low,clustered,4,high,space_bits_only,4,4,0,0,18,18,7.24,7.24,4.0,4.0,0
79,12x12,low,clustered,4,high,mask_only,4,4,0,0,18,4,7.24,4.72,4.0,4.0,0
79,12x12,low,clustered,4,high,both,4,4,0,0,18,4,7.24,4.72,4.0,4.0,0
79,12x12,low,clustered,4,high,null_dispatch,4,4,0,0,18,18,7.24,7.24,4.0,4.0,0
79,12x12,low,clustered,8,low,baseline,4,4,0,0,18,18,7.24,7.24,4.0,4.0,0
79,12x12,low,clustered,8,low,space_bits_only,4,4,0,0,18,18,7.24,7.24,4.0,4.0,0
79,12x12,low,clustered,8,low,mask_only,4,4,0,0,18,8,7.24,5.44,4.0,4.0,0
79,12x12,low,clustered,8,low,both,4,4,0,0,18,8,7.24,5.44,4.0,4.0,0
79,12x12,low,clustered,8,low,null_dispatch,4,4,0,0,18,18,7.24,7.24,4.0,4.0,0
79,12x12,low,clustered,8,high,baseline,6,6,1,1,18,18,10.14,10.14,7.75,7.75,0
79,12x12,low,clustered,8,high,space_bits_only,6,6,1,0,18,18,10.14,9.24,7.75,6.0,1
79,12x12,low,clustered,8,high,mask_only,6,6,1,1,18,8,10.14,8.34,7.75,7.75,0
79,12x12,low,clustered,8,high,both,6,6,1,0,18,8,10.14,7.44,7.75,6.0,1
79,12x12,low,clustered,8,high,null_dispatch,6,6,1,1,18,18,10.14,10.14,7.75,7.75,0
79,12x12,low,clustered,12,low,baseline,6,6,0,0,18,18,9.24,9.24,6.0,6.0,0
79,12x12,low,clustered,12,low,space_bits_only,6,6,0,0,18,18,9.24,9.24,6.0,6.0,0
79,12x12,low,clustered,12,low,mask_only,6,6,0,0,18,12,9.24,8.16,6.0,6.0,0
79,12x12,low,clustered,12,low,both,6,6,0,0,18,12,9.24,8.16,6.0,6.0,0
79,12x12,low,clustered,12,low,null_dispatch,6,6,0,0,18,18,9.24,9.24,6.0,6.0,0
79,12x12,low,clustered,12,high,baseline,4,4,0,0,18,18,7.24,7.24,4.0,4.0,0
79,12x12,low,clustered,12,high,space_bits_only,4,4,0,0,18,18,7.24,7.24,4.0,4.0,0
79,12x12,low,clustered,12,high,mask_only,4,4,0,0,18,12,7.24,6.16,4.0,4.0,0
79,12x12,low,clustered,12,high,both,4,4,0,0,18,12,7.24,6.16,4.0,4.0,0
79,12x12,low,clustered,12,high,null_dispatch,4,4,0,0,18,18,7.24,7.24,4.0,4.0,0
79,12x12,low,clustered,18,low,baseline,4,4,0,0,18,18,7.24,7.24,4.0,4.0,0
79,12x12,low,clustered,18,low,space_bits_only,4,4,0,0,18,18,7.24,7.24,4.0,4.0,0
79,12x12,low,clustered,18,low,mask_only,4,4,0,0,18,18,7.24,7.24,4.0,4.0,0
79,12x12,low,clustered,18,low,both,4,4,0,0,18,18,7.24,7.24,4.0,4.0,0
79,12x12,low,clustered,18,low,null_dispatch,4,4,0,0,18,18,7.24,7.24,4.0,4.0,0
79,12x12,low,clustered,18,high,baseline,4,4,0,0,18,18,7.24,7.24,4.0,4.0,0
79,12x12,low,clustered,18,high,space_bits_only,4,4,0,0,18,18,7.24,7.24,4.0,4.0,0
79,12x12,low,clustered,18,high,mask_only,4,4,0,0,18,18,7.24,7.24,4.0,4.0,0
79,12x12,low,clustered,18,high,both,4,4,0,0,18,18,7.24,7.24,4.0,4.0,0
79,12x12,low,clustered,18,high,null_dispatch,4,4,0,0,18,18,7.24,7.24,4.0,4.0,0
79,12x12,low,dispersed,4,low,baseline,4,4,0,0,18,18,7.24,7.24,4.0,4.0,0
79,12x12,low,dispersed,4,low,space_bits_only,4,4,0,0,18,18,7.24,7.24,4.0,4.0,0
79,12x12,low,dispersed,4,low,mask_only,4,4,0,0,18,4,7.24,4.72,4.0,4.0,0
79,12x12,low,dispersed,4,low,both,4,4,0,0,18,4,7.24,4.72,4.0,4.0,0
79,12x12,low,dispersed,4,low,null_dispatch,4,4,0,0,18,18,7.24,7.24,4.0,4.0,0
79,12x12,low,dispersed,4,high,baseline,10,10,0,0,18,18,13.24,13.24,10.0,10.0,0
79,12x12,low,dispersed,4,high,space_bits_only,10,10,0,0,18,18,13.24,13.24,10.0,10.0,0
79,12x12,low,dispersed,4,high,mask_only,10,10,0,0,18,4,13.24,10.72,10.0,10.0,0
79,12x12,low,dispersed,4,high,both,10,10,0,0,18,4,13.24,10.72,10.0,10.0,0
79,12x12,low,dispersed,4,high,null_dispatch,10,10,0,0,18,18,13.24,13.24,10.0,10.0,0
79,12x12,low,dispersed,8,low,baseline,7,7,0,0,18,18,10.24,10.24,7.0,7.0,0
79,12x12,low,dispersed,8,low,space_bits_only,7,7,0,0,18,18,10.24,10.24,7.0,7.0,0
79,12x12,low,dispersed,8,low,mask_only,7,7,0,0,18,8,10.24,8.44,7.0,7.0,0
79,12x12,low,dispersed,8,low,both,7,7,0,0,18,8,10.24,8.44,7.0,7.0,0
79,12x12,low,dispersed,8,low,null_dispatch,7,7,0,0,18,18,10.24,10.24,7.0,7.0,0
79,12x12,low,dispersed,8,high,baseline,5,5,0,0,18,18,8.24,8.24,5.0,5.0,0
79,12x12,low,dispersed,8,high,space_bits_only,5,5,0,0,18,18,8.24,8.24,5.0,5.0,0
79,12x12,low,dispersed,8,high,mask_only,5,5,0,0,18,8,8.24,6.44,5.0,5.0,0
79,12x12,low,dispersed,8,high,both,5,5,0,0,18,8,8.24,6.44,5.0,5.0,0
79,12x12,low,dispersed,8,high,null_dispatch,5,5,0,0,18,18,8.24,8.24,5.0,5.0,0
79,12x12,low,dispersed,12,low,baseline,5,5,1,1,18,18,9.14,9.14,6.75,6.75,0
79,12x12,low,dispersed,12,low,space_bits_only,5,5,1,1,18,18,9.14,9.14,6.75,6.75,0
79,12x12,low,dispersed,12,low,mask_only,5,5,1,1,18,12,9.14,8.06,6.75,6.75,0
79,12x12,low,dispersed,12,low,both,5,5,1,1,18,12,9.14,8.06,6.75,6.75,0
79,12x12,low,dispersed,12,low,null_dispatch,5,5,1,1,18,18,9.14,9.14,6.75,6.75,0
79,12x12,low,dispersed,12,high,baseline,7,7,0,0,18,18,10.24,10.24,7.0,7.0,0
79,12x12,low,dispersed,12,high,space_bits_only,7,7,0,0,18,18,10.24,10.24,7.0,7.0,0
79,12x12,low,dispersed,12,high,mask_only,7,7,0,0,18,12,10.24,9.16,7.0,7.0,0
79,12x12,low,dispersed,12,high,both,7,7,0,0,18,12,10.24,9.16,7.0,7.0,0
79,12x12,low,dispersed,12,high,null_dispatch,7,7,0,0,18,18,10.24,10.24,7.0,7.0,0
79,12x12,low,dispersed,18,low,baseline,7,7,0,0,18,18,10.24,10.24,7.0,7.0,0
79,12x12,low,dispersed,18,low,space_bits_only,7,7,0,0,18,18,10.24,10.24,7.0,7.0,0
79,12x12,low,dispersed,18,low,mask_only,7,7,0,0,18,18,10.24,10.24,7.0,7.0,0
79,12x12,low,dispersed,18,low,both,7,7,0,0,18,18,10.24,10.24,7.0,7.0,0
79,12x12,low,dispersed,18,low,null_dispatch,7,7,0,0,18,18,10.24,10.24,7.0,7.0,0
79,12x12,low,dispersed,18,high,baseline,6,6,0,0,18,18,9.24,9.24,6.0,6.0,0
79,12x12,low,dispersed,18,high,space_bits_only,6,6,0,0,18,18,9.24,9.24,6.0,6.0,0
79,12x12,low,dispersed,18,high,mask_only,6,6,0,0,18,18,9.24,9.24,6.0,6.0,0
79,12x12,low,dispersed,18,high,both,6,6,0,0,18,18,9.24,9.24,6.0,6.0,0
79,12x12,low,dispersed,18,high,null_dispatch,6,6,0,0,18,18,9.24,9.24,6.0,6.0,0
79,12x12,medium,clustered,4,low,baseline,3,3,0,0,18,18,6.24,6.24,3.0,3.0,0
79,12x12,medium,clustered,4,low,space_bits_only,3,3,0,0,18,18,6.24,6.24,3.0,3.0,0
79,12x12,medium,clustered,4,low,mask_only,3,3,0,0,18,4,6.24,3.72,3.0,3.0,0
79,12x12,medium,clustered,4,low,both,3,3,0,0,18,4,6.24,3.72,3.0,3.0,0
79,12x12,medium,clustered,4,low,null_dispatch,3,3,0,0,18,18,6.24,6.24,3.0,3.0,0
79,12x12,medium,clustered,4,high,baseline,4,4,0,0,18,18,7.24,7.24,4.0,4.0,0
79,12x12,medium,clustered,4,high,space_bits_only,4,4,0,0,18,18,7.24,7.24,4.0,4.0,0
79,12x12,medium,clustered,4,high,mask_only,4,4,0,0,18,4,7.24,4.72,4.0,4.0,0
79,12x12,medium,clustered,4,high,both,4,4,0,0,18,4,7.24,4.72,4.0,4.0,0
79,12x12,medium,clustered,4,high,null_dispatch,4,4,0,0,18,18,7.24,7.24,4.0,4.0,0
79,12x12,medium,clustered,8,low,baseline,4,4,0,0,18,18,7.24,7.24,4.0,4.0,0
79,12x12,medium,clustered,8,low,space_bits_only,4,4,0,0,18,18,7.24,7.24,4.0,4.0,0
79,12x12,medium,clustered,8,low,mask_only,4,4,0,0,18,8,7.24,5.44,4.0,4.0,0
79,12x12,medium,clustered,8,low,both,4,4,0,0,18,8,7.24,5.44,4.0,4.0,0
79,12x12,medium,clustered,8,low,null_dispatch,4,4,0,0,18,18,7.24,7.24,4.0,4.0,0
79,12x12,medium,clustered,8,high,baseline,6,6,0,0,18,18,9.24,9.24,6.0,6.0,0
79,12x12,medium,clustered,8,high,space_bits_only,6,6,0,0,18,18,9.24,9.24,6.0,6.0,0
79,12x12,medium,clustered,8,high,mask_only,6,6,0,0,18,8,9.24,7.44,6.0,6.0,0
79,12x12,medium,clustered,8,high,both,6,6,0,0,18,8,9.24,7.44,6.0,6.0,0
79,12x12,medium,clustered,8,high,null_dispatch,6,6,0,0,18,18,9.24,9.24,6.0,6.0,0
79,12x12,medium,clustered,12,low,baseline,2,2,0,0,18,18,5.24,5.24,2.0,2.0,0
79,12x12,medium,clustered,12,low,space_bits_only,2,2,0,0,18,18,5.24,5.24,2.0,2.0,0
79,12x12,medium,clustered,12,low,mask_only,2,2,0,0,18,12,5.24,4.16,2.0,2.0,0
79,12x12,medium,clustered,12,low,both,2,2,0,0,18,12,5.24,4.16,2.0,2.0,0
79,12x12,medium,clustered,12,low,null_dispatch,2,2,0,0,18,18,5.24,5.24,2.0,2.0,0
79,12x12,medium,clustered,12,high,baseline,3,3,0,0,18,18,6.24,6.24,3.0,3.0,0
79,12x12,medium,clustered,12,high,space_bits_only,3,3,0,0,18,18,6.24,6.24,3.0,3.0,0
79,12x12,medium,clustered,12,high,mask_only,3,3,0,0,18,12,6.24,5.16,3.0,3.0,0
79,12x12,medium,clustered,12,high,both,3,3,0,0,18,12,6.24,5.16,3.0,3.0,0
79,12x12,medium,clustered,12,high,null_dispatch,3,3,0,0,18,18,6.24,6.24,3.0,3.0,0
79,12x12,medium,clustered,18,low,baseline,3,3,0,0,18,18,6.24,6.24,3.0,3.0,0
79,12x12,medium,clustered,18,low,space_bits_only,3,3,0,0,18,18,6.24,6.24,3.0,3.0,0
79,12x12,medium,clustered,18,low,mask_only,3,3,0,0,18,18,6.24,6.24,3.0,3.0,0
79,12x12,medium,clustered,18,low,both,3,3,0,0,18,18,6.24,6.24,3.0,3.0,0
79,12x12,medium,clustered,18,low,null_dispatch,3,3,0,0,18,18,6.24,6.24,3.0,3.0,0
79,12x12,medium,clustered,18,high,baseline,5,5,0,0,18,18,8.24,8.24,5.0,5.0,0
79,12x12,medium,clustered,18,high,space_bits_only,5,5,0,0,18,18,8.24,8.24,5.0,5.0,0
79,12x12,medium,clustered,18,high,mask_only,5,5,0,0,18,18,8.24,8.24,5.0,5.0,0
79,12x12,medium,clustered,18,high,both,5,5,0,0,18,18,8.24,8.24,5.0,5.0,0
79,12x12,medium,clustered,18,high,null_dispatch,5,5,0,0,18,18,8.24,8.24,5.0,5.0,0
79,12x12,medium,dispersed,4,low,baseline,5,5,0,0,18,18,8.24,8.24,5.0,5.0,0
79,12x12,medium,dispersed,4,low,space_bits_only,5,5,0,0,18,18,8.24,8.24,5.0,5.0,0
79,12x12,medium,dispersed,4,low,mask_only,5,5,0,0,18,4,8.24,5.72,5.0,5.0,0
79,12x12,medium,dispersed,4,low,both,5,5,0,0,18,4,8.24,5.72,5.0,5.0,0
79,12x12,medium,dispersed,4,low,null_dispatch,5,5,0,0,18,18,8.24,8.24,5.0,5.0,0
79,12x12,medium,dispersed,4,high,baseline,6,6,0,0,18,18,9.24,9.24,6.0,6.0,0
79,12x12,medium,dispersed,4,high,space_bits_only,6,6,0,0,18,18,9.24,9.24,6.0,6.0,0
79,12x12,medium,dispersed,4,high,mask_only,6,6,0,0,18,4,9.24,6.72,6.0,6.0,0
79,12x12,medium,dispersed,4,high,both,6,6,0,0,18,4,9.24,6.72,6.0,6.0,0
79,12x12,medium,dispersed,4,high,null_dispatch,6,6,0,0,18,18,9.24,9.24,6.0,6.0,0
79,12x12,medium,dispersed,8,low,baseline,4,4,1,1,18,18,8.14,8.14,5.75,5.75,0
79,12x12,medium,dispersed,8,low,space_bits_only,4,4,1,1,18,18,8.14,8.14,5.75,5.75,0
79,12x12,medium,dispersed,8,low,mask_only,4,4,1,1,18,8,8.14,6.34,5.75,5.75,0
79,12x12,medium,dispersed,8,low,both,4,4,1,1,18,8,8.14,6.34,5.75,5.75,0
79,12x12,medium,dispersed,8,low,null_dispatch,4,4,1,1,18,18,8.14,8.14,5.75,5.75,0
79,12x12,medium,dispersed,8,high,baseline,7,7,1,1,18,18,11.14,11.14,8.75,8.75,0
79,12x12,medium,dispersed,8,high,space_bits_only,7,7,1,0,18,18,11.14,10.24,8.75,7.0,1
79,12x12,medium,dispersed,8,high,mask_only,7,7,1,1,18,8,11.14,9.34,8.75,8.75,0
79,12x12,medium,dispersed,8,high,both,7,7,1,0,18,8,11.14,8.44,8.75,7.0,1
79,12x12,medium,dispersed,8,high,null_dispatch,7,7,1,1,18,18,11.14,11.14,8.75,8.75,0
79,12x12,medium,dispersed,12,low,baseline,5,5,1,1,18,18,9.14,9.14,6.75,6.75,0
79,12x12,medium,dispersed,12,low,space_bits_only,5,5,1,1,18,18,9.14,9.14,6.75,6.75,1
79,12x12,medium,dispersed,12,low,mask_only,5,5,1,1,18,12,9.14,8.06,6.75,6.75,0
79,12x12,medium,dispersed,12,low,both,5,5,1,1,18,12,9.14,8.06,6.75,6.75,1
79,12x12,medium,dispersed,12,low,null_dispatch,5,5,1,1,18,18,9.14,9.14,6.75,6.75,0
79,12x12,medium,dispersed,12,high,baseline,5,5,0,0,18,18,8.24,8.24,5.0,5.0,0
79,12x12,medium,dispersed,12,high,space_bits_only,5,5,0,0,18,18,8.24,8.24,5.0,5.0,0
79,12x12,medium,dispersed,12,high,mask_only,5,5,0,0,18,12,8.24,7.16,5.0,5.0,0
79,12x12,medium,dispersed,12,high,both,5,5,0,0,18,12,8.24,7.16,5.0,5.0,0
79,12x12,medium,dispersed,12,high,null_dispatch,5,5,0,0,18,18,8.24,8.24,5.0,5.0,0
79,12x12,medium,dispersed,18,low,baseline,6,6,1,1,18,18,10.14,10.14,7.75,7.75,0
79,12x12,medium,dispersed,18,low,space_bits_only,6,6,1,1,18,18,10.14,10.14,7.75,7.75,0
79,12x12,medium,dispersed,18,low,mask_only,6,6,1,1,18,18,10.14,10.14,7.75,7.75,0
79,12x12,medium,dispersed,18,low,both,6,6,1,1,18,18,10.14,10.14,7.75,7.75,0
79,12x12,medium,dispersed,18,low,null_dispatch,6,6,1,1,18,18,10.14,10.14,7.75,7.75,0
79,12x12,medium,dispersed,18,high,baseline,2,2,0,0,18,18,5.24,5.24,2.0,2.0,0
79,12x12,medium,dispersed,18,high,space_bits_only,2,2,0,0,18,18,5.24,5.24,2.0,2.0,0
79,12x12,medium,dispersed,18,high,mask_only,2,2,0,0,18,18,5.24,5.24,2.0,2.0,0
79,12x12,medium,dispersed,18,high,both,2,2,0,0,18,18,5.24,5.24,2.0,2.0,0
79,12x12,medium,dispersed,18,high,null_dispatch,2,2,0,0,18,18,5.24,5.24,2.0,2.0,0
79,12x12,high,clustered,4,low,baseline,4,4,0,0,18,18,7.24,7.24,4.0,4.0,0
79,12x12,high,clustered,4,low,space_bits_only,4,4,0,0,18,18,7.24,7.24,4.0,4.0,0
79,12x12,high,clustered,4,low,mask_only,4,4,0,0,18,4,7.24,4.72,4.0,4.0,0
79,12x12,high,clustered,4,low,both,4,4,0,0,18,4,7.24,4.72,4.0,4.0,0
79,12x12,high,clustered,4,low,null_dispatch,4,4,0,0,18,18,7.24,7.24,4.0,4.0,0
79,12x12,high,clustered,4,high,baseline,3,3,1,1,18,18,7.14,7.14,4.75,4.75,0
79,12x12,high,clustered,4,high,space_bits_only,3,3,1,0,18,18,7.14,6.24,4.75,3.0,1
79,12x12,high,clustered,4,high,mask_only,3,3,1,1,18,4,7.14,4.62,4.75,4.75,0
79,12x12,high,clustered,4,high,both,3,3,1,0,18,4,7.14,3.72,4.75,3.0,1
79,12x12,high,clustered,4,high,null_dispatch,3,3,1,1,18,18,7.14,7.14,4.75,4.75,0
79,12x12,high,clustered,8,low,baseline,5,5,0,0,18,18,8.24,8.24,5.0,5.0,0
79,12x12,high,clustered,8,low,space_bits_only,5,5,0,0,18,18,8.24,8.24,5.0,5.0,0
79,12x12,high,clustered,8,low,mask_only,5,5,0,0,18,8,8.24,6.44,5.0,5.0,0
79,12x12,high,clustered,8,low,both,5,5,0,0,18,8,8.24,6.44,5.0,5.0,0
79,12x12,high,clustered,8,low,null_dispatch,5,5,0,0,18,18,8.24,8.24,5.0,5.0,0
79,12x12,high,clustered,8,high,baseline,4,4,1,1,18,18,8.14,8.14,5.75,5.75,0
79,12x12,high,clustered,8,high,space_bits_only,4,4,1,0,18,18,8.14,7.24,5.75,4.0,1
79,12x12,high,clustered,8,high,mask_only,4,4,1,1,18,8,8.14,6.34,5.75,5.75,0
79,12x12,high,clustered,8,high,both,4,4,1,0,18,8,8.14,5.44,5.75,4.0,1
79,12x12,high,clustered,8,high,null_dispatch,4,4,1,1,18,18,8.14,8.14,5.75,5.75,0
79,12x12,high,clustered,12,low,baseline,4,4,1,1,18,18,8.14,8.14,5.75,5.75,0
79,12x12,high,clustered,12,low,space_bits_only,4,4,1,0,18,18,8.14,7.24,5.75,4.0,1
79,12x12,high,clustered,12,low,mask_only,4,4,1,1,18,12,8.14,7.06,5.75,5.75,0
79,12x12,high,clustered,12,low,both,4,4,1,0,18,12,8.14,6.16,5.75,4.0,1
79,12x12,high,clustered,12,low,null_dispatch,4,4,1,1,18,18,8.14,8.14,5.75,5.75,0
79,12x12,high,clustered,12,high,baseline,5,5,1,1,18,18,9.14,9.14,6.75,6.75,0
79,12x12,high,clustered,12,high,space_bits_only,5,5,1,0,18,18,9.14,8.24,6.75,5.0,1
79,12x12,high,clustered,12,high,mask_only,5,5,1,1,18,12,9.14,8.06,6.75,6.75,0
79,12x12,high,clustered,12,high,both,5,5,1,0,18,12,9.14,7.16,6.75,5.0,1
79,12x12,high,clustered,12,high,null_dispatch,5,5,1,1,18,18,9.14,9.14,6.75,6.75,0
79,12x12,high,clustered,18,low,baseline,6,6,1,1,18,18,10.14,10.14,7.75,7.75,0
79,12x12,high,clustered,18,low,space_bits_only,6,6,1,1,18,18,10.14,10.14,7.75,7.75,0
79,12x12,high,clustered,18,low,mask_only,6,6,1,1,18,18,10.14,10.14,7.75,7.75,0
79,12x12,high,clustered,18,low,both,6,6,1,1,18,18,10.14,10.14,7.75,7.75,0
79,12x12,high,clustered,18,low,null_dispatch,6,6,1,1,18,18,10.14,10.14,7.75,7.75,0
79,12x12,high,clustered,18,high,baseline,4,4,0,0,18,18,7.24,7.24,4.0,4.0,0
79,12x12,high,clustered,18,high,space_bits_only,4,4,0,0,18,18,7.24,7.24,4.0,4.0,0
79,12x12,high,clustered,18,high,mask_only,4,4,0,0,18,18,7.24,7.24,4.0,4.0,0
79,12x12,high,clustered,18,high,both,4,4,0,0,18,18,7.24,7.24,4.0,4.0,0
79,12x12,high,clustered,18,high,null_dispatch,4,4,0,0,18,18,7.24,7.24,4.0,4.0,0
79,12x12,high,dispersed,4,low,baseline,8,8,1,1,18,18,12.14,12.14,9.75,9.75,0
79,12x12,high,dispersed,4,low,space_bits_only,8,8,1,1,18,18,12.14,12.14,9.75,9.75,0
79,12x12,high,dispersed,4,low,mask_only,8,8,1,1,18,4,12.14,9.62,9.75,9.75,0
79,12x12,high,dispersed,4,low,both,8,8,1,1,18,4,12.14,9.62,9.75,9.75,0
79,12x12,high,dispersed,4,low,null_dispatch,8,8,1,1,18,18,12.14,12.14,9.75,9.75,0
79,12x12,high,dispersed,4,high,baseline,8,8,0,0,18,18,11.24,11.24,8.0,8.0,0
79,12x12,high,dispersed,4,high,space_bits_only,8,8,0,0,18,18,11.24,11.24,8.0,8.0,0
79,12x12,high,dispersed,4,high,mask_only,8,8,0,0,18,4,11.24,8.72,8.0,8.0,0
79,12x12,high,dispersed,4,high,both,8,8,0,0,18,4,11.24,8.72,8.0,8.0,0
79,12x12,high,dispersed,4,high,null_dispatch,8,8,0,0,18,18,11.24,11.24,8.0,8.0,0
79,12x12,high,dispersed,8,low,baseline,7,7,0,0,18,18,10.24,10.24,7.0,7.0,0
79,12x12,high,dispersed,8,low,space_bits_only,7,7,0,0,18,18,10.24,10.24,7.0,7.0,0
79,12x12,high,dispersed,8,low,mask_only,7,7,0,0,18,8,10.24,8.44,7.0,7.0,0
79,12x12,high,dispersed,8,low,both,7,7,0,0,18,8,10.24,8.44,7.0,7.0,0
79,12x12,high,dispersed,8,low,null_dispatch,7,7,0,0,18,18,10.24,10.24,7.0,7.0,0
79,12x12,high,dispersed,8,high,baseline,4,4,0,0,18,18,7.24,7.24,4.0,4.0,0
79,12x12,high,dispersed,8,high,space_bits_only,4,4,0,0,18,18,7.24,7.24,4.0,4.0,0
79,12x12,high,dispersed,8,high,mask_only,4,4,0,0,18,8,7.24,5.44,4.0,4.0,0
79,12x12,high,dispersed,8,high,both,4,4,0,0,18,8,7.24,5.44,4.0,4.0,0
79,12x12,high,dispersed,8,high,null_dispatch,4,4,0,0,18,18,7.24,7.24,4.0,4.0,0
79,12x12,high,dispersed,12,low,baseline,4,4,1,1,18,18,8.14,8.14,5.75,5.75,0
79,12x12,high,dispersed,12,low,space_bits_only,4,4,1,1,18,18,8.14,8.14,5.75,5.75,0
79,12x12,high,dispersed,12,low,mask_only,4,4,1,1,18,12,8.14,7.06,5.75,5.75,0
79,12x12,high,dispersed,12,low,both,4,4,1,1,18,12,8.14,7.06,5.75,5.75,0
79,12x12,high,dispersed,12,low,null_dispatch,4,4,1,1,18,18,8.14,8.14,5.75,5.75,0
79,12x12,high,dispersed,12,high,baseline,5,5,0,0,18,18,8.24,8.24,5.0,5.0,0
79,12x12,high,dispersed,12,high,space_bits_only,5,5,0,0,18,18,8.24,8.24,5.0,5.0,0
79,12x12,high,dispersed,12,high,mask_only,5,5,0,0,18,12,8.24,7.16,5.0,5.0,0
79,12x12,high,dispersed,12,high,both,5,5,0,0,18,12,8.24,7.16,5.0,5.0,0
79,12x12,high,dispersed,12,high,null_dispatch,5,5,0,0,18,18,8.24,8.24,5.0,5.0,0
79,12x12,high,dispersed,18,low,baseline,11,11,1,1,18,18,15.14,15.14,12.75,12.75,0
79,12x12,high,dispersed,18,low,space_bits_only,11,11,1,0,18,18,15.14,14.24,12.75,11.0,1
79,12x12,high,dispersed,18,low,mask_only,11,11,1,1,18,18,15.14,15.14,12.75,12.75,0
79,12x12,high,dispersed,18,low,both,11,11,1,0,18,18,15.14,14.24,12.75,11.0,1
79,12x12,high,dispersed,18,low,null_dispatch,11,11,1,1,18,18,15.14,15.14,12.75,12.75,0
79,12x12,high,dispersed,18,high,baseline,11,11,0,0,18,18,14.24,14.24,11.0,11.0,0
79,12x12,high,dispersed,18,high,space_bits_only,11,11,0,0,18,18,14.24,14.24,11.0,11.0,0
79,12x12,high,dispersed,18,high,mask_only,11,11,0,0,18,18,14.24,14.24,11.0,11.0,0
79,12x12,high,dispersed,18,high,both,11,11,0,0,18,18,14.24,14.24,11.0,11.0,0
79,12x12,high,dispersed,18,high,null_dispatch,11,11,0,0,18,18,14.24,14.24,11.0,11.0,0
83,12x12,low,clustered,4,low,baseline,3,3,0,0,18,18,6.24,6.24,3.0,3.0,0
83,12x12,low,clustered,4,low,space_bits_only,3,3,0,0,18,18,6.24,6.24,3.0,3.0,0
83,12x12,low,clustered,4,low,mask_only,3,3,0,0,18,4,6.24,3.72,3.0,3.0,0
83,12x12,low,clustered,4,low,both,3,3,0,0,18,4,6.24,3.72,3.0,3.0,0
83,12x12,low,clustered,4,low,null_dispatch,3,3,0,0,18,18,6.24,6.24,3.0,3.0,0
83,12x12,low,clustered,4,high,baseline,4,4,0,0,18,18,7.24,7.24,4.0,4.0,0
83,12x12,low,clustered,4,high,space_bits_only,4,4,0,0,18,18,7.24,7.24,4.0,4.0,0
83,12x12,low,clustered,4,high,mask_only,4,4,0,0,18,4,7.24,4.72,4.0,4.0,0
83,12x12,low,clustered,4,high,both,4,4,0,0,18,4,7.24,4.72,4.0,4.0,0
83,12x12,low,clustered,4,high,null_dispatch,4,4,0,0,18,18,7.24,7.24,4.0,4.0,0
83,12x12,low,clustered,8,low,baseline,3,3,0,0,18,18,6.24,6.24,3.0,3.0,0
83,12x12,low,clustered,8,low,space_bits_only,3,3,0,0,18,18,6.24,6.24,3.0,3.0,0
83,12x12,low,clustered,8,low,mask_only,3,3,0,0,18,8,6.24,4.44,3.0,3.0,0
83,12x12,low,clustered,8,low,both,3,3,0,0,18,8,6.24,4.44,3.0,3.0,0
83,12x12,low,clustered,8,low,null_dispatch,3,3,0,0,18,18,6.24,6.24,3.0,3.0,0
83,12x12,low,clustered,8,high,baseline,3,3,0,0,18,18,6.24,6.24,3.0,3.0,0
83,12x12,low,clustered,8,high,space_bits_only,3,3,0,0,18,18,6.24,6.24,3.0,3.0,0
83,12x12,low,clustered,8,high,mask_only,3,3,0,0,18,8,6.24,4.44,3.0,3.0,0
83,12x12,low,clustered,8,high,both,3,3,0,0,18,8,6.24,4.44,3.0,3.0,0
83,12x12,low,clustered,8,high,null_dispatch,3,3,0,0,18,18,6.24,6.24,3.0,3.0,0
83,12x12,low,clustered,12,low,baseline,5,5,0,0,18,18,8.24,8.24,5.0,5.0,0
83,12x12,low,clustered,12,low,space_bits_only,5,5,0,0,18,18,8.24,8.24,5.0,5.0,0
83,12x12,low,clustered,12,low,mask_only,5,5,0,0,18,12,8.24,7.16,5.0,5.0,0
83,12x12,low,clustered,12,low,both,5,5,0,0,18,12,8.24,7.16,5.0,5.0,0
83,12x12,low,clustered,12,low,null_dispatch,5,5,0,0,18,18,8.24,8.24,5.0,5.0,0
83,12x12,low,clustered,12,high,baseline,5,5,0,0,18,18,8.24,8.24,5.0,5.0,0
83,12x12,low,clustered,12,high,space_bits_only,5,5,0,0,18,18,8.24,8.24,5.0,5.0,0
83,12x12,low,clustered,12,high,mask_only,5,5,0,0,18,12,8.24,7.16,5.0,5.0,0
83,12x12,low,clustered,12,high,both,5,5,0,0,18,12,8.24,7.16,5.0,5.0,0
83,12x12,low,clustered,12,high,null_dispatch,5,5,0,0,18,18,8.24,8.24,5.0,5.0,0
83,12x12,low,clustered,18,low,baseline,5,5,0,0,18,18,8.24,8.24,5.0,5.0,0
83,12x12,low,clustered,18,low,space_bits_only,5,5,0,0,18,18,8.24,8.24,5.0,5.0,0
83,12x12,low,clustered,18,low,mask_only,5,5,0,0,18,18,8.24,8.24,5.0,5.0,0
83,12x12,low,clustered,18,low,both,5,5,0,0,18,18,8.24,8.24,5.0,5.0,0
83,12x12,low,clustered,18,low,null_dispatch,5,5,0,0,18,18,8.24,8.24,5.0,5.0,0
83,12x12,low,clustered,18,high,baseline,3,3,0,0,18,18,6.24,6.24,3.0,3.0,0
83,12x12,low,clustered,18,high,space_bits_only,3,3,0,0,18,18,6.24,6.24,3.0,3.0,0
83,12x12,low,clustered,18,high,mask_only,3,3,0,0,18,18,6.24,6.24,3.0,3.0,0
83,12x12,low,clustered,18,high,both,3,3,0,0,18,18,6.24,6.24,3.0,3.0,0
83,12x12,low,clustered,18,high,null_dispatch,3,3,0,0,18,18,6.24,6.24,3.0,3.0,0
83,12x12,low,dispersed,4,low,baseline,6,6,0,0,18,18,9.24,9.24,6.0,6.0,0
83,12x12,low,dispersed,4,low,space_bits_only,6,6,0,0,18,18,9.24,9.24,6.0,6.0,0
83,12x12,low,dispersed,4,low,mask_only,6,6,0,0,18,4,9.24,6.72,6.0,6.0,0
83,12x12,low,dispersed,4,low,both,6,6,0,0,18,4,9.24,6.72,6.0,6.0,0
83,12x12,low,dispersed,4,low,null_dispatch,6,6,0,0,18,18,9.24,9.24,6.0,6.0,0
83,12x12,low,dispersed,4,high,baseline,9,9,0,0,18,18,12.24,12.24,9.0,9.0,0
83,12x12,low,dispersed,4,high,space_bits_only,9,9,0,0,18,18,12.24,12.24,9.0,9.0,0
83,12x12,low,dispersed,4,high,mask_only,9,9,0,0,18,4,12.24,9.72,9.0,9.0,0
83,12x12,low,dispersed,4,high,both,9,9,0,0,18,4,12.24,9.72,9.0,9.0,0
83,12x12,low,dispersed,4,high,null_dispatch,9,9,0,0,18,18,12.24,12.24,9.0,9.0,0
83,12x12,low,dispersed,8,low,baseline,11,11,0,0,18,18,14.24,14.24,11.0,11.0,0
83,12x12,low,dispersed,8,low,space_bits_only,11,11,0,0,18,18,14.24,14.24,11.0,11.0,0
83,12x12,low,dispersed,8,low,mask_only,11,11,0,0,18,8,14.24,12.44,11.0,11.0,0
83,12x12,low,dispersed,8,low,both,11,11,0,0,18,8,14.24,12.44,11.0,11.0,0
83,12x12,low,dispersed,8,low,null_dispatch,11,11,0,0,18,18,14.24,14.24,11.0,11.0,0
83,12x12,low,dispersed,8,high,baseline,5,5,0,0,18,18,8.24,8.24,5.0,5.0,0
83,12x12,low,dispersed,8,high,space_bits_only,5,5,0,0,18,18,8.24,8.24,5.0,5.0,0
83,12x12,low,dispersed,8,high,mask_only,5,5,0,0,18,8,8.24,6.44,5.0,5.0,0
83,12x12,low,dispersed,8,high,both,5,5,0,0,18,8,8.24,6.44,5.0,5.0,0
83,12x12,low,dispersed,8,high,null_dispatch,5,5,0,0,18,18,8.24,8.24,5.0,5.0,0
83,12x12,low,dispersed,12,low,baseline,4,4,0,0,18,18,7.24,7.24,4.0,4.0,0
83,12x12,low,dispersed,12,low,space_bits_only,4,4,0,0,18,18,7.24,7.24,4.0,4.0,0
83,12x12,low,dispersed,12,low,mask_only,4,4,0,0,18,12,7.24,6.16,4.0,4.0,0
83,12x12,low,dispersed,12,low,both,4,4,0,0,18,12,7.24,6.16,4.0,4.0,0
83,12x12,low,dispersed,12,low,null_dispatch,4,4,0,0,18,18,7.24,7.24,4.0,4.0,0
83,12x12,low,dispersed,12,high,baseline,3,3,0,0,18,18,6.24,6.24,3.0,3.0,0
83,12x12,low,dispersed,12,high,space_bits_only,3,3,0,0,18,18,6.24,6.24,3.0,3.0,0
83,12x12,low,dispersed,12,high,mask_only,3,3,0,0,18,12,6.24,5.16,3.0,3.0,0
83,12x12,low,dispersed,12,high,both,3,3,0,0,18,12,6.24,5.16,3.0,3.0,0
83,12x12,low,dispersed,12,high,null_dispatch,3,3,0,0,18,18,6.24,6.24,3.0,3.0,0
83,12x12,low,dispersed,18,low,baseline,5,5,0,0,18,18,8.24,8.24,5.0,5.0,0
83,12x12,low,dispersed,18,low,space_bits_only,5,5,0,0,18,18,8.24,8.24,5.0,5.0,0
83,12x12,low,dispersed,18,low,mask_only,5,5,0,0,18,18,8.24,8.24,5.0,5.0,0
83,12x12,low,dispersed,18,low,both,5,5,0,0,18,18,8.24,8.24,5.0,5.0,0
83,12x12,low,dispersed,18,low,null_dispatch,5,5,0,0,18,18,8.24,8.24,5.0,5.0,0
83,12x12,low,dispersed,18,high,baseline,6,6,0,0,18,18,9.24,9.24,6.0,6.0,0
83,12x12,low,dispersed,18,high,space_bits_only,6,6,0,0,18,18,9.24,9.24,6.0,6.0,0
83,12x12,low,dispersed,18,high,mask_only,6,6,0,0,18,18,9.24,9.24,6.0,6.0,0
83,12x12,low,dispersed,18,high,both,6,6,0,0,18,18,9.24,9.24,6.0,6.0,0
83,12x12,low,dispersed,18,high,null_dispatch,6,6,0,0,18,18,9.24,9.24,6.0,6.0,0
83,12x12,medium,clustered,4,low,baseline,3,3,0,0,18,18,6.24,6.24,3.0,3.0,0
83,12x12,medium,clustered,4,low,space_bits_only,3,3,0,0,18,18,6.24,6.24,3.0,3.0,0
83,12x12,medium,clustered,4,low,mask_only,3,3,0,0,18,4,6.24,3.72,3.0,3.0,0
83,12x12,medium,clustered,4,low,both,3,3,0,0,18,4,6.24,3.72,3.0,3.0,0
83,12x12,medium,clustered,4,low,null_dispatch,3,3,0,0,18,18,6.24,6.24,3.0,3.0,0
83,12x12,medium,clustered,4,high,baseline,3,3,0,0,18,18,6.24,6.24,3.0,3.0,0
83,12x12,medium,clustered,4,high,space_bits_only,3,3,0,0,18,18,6.24,6.24,3.0,3.0,0
83,12x12,medium,clustered,4,high,mask_only,3,3,0,0,18,4,6.24,3.72,3.0,3.0,0
83,12x12,medium,clustered,4,high,both,3,3,0,0,18,4,6.24,3.72,3.0,3.0,0
83,12x12,medium,clustered,4,high,null_dispatch,3,3,0,0,18,18,6.24,6.24,3.0,3.0,0
83,12x12,medium,clustered,8,low,baseline,4,4,1,1,18,18,8.14,8.14,5.75,5.75,0
83,12x12,medium,clustered,8,low,space_bits_only,4,4,1,1,18,18,8.14,8.14,5.75,5.75,0
83,12x12,medium,clustered,8,low,mask_only,4,4,1,1,18,8,8.14,6.34,5.75,5.75,0
83,12x12,medium,clustered,8,low,both,4,4,1,1,18,8,8.14,6.34,5.75,5.75,0
83,12x12,medium,clustered,8,low,null_dispatch,4,4,1,1,18,18,8.14,8.14,5.75,5.75,0
83,12x12,medium,clustered,8,high,baseline,3,3,1,1,18,18,7.14,7.14,4.75,4.75,0
83,12x12,medium,clustered,8,high,space_bits_only,3,3,1,0,18,18,7.14,6.24,4.75,3.0,1
83,12x12,medium,clustered,8,high,mask_only,3,3,1,1,18,8,7.14,5.34,4.75,4.75,0
83,12x12,medium,clustered,8,high,both,3,3,1,0,18,8,7.14,4.44,4.75,3.0,1
83,12x12,medium,clustered,8,high,null_dispatch,3,3,1,1,18,18,7.14,7.14,4.75,4.75,0
83,12x12,medium,clustered,12,low,baseline,3,3,1,1,18,18,7.14,7.14,4.75,4.75,0
83,12x12,medium,clustered,12,low,space_bits_only,3,3,1,1,18,18,7.14,7.14,4.75,4.75,0
83,12x12,medium,clustered,12,low,mask_only,3,3,1,1,18,12,7.14,6.06,4.75,4.75,0
83,12x12,medium,clustered,12,low,both,3,3,1,1,18,12,7.14,6.06,4.75,4.75,0
83,12x12,medium,clustered,12,low,null_dispatch,3,3,1,1,18,18,7.14,7.14,4.75,4.75,0
83,12x12,medium,clustered,12,high,baseline,3,3,0,0,18,18,6.24,6.24,3.0,3.0,0
83,12x12,medium,clustered,12,high,space_bits_only,3,3,0,0,18,18,6.24,6.24,3.0,3.0,0
83,12x12,medium,clustered,12,high,mask_only,3,3,0,0,18,12,6.24,5.16,3.0,3.0,0
83,12x12,medium,clustered,12,high,both,3,3,0,0,18,12,6.24,5.16,3.0,3.0,0
83,12x12,medium,clustered,12,high,null_dispatch,3,3,0,0,18,18,6.24,6.24,3.0,3.0,0
83,12x12,medium,clustered,18,low,baseline,4,4,0,0,18,18,7.24,7.24,4.0,4.0,0
83,12x12,medium,clustered,18,low,space_bits_only,4,4,0,0,18,18,7.24,7.24,4.0,4.0,0
83,12x12,medium,clustered,18,low,mask_only,4,4,0,0,18,18,7.24,7.24,4.0,4.0,0
83,12x12,medium,clustered,18,low,both,4,4,0,0,18,18,7.24,7.24,4.0,4.0,0
83,12x12,medium,clustered,18,low,null_dispatch,4,4,0,0,18,18,7.24,7.24,4.0,4.0,0
83,12x12,medium,clustered,18,high,baseline,4,4,0,0,18,18,7.24,7.24,4.0,4.0,0
83,12x12,medium,clustered,18,high,space_bits_only,4,4,0,0,18,18,7.24,7.24,4.0,4.0,0
83,12x12,medium,clustered,18,high,mask_only,4,4,0,0,18,18,7.24,7.24,4.0,4.0,0
83,12x12,medium,clustered,18,high,both,4,4,0,0,18,18,7.24,7.24,4.0,4.0,0
83,12x12,medium,clustered,18,high,null_dispatch,4,4,0,0,18,18,7.24,7.24,4.0,4.0,0
83,12x12,medium,dispersed,4,low,baseline,9,9,1,1,18,18,13.14,13.14,10.75,10.75,0
83,12x12,medium,dispersed,4,low,space_bits_only,9,9,1,2,18,18,13.14,14.04,10.75,12.5,1
83,12x12,medium,dispersed,4,low,mask_only,9,9,1,1,18,4,13.14,10.62,10.75,10.75,0
83,12x12,medium,dispersed,4,low,both,9,9,1,2,18,4,13.14,11.52,10.75,12.5,1
83,12x12,medium,dispersed,4,low,null_dispatch,9,9,1,1,18,18,13.14,13.14,10.75,10.75,0
83,12x12,medium,dispersed,4,high,baseline,5,5,0,0,18,18,8.24,8.24,5.0,5.0,0
83,12x12,medium,dispersed,4,high,space_bits_only,5,5,0,0,18,18,8.24,8.24,5.0,5.0,0
83,12x12,medium,dispersed,4,high,mask_only,5,5,0,0,18,4,8.24,5.72,5.0,5.0,0
83,12x12,medium,dispersed,4,high,both,5,5,0,0,18,4,8.24,5.72,5.0,5.0,0
83,12x12,medium,dispersed,4,high,null_dispatch,5,5,0,0,18,18,8.24,8.24,5.0,5.0,0
83,12x12,medium,dispersed,8,low,baseline,9,9,0,0,18,18,12.24,12.24,9.0,9.0,0
83,12x12,medium,dispersed,8,low,space_bits_only,9,9,0,0,18,18,12.24,12.24,9.0,9.0,0
83,12x12,medium,dispersed,8,low,mask_only,9,9,0,0,18,8,12.24,10.44,9.0,9.0,0
83,12x12,medium,dispersed,8,low,both,9,9,0,0,18,8,12.24,10.44,9.0,9.0,0
83,12x12,medium,dispersed,8,low,null_dispatch,9,9,0,0,18,18,12.24,12.24,9.0,9.0,0
83,12x12,medium,dispersed,8,high,baseline,4,4,0,0,18,18,7.24,7.24,4.0,4.0,0
83,12x12,medium,dispersed,8,high,space_bits_only,4,4,0,0,18,18,7.24,7.24,4.0,4.0,0
83,12x12,medium,dispersed,8,high,mask_only,4,4,0,0,18,8,7.24,5.44,4.0,4.0,0
83,12x12,medium,dispersed,8,high,both,4,4,0,0,18,8,7.24,5.44,4.0,4.0,0
83,12x12,medium,dispersed,8,high,null_dispatch,4,4,0,0,18,18,7.24,7.24,4.0,4.0,0
83,12x12,medium,dispersed,12,low,baseline,8,8,0,0,18,18,11.24,11.24,8.0,8.0,0
83,12x12,medium,dispersed,12,low,space_bits_only,8,8,0,0,18,18,11.24,11.24,8.0,8.0,0
83,12x12,medium,dispersed,12,low,mask_only,8,8,0,0,18,12,11.24,10.16,8.0,8.0,0
83,12x12,medium,dispersed,12,low,both,8,8,0,0,18,12,11.24,10.16,8.0,8.0,0
83,12x12,medium,dispersed,12,low,null_dispatch,8,8,0,0,18,18,11.24,11.24,8.0,8.0,0
83,12x12,medium,dispersed,12,high,baseline,5,5,0,0,18,18,8.24,8.24,5.0,5.0,0
83,12x12,medium,dispersed,12,high,space_bits_only,5,5,0,0,18,18,8.24,8.24,5.0,5.0,0
83,12x12,medium,dispersed,12,high,mask_only,5,5,0,0,18,12,8.24,7.16,5.0,5.0,0
83,12x12,medium,dispersed,12,high,both,5,5,0,0,18,12,8.24,7.16,5.0,5.0,0
83,12x12,medium,dispersed,12,high,null_dispatch,5,5,0,0,18,18,8.24,8.24,5.0,5.0,0
83,12x12,medium,dispersed,18,low,baseline,12,12,0,0,18,18,15.24,15.24,12.0,12.0,0
83,12x12,medium,dispersed,18,low,space_bits_only,12,12,0,0,18,18,15.24,15.24,12.0,12.0,0
83,12x12,medium,dispersed,18,low,mask_only,12,12,0,0,18,18,15.24,15.24,12.0,12.0,0
83,12x12,medium,dispersed,18,low,both,12,12,0,0,18,18,15.24,15.24,12.0,12.0,0
83,12x12,medium,dispersed,18,low,null_dispatch,12,12,0,0,18,18,15.24,15.24,12.0,12.0,0
83,12x12,medium,dispersed,18,high,baseline,4,4,1,1,18,18,8.14,8.14,5.75,5.75,0
83,12x12,medium,dispersed,18,high,space_bits_only,4,4,1,1,18,18,8.14,8.14,5.75,5.75,0
83,12x12,medium,dispersed,18,high,mask_only,4,4,1,1,18,18,8.14,8.14,5.75,5.75,0
83,12x12,medium,dispersed,18,high,both,4,4,1,1,18,18,8.14,8.14,5.75,5.75,0
83,12x12,medium,dispersed,18,high,null_dispatch,4,4,1,1,18,18,8.14,8.14,5.75,5.75,0
83,12x12,high,clustered,4,low,baseline,6,6,0,0,18,18,9.24,9.24,6.0,6.0,0
83,12x12,high,clustered,4,low,space_bits_only,6,6,0,0,18,18,9.24,9.24,6.0,6.0,0
83,12x12,high,clustered,4,low,mask_only,6,6,0,0,18,4,9.24,6.72,6.0,6.0,0
83,12x12,high,clustered,4,low,both,6,6,0,0,18,4,9.24,6.72,6.0,6.0,0
83,12x12,high,clustered,4,low,null_dispatch,6,6,0,0,18,18,9.24,9.24,6.0,6.0,0
83,12x12,high,clustered,4,high,baseline,5,5,0,0,18,18,8.24,8.24,5.0,5.0,0
83,12x12,high,clustered,4,high,space_bits_only,5,5,0,0,18,18,8.24,8.24,5.0,5.0,0
83,12x12,high,clustered,4,high,mask_only,5,5,0,0,18,4,8.24,5.72,5.0,5.0,0
83,12x12,high,clustered,4,high,both,5,5,0,0,18,4,8.24,5.72,5.0,5.0,0
83,12x12,high,clustered,4,high,null_dispatch,5,5,0,0,18,18,8.24,8.24,5.0,5.0,0
83,12x12,high,clustered,8,low,baseline,4,4,0,0,18,18,7.24,7.24,4.0,4.0,0
83,12x12,high,clustered,8,low,space_bits_only,4,4,0,0,18,18,7.24,7.24,4.0,4.0,0
83,12x12,high,clustered,8,low,mask_only,4,4,0,0,18,8,7.24,5.44,4.0,4.0,0
83,12x12,high,clustered,8,low,both,4,4,0,0,18,8,7.24,5.44,4.0,4.0,0
83,12x12,high,clustered,8,low,null_dispatch,4,4,0,0,18,18,7.24,7.24,4.0,4.0,0
83,12x12,high,clustered,8,high,baseline,4,4,0,0,18,18,7.24,7.24,4.0,4.0,0
83,12x12,high,clustered,8,high,space_bits_only,4,4,0,0,18,18,7.24,7.24,4.0,4.0,0
83,12x12,high,clustered,8,high,mask_only,4,4,0,0,18,8,7.24,5.44,4.0,4.0,0
83,12x12,high,clustered,8,high,both,4,4,0,0,18,8,7.24,5.44,4.0,4.0,0
83,12x12,high,clustered,8,high,null_dispatch,4,4,0,0,18,18,7.24,7.24,4.0,4.0,0
83,12x12,high,clustered,12,low,baseline,5,5,0,0,18,18,8.24,8.24,5.0,5.0,0
83,12x12,high,clustered,12,low,space_bits_only,5,5,0,0,18,18,8.24,8.24,5.0,5.0,0
83,12x12,high,clustered,12,low,mask_only,5,5,0,0,18,12,8.24,7.16,5.0,5.0,0
83,12x12,high,clustered,12,low,both,5,5,0,0,18,12,8.24,7.16,5.0,5.0,0
83,12x12,high,clustered,12,low,null_dispatch,5,5,0,0,18,18,8.24,8.24,5.0,5.0,0
83,12x12,high,clustered,12,high,baseline,6,6,0,0,18,18,9.24,9.24,6.0,6.0,0
83,12x12,high,clustered,12,high,space_bits_only,6,6,0,0,18,18,9.24,9.24,6.0,6.0,0
83,12x12,high,clustered,12,high,mask_only,6,6,0,0,18,12,9.24,8.16,6.0,6.0,0
83,12x12,high,clustered,12,high,both,6,6,0,0,18,12,9.24,8.16,6.0,6.0,0
83,12x12,high,clustered,12,high,null_dispatch,6,6,0,0,18,18,9.24,9.24,6.0,6.0,0
83,12x12,high,clustered,18,low,baseline,4,4,0,0,18,18,7.24,7.24,4.0,4.0,0
83,12x12,high,clustered,18,low,space_bits_only,4,4,0,0,18,18,7.24,7.24,4.0,4.0,0
83,12x12,high,clustered,18,low,mask_only,4,4,0,0,18,18,7.24,7.24,4.0,4.0,0
83,12x12,high,clustered,18,low,both,4,4,0,0,18,18,7.24,7.24,4.0,4.0,0
83,12x12,high,clustered,18,low,null_dispatch,4,4,0,0,18,18,7.24,7.24,4.0,4.0,0
83,12x12,high,clustered,18,high,baseline,6,6,0,0,18,18,9.24,9.24,6.0,6.0,0
83,12x12,high,clustered,18,high,space_bits_only,6,6,0,0,18,18,9.24,9.24,6.0,6.0,0
83,12x12,high,clustered,18,high,mask_only,6,6,0,0,18,18,9.24,9.24,6.0,6.0,0
83,12x12,high,clustered,18,high,both,6,6,0,0,18,18,9.24,9.24,6.0,6.0,0
83,12x12,high,clustered,18,high,null_dispatch,6,6,0,0,18,18,9.24,9.24,6.0,6.0,0
83,12x12,high,dispersed,4,low,baseline,9,9,3,3,18,18,14.94,14.94,14.25,14.25,0
83,12x12,high,dispersed,4,low,space_bits_only,9,9,3,2,18,18,14.94,14.04,14.25,12.5,1
83,12x12,high,dispersed,4,low,mask_only,9,9,3,3,18,4,14.94,12.42,14.25,14.25,0
83,12x12,high,dispersed,4,low,both,9,9,3,2,18,4,14.94,11.52,14.25,12.5,1
83,12x12,high,dispersed,4,low,null_dispatch,9,9,3,3,18,18,14.94,14.94,14.25,14.25,0
83,12x12,high,dispersed,4,high,baseline,8,8,1,1,18,18,12.14,12.14,9.75,9.75,0
83,12x12,high,dispersed,4,high,space_bits_only,8,8,1,0,18,18,12.14,11.24,9.75,8.0,1
83,12x12,high,dispersed,4,high,mask_only,8,8,1,1,18,4,12.14,9.62,9.75,9.75,0
83,12x12,high,dispersed,4,high,both,8,8,1,0,18,4,12.14,8.72,9.75,8.0,1
83,12x12,high,dispersed,4,high,null_dispatch,8,8,1,1,18,18,12.14,12.14,9.75,9.75,0
83,12x12,high,dispersed,8,low,baseline,7,7,1,1,18,18,11.14,11.14,8.75,8.75,0
83,12x12,high,dispersed,8,low,space_bits_only,7,7,1,1,18,18,11.14,11.14,8.75,8.75,0
83,12x12,high,dispersed,8,low,mask_only,7,7,1,1,18,8,11.14,9.34,8.75,8.75,0
83,12x12,high,dispersed,8,low,both,7,7,1,1,18,8,11.14,9.34,8.75,8.75,0
83,12x12,high,dispersed,8,low,null_dispatch,7,7,1,1,18,18,11.14,11.14,8.75,8.75,0
83,12x12,high,dispersed,8,high,baseline,5,5,0,0,18,18,8.24,8.24,5.0,5.0,0
83,12x12,high,dispersed,8,high,space_bits_only,5,5,0,0,18,18,8.24,8.24,5.0,5.0,0
83,12x12,high,dispersed,8,high,mask_only,5,5,0,0,18,8,8.24,6.44,5.0,5.0,0
83,12x12,high,dispersed,8,high,both,5,5,0,0,18,8,8.24,6.44,5.0,5.0,0
83,12x12,high,dispersed,8,high,null_dispatch,5,5,0,0,18,18,8.24,8.24,5.0,5.0,0
83,12x12,high,dispersed,12,low,baseline,11,11,2,2,18,18,16.04,16.04,14.5,14.5,0
83,12x12,high,dispersed,12,low,space_bits_only,11,11,2,2,18,18,16.04,16.04,14.5,14.5,0
83,12x12,high,dispersed,12,low,mask_only,11,11,2,2,18,12,16.04,14.96,14.5,14.5,0
83,12x12,high,dispersed,12,low,both,11,11,2,2,18,12,16.04,14.96,14.5,14.5,0
83,12x12,high,dispersed,12,low,null_dispatch,11,11,2,2,18,18,16.04,16.04,14.5,14.5,0
83,12x12,high,dispersed,12,high,baseline,7,7,1,1,18,18,11.14,11.14,8.75,8.75,0
83,12x12,high,dispersed,12,high,space_bits_only,7,7,1,0,18,18,11.14,10.24,8.75,7.0,1
83,12x12,high,dispersed,12,high,mask_only,7,7,1,1,18,12,11.14,10.06,8.75,8.75,0
83,12x12,high,dispersed,12,high,both,7,7,1,0,18,12,11.14,9.16,8.75,7.0,1
83,12x12,high,dispersed,12,high,null_dispatch,7,7,1,1,18,18,11.14,11.14,8.75,8.75,0
83,12x12,high,dispersed,18,low,baseline,10,10,0,0,18,18,13.24,13.24,10.0,10.0,0
83,12x12,high,dispersed,18,low,space_bits_only,10,10,0,0,18,18,13.24,13.24,10.0,10.0,0
83,12x12,high,dispersed,18,low,mask_only,10,10,0,0,18,18,13.24,13.24,10.0,10.0,0
83,12x12,high,dispersed,18,low,both,10,10,0,0,18,18,13.24,13.24,10.0,10.0,0
83,12x12,high,dispersed,18,low,null_dispatch,10,10,0,0,18,18,13.24,13.24,10.0,10.0,0
83,12x12,high,dispersed,18,high,baseline,3,3,0,0,18,18,6.24,6.24,3.0,3.0,0
83,12x12,high,dispersed,18,high,space_bits_only,3,3,0,0,18,18,6.24,6.24,3.0,3.0,0
83,12x12,high,dispersed,18,high,mask_only,3,3,0,0,18,18,6.24,6.24,3.0,3.0,0
83,12x12,high,dispersed,18,high,both,3,3,0,0,18,18,6.24,6.24,3.0,3.0,0
83,12x12,high,dispersed,18,high,null_dispatch,3,3,0,0,18,18,6.24,6.24,3.0,3.0,0
97,12x12,low,clustered,4,low,baseline,5,5,0,0,18,18,8.24,8.24,5.0,5.0,0
97,12x12,low,clustered,4,low,space_bits_only,5,5,0,0,18,18,8.24,8.24,5.0,5.0,0
97,12x12,low,clustered,4,low,mask_only,5,5,0,0,18,4,8.24,5.72,5.0,5.0,0
97,12x12,low,clustered,4,low,both,5,5,0,0,18,4,8.24,5.72,5.0,5.0,0
97,12x12,low,clustered,4,low,null_dispatch,5,5,0,0,18,18,8.24,8.24,5.0,5.0,0
97,12x12,low,clustered,4,high,baseline,4,4,0,0,18,18,7.24,7.24,4.0,4.0,0
97,12x12,low,clustered,4,high,space_bits_only,4,4,0,0,18,18,7.24,7.24,4.0,4.0,0
97,12x12,low,clustered,4,high,mask_only,4,4,0,0,18,4,7.24,4.72,4.0,4.0,0
97,12x12,low,clustered,4,high,both,4,4,0,0,18,4,7.24,4.72,4.0,4.0,0
97,12x12,low,clustered,4,high,null_dispatch,4,4,0,0,18,18,7.24,7.24,4.0,4.0,0
97,12x12,low,clustered,8,low,baseline,4,4,0,0,18,18,7.24,7.24,4.0,4.0,0
97,12x12,low,clustered,8,low,space_bits_only,4,4,0,0,18,18,7.24,7.24,4.0,4.0,0
97,12x12,low,clustered,8,low,mask_only,4,4,0,0,18,8,7.24,5.44,4.0,4.0,0
97,12x12,low,clustered,8,low,both,4,4,0,0,18,8,7.24,5.44,4.0,4.0,0
97,12x12,low,clustered,8,low,null_dispatch,4,4,0,0,18,18,7.24,7.24,4.0,4.0,0
97,12x12,low,clustered,8,high,baseline,6,6,0,0,18,18,9.24,9.24,6.0,6.0,0
97,12x12,low,clustered,8,high,space_bits_only,6,6,0,0,18,18,9.24,9.24,6.0,6.0,0
97,12x12,low,clustered,8,high,mask_only,6,6,0,0,18,8,9.24,7.44,6.0,6.0,0
97,12x12,low,clustered,8,high,both,6,6,0,0,18,8,9.24,7.44,6.0,6.0,0
97,12x12,low,clustered,8,high,null_dispatch,6,6,0,0,18,18,9.24,9.24,6.0,6.0,0
97,12x12,low,clustered,12,low,baseline,2,2,0,0,18,18,5.24,5.24,2.0,2.0,0
97,12x12,low,clustered,12,low,space_bits_only,2,2,0,0,18,18,5.24,5.24,2.0,2.0,0
97,12x12,low,clustered,12,low,mask_only,2,2,0,0,18,12,5.24,4.16,2.0,2.0,0
97,12x12,low,clustered,12,low,both,2,2,0,0,18,12,5.24,4.16,2.0,2.0,0
97,12x12,low,clustered,12,low,null_dispatch,2,2,0,0,18,18,5.24,5.24,2.0,2.0,0
97,12x12,low,clustered,12,high,baseline,3,3,0,0,18,18,6.24,6.24,3.0,3.0,0
97,12x12,low,clustered,12,high,space_bits_only,3,3,0,0,18,18,6.24,6.24,3.0,3.0,0
97,12x12,low,clustered,12,high,mask_only,3,3,0,0,18,12,6.24,5.16,3.0,3.0,0
97,12x12,low,clustered,12,high,both,3,3,0,0,18,12,6.24,5.16,3.0,3.0,0
97,12x12,low,clustered,12,high,null_dispatch,3,3,0,0,18,18,6.24,6.24,3.0,3.0,0
97,12x12,low,clustered,18,low,baseline,5,5,0,0,18,18,8.24,8.24,5.0,5.0,0
97,12x12,low,clustered,18,low,space_bits_only,5,5,0,0,18,18,8.24,8.24,5.0,5.0,0
97,12x12,low,clustered,18,low,mask_only,5,5,0,0,18,18,8.24,8.24,5.0,5.0,0
97,12x12,low,clustered,18,low,both,5,5,0,0,18,18,8.24,8.24,5.0,5.0,0
97,12x12,low,clustered,18,low,null_dispatch,5,5,0,0,18,18,8.24,8.24,5.0,5.0,0
97,12x12,low,clustered,18,high,baseline,2,2,0,0,18,18,5.24,5.24,2.0,2.0,0
97,12x12,low,clustered,18,high,space_bits_only,2,2,0,0,18,18,5.24,5.24,2.0,2.0,0
97,12x12,low,clustered,18,high,mask_only,2,2,0,0,18,18,5.24,5.24,2.0,2.0,0
97,12x12,low,clustered,18,high,both,2,2,0,0,18,18,5.24,5.24,2.0,2.0,0
97,12x12,low,clustered,18,high,null_dispatch,2,2,0,0,18,18,5.24,5.24,2.0,2.0,0
97,12x12,low,dispersed,4,low,baseline,11,11,1,1,18,18,15.14,15.14,12.75,12.75,0
97,12x12,low,dispersed,4,low,space_bits_only,11,11,1,1,18,18,15.14,15.14,12.75,12.75,0
97,12x12,low,dispersed,4,low,mask_only,11,11,1,1,18,4,15.14,12.62,12.75,12.75,0
97,12x12,low,dispersed,4,low,both,11,11,1,1,18,4,15.14,12.62,12.75,12.75,0
97,12x12,low,dispersed,4,low,null_dispatch,11,11,1,1,18,18,15.14,15.14,12.75,12.75,0
97,12x12,low,dispersed,4,high,baseline,9,9,0,0,18,18,12.24,12.24,9.0,9.0,0
97,12x12,low,dispersed,4,high,space_bits_only,9,9,0,0,18,18,12.24,12.24,9.0,9.0,0
97,12x12,low,dispersed,4,high,mask_only,9,9,0,0,18,4,12.24,9.72,9.0,9.0,0
97,12x12,low,dispersed,4,high,both,9,9,0,0,18,4,12.24,9.72,9.0,9.0,0
97,12x12,low,dispersed,4,high,null_dispatch,9,9,0,0,18,18,12.24,12.24,9.0,9.0,0
97,12x12,low,dispersed,8,low,baseline,9,9,0,0,18,18,12.24,12.24,9.0,9.0,0
97,12x12,low,dispersed,8,low,space_bits_only,9,9,0,0,18,18,12.24,12.24,9.0,9.0,0
97,12x12,low,dispersed,8,low,mask_only,9,9,0,0,18,8,12.24,10.44,9.0,9.0,0
97,12x12,low,dispersed,8,low,both,9,9,0,0,18,8,12.24,10.44,9.0,9.0,0
97,12x12,low,dispersed,8,low,null_dispatch,9,9,0,0,18,18,12.24,12.24,9.0,9.0,0
97,12x12,low,dispersed,8,high,baseline,9,9,0,0,18,18,12.24,12.24,9.0,9.0,0
97,12x12,low,dispersed,8,high,space_bits_only,9,9,0,0,18,18,12.24,12.24,9.0,9.0,0
97,12x12,low,dispersed,8,high,mask_only,9,9,0,0,18,8,12.24,10.44,9.0,9.0,0
97,12x12,low,dispersed,8,high,both,9,9,0,0,18,8,12.24,10.44,9.0,9.0,0
97,12x12,low,dispersed,8,high,null_dispatch,9,9,0,0,18,18,12.24,12.24,9.0,9.0,0
97,12x12,low,dispersed,12,low,baseline,9,9,0,0,18,18,12.24,12.24,9.0,9.0,0
97,12x12,low,dispersed,12,low,space_bits_only,9,9,0,0,18,18,12.24,12.24,9.0,9.0,0
97,12x12,low,dispersed,12,low,mask_only,9,9,0,0,18,12,12.24,11.16,9.0,9.0,0
97,12x12,low,dispersed,12,low,both,9,9,0,0,18,12,12.24,11.16,9.0,9.0,0
97,12x12,low,dispersed,12,low,null_dispatch,9,9,0,0,18,18,12.24,12.24,9.0,9.0,0
97,12x12,low,dispersed,12,high,baseline,8,8,0,0,18,18,11.24,11.24,8.0,8.0,0
97,12x12,low,dispersed,12,high,space_bits_only,8,8,0,0,18,18,11.24,11.24,8.0,8.0,0
97,12x12,low,dispersed,12,high,mask_only,8,8,0,0,18,12,11.24,10.16,8.0,8.0,0
97,12x12,low,dispersed,12,high,both,8,8,0,0,18,12,11.24,10.16,8.0,8.0,0
97,12x12,low,dispersed,12,high,null_dispatch,8,8,0,0,18,18,11.24,11.24,8.0,8.0,0
97,12x12,low,dispersed,18,low,baseline,5,5,0,0,18,18,8.24,8.24,5.0,5.0,0
97,12x12,low,dispersed,18,low,space_bits_only,5,5,0,0,18,18,8.24,8.24,5.0,5.0,0
97,12x12,low,dispersed,18,low,mask_only,5,5,0,0,18,18,8.24,8.24,5.0,5.0,0
97,12x12,low,dispersed,18,low,both,5,5,0,0,18,18,8.24,8.24,5.0,5.0,0
97,12x12,low,dispersed,18,low,null_dispatch,5,5,0,0,18,18,8.24,8.24,5.0,5.0,0
97,12x12,low,dispersed,18,high,baseline,10,10,0,0,18,18,13.24,13.24,10.0,10.0,0
97,12x12,low,dispersed,18,high,space_bits_only,10,10,0,0,18,18,13.24,13.24,10.0,10.0,0
97,12x12,low,dispersed,18,high,mask_only,10,10,0,0,18,18,13.24,13.24,10.0,10.0,0
97,12x12,low,dispersed,18,high,both,10,10,0,0,18,18,13.24,13.24,10.0,10.0,0
97,12x12,low,dispersed,18,high,null_dispatch,10,10,0,0,18,18,13.24,13.24,10.0,10.0,0
97,12x12,medium,clustered,4,low,baseline,2,2,0,0,18,18,5.24,5.24,2.0,2.0,0
97,12x12,medium,clustered,4,low,space_bits_only,2,2,0,0,18,18,5.24,5.24,2.0,2.0,0
97,12x12,medium,clustered,4,low,mask_only,2,2,0,0,18,4,5.24,2.72,2.0,2.0,0
97,12x12,medium,clustered,4,low,both,2,2,0,0,18,4,5.24,2.72,2.0,2.0,0
97,12x12,medium,clustered,4,low,null_dispatch,2,2,0,0,18,18,5.24,5.24,2.0,2.0,0
97,12x12,medium,clustered,4,high,baseline,2,2,0,0,18,18,5.24,5.24,2.0,2.0,0
97,12x12,medium,clustered,4,high,space_bits_only,2,2,0,0,18,18,5.24,5.24,2.0,2.0,0
97,12x12,medium,clustered,4,high,mask_only,2,2,0,0,18,4,5.24,2.72,2.0,2.0,0
97,12x12,medium,clustered,4,high,both,2,2,0,0,18,4,5.24,2.72,2.0,2.0,0
97,12x12,medium,clustered,4,high,null_dispatch,2,2,0,0,18,18,5.24,5.24,2.0,2.0,0
97,12x12,medium,clustered,8,low,baseline,4,4,0,0,18,18,7.24,7.24,4.0,4.0,0
97,12x12,medium,clustered,8,low,space_bits_only,4,4,0,0,18,18,7.24,7.24,4.0,4.0,0
97,12x12,medium,clustered,8,low,mask_only,4,4,0,0,18,8,7.24,5.44,4.0,4.0,0
97,12x12,medium,clustered,8,low,both,4,4,0,0,18,8,7.24,5.44,4.0,4.0,0
97,12x12,medium,clustered,8,low,null_dispatch,4,4,0,0,18,18,7.24,7.24,4.0,4.0,0
97,12x12,medium,clustered,8,high,baseline,5,5,0,0,18,18,8.24,8.24,5.0,5.0,0
97,12x12,medium,clustered,8,high,space_bits_only,5,5,0,0,18,18,8.24,8.24,5.0,5.0,0
97,12x12,medium,clustered,8,high,mask_only,5,5,0,0,18,8,8.24,6.44,5.0,5.0,0
97,12x12,medium,clustered,8,high,both,5,5,0,0,18,8,8.24,6.44,5.0,5.0,0
97,12x12,medium,clustered,8,high,null_dispatch,5,5,0,0,18,18,8.24,8.24,5.0,5.0,0
97,12x12,medium,clustered,12,low,baseline,6,6,0,0,18,18,9.24,9.24,6.0,6.0,0
97,12x12,medium,clustered,12,low,space_bits_only,6,6,0,0,18,18,9.24,9.24,6.0,6.0,0
97,12x12,medium,clustered,12,low,mask_only,6,6,0,0,18,12,9.24,8.16,6.0,6.0,0
97,12x12,medium,clustered,12,low,both,6,6,0,0,18,12,9.24,8.16,6.0,6.0,0
97,12x12,medium,clustered,12,low,null_dispatch,6,6,0,0,18,18,9.24,9.24,6.0,6.0,0
97,12x12,medium,clustered,12,high,baseline,5,5,0,0,18,18,8.24,8.24,5.0,5.0,0
97,12x12,medium,clustered,12,high,space_bits_only,5,5,0,0,18,18,8.24,8.24,5.0,5.0,0
97,12x12,medium,clustered,12,high,mask_only,5,5,0,0,18,12,8.24,7.16,5.0,5.0,0
97,12x12,medium,clustered,12,high,both,5,5,0,0,18,12,8.24,7.16,5.0,5.0,0
97,12x12,medium,clustered,12,high,null_dispatch,5,5,0,0,18,18,8.24,8.24,5.0,5.0,0
97,12x12,medium,clustered,18,low,baseline,5,5,0,0,18,18,8.24,8.24,5.0,5.0,0
97,12x12,medium,clustered,18,low,space_bits_only,5,5,0,0,18,18,8.24,8.24,5.0,5.0,0
97,12x12,medium,clustered,18,low,mask_only,5,5,0,0,18,18,8.24,8.24,5.0,5.0,0
97,12x12,medium,clustered,18,low,both,5,5,0,0,18,18,8.24,8.24,5.0,5.0,0
97,12x12,medium,clustered,18,low,null_dispatch,5,5,0,0,18,18,8.24,8.24,5.0,5.0,0
97,12x12,medium,clustered,18,high,baseline,4,4,0,0,18,18,7.24,7.24,4.0,4.0,0
97,12x12,medium,clustered,18,high,space_bits_only,4,4,0,0,18,18,7.24,7.24,4.0,4.0,0
97,12x12,medium,clustered,18,high,mask_only,4,4,0,0,18,18,7.24,7.24,4.0,4.0,0
97,12x12,medium,clustered,18,high,both,4,4,0,0,18,18,7.24,7.24,4.0,4.0,0
97,12x12,medium,clustered,18,high,null_dispatch,4,4,0,0,18,18,7.24,7.24,4.0,4.0,0
97,12x12,medium,dispersed,4,low,baseline,6,6,0,0,18,18,9.24,9.24,6.0,6.0,0
97,12x12,medium,dispersed,4,low,space_bits_only,6,6,0,0,18,18,9.24,9.24,6.0,6.0,0
97,12x12,medium,dispersed,4,low,mask_only,6,6,0,0,18,4,9.24,6.72,6.0,6.0,0
97,12x12,medium,dispersed,4,low,both,6,6,0,0,18,4,9.24,6.72,6.0,6.0,0
97,12x12,medium,dispersed,4,low,null_dispatch,6,6,0,0,18,18,9.24,9.24,6.0,6.0,0
97,12x12,medium,dispersed,4,high,baseline,8,8,0,0,18,18,11.24,11.24,8.0,8.0,0
97,12x12,medium,dispersed,4,high,space_bits_only,8,8,0,0,18,18,11.24,11.24,8.0,8.0,0
97,12x12,medium,dispersed,4,high,mask_only,8,8,0,0,18,4,11.24,8.72,8.0,8.0,0
97,12x12,medium,dispersed,4,high,both,8,8,0,0,18,4,11.24,8.72,8.0,8.0,0
97,12x12,medium,dispersed,4,high,null_dispatch,8,8,0,0,18,18,11.24,11.24,8.0,8.0,0
97,12x12,medium,dispersed,8,low,baseline,10,10,0,0,18,18,13.24,13.24,10.0,10.0,0
97,12x12,medium,dispersed,8,low,space_bits_only,10,10,0,0,18,18,13.24,13.24,10.0,10.0,0
97,12x12,medium,dispersed,8,low,mask_only,10,10,0,0,18,8,13.24,11.44,10.0,10.0,0
97,12x12,medium,dispersed,8,low,both,10,10,0,0,18,8,13.24,11.44,10.0,10.0,0
97,12x12,medium,dispersed,8,low,null_dispatch,10,10,0,0,18,18,13.24,13.24,10.0,10.0,0
97,12x12,medium,dispersed,8,high,baseline,3,3,0,0,18,18,6.24,6.24,3.0,3.0,0
97,12x12,medium,dispersed,8,high,space_bits_only,3,3,0,0,18,18,6.24,6.24,3.0,3.0,0
97,12x12,medium,dispersed,8,high,mask_only,3,3,0,0,18,8,6.24,4.44,3.0,3.0,0
97,12x12,medium,dispersed,8,high,both,3,3,0,0,18,8,6.24,4.44,3.0,3.0,0
97,12x12,medium,dispersed,8,high,null_dispatch,3,3,0,0,18,18,6.24,6.24,3.0,3.0,0
97,12x12,medium,dispersed,12,low,baseline,8,8,0,0,18,18,11.24,11.24,8.0,8.0,0
97,12x12,medium,dispersed,12,low,space_bits_only,8,8,0,0,18,18,11.24,11.24,8.0,8.0,0
97,12x12,medium,dispersed,12,low,mask_only,8,8,0,0,18,12,11.24,10.16,8.0,8.0,0
97,12x12,medium,dispersed,12,low,both,8,8,0,0,18,12,11.24,10.16,8.0,8.0,0
97,12x12,medium,dispersed,12,low,null_dispatch,8,8,0,0,18,18,11.24,11.24,8.0,8.0,0
97,12x12,medium,dispersed,12,high,baseline,5,5,0,0,18,18,8.24,8.24,5.0,5.0,0
97,12x12,medium,dispersed,12,high,space_bits_only,5,5,0,0,18,18,8.24,8.24,5.0,5.0,0
97,12x12,medium,dispersed,12,high,mask_only,5,5,0,0,18,12,8.24,7.16,5.0,5.0,0
97,12x12,medium,dispersed,12,high,both,5,5,0,0,18,12,8.24,7.16,5.0,5.0,0
97,12x12,medium,dispersed,12,high,null_dispatch,5,5,0,0,18,18,8.24,8.24,5.0,5.0,0
97,12x12,medium,dispersed,18,low,baseline,6,6,1,1,18,18,10.14,10.14,7.75,7.75,0
97,12x12,medium,dispersed,18,low,space_bits_only,6,6,1,0,18,18,10.14,9.24,7.75,6.0,1
97,12x12,medium,dispersed,18,low,mask_only,6,6,1,1,18,18,10.14,10.14,7.75,7.75,0
97,12x12,medium,dispersed,18,low,both,6,6,1,0,18,18,10.14,9.24,7.75,6.0,1
97,12x12,medium,dispersed,18,low,null_dispatch,6,6,1,1,18,18,10.14,10.14,7.75,7.75,0
97,12x12,medium,dispersed,18,high,baseline,7,7,0,0,18,18,10.24,10.24,7.0,7.0,0
97,12x12,medium,dispersed,18,high,space_bits_only,7,7,0,0,18,18,10.24,10.24,7.0,7.0,0
97,12x12,medium,dispersed,18,high,mask_only,7,7,0,0,18,18,10.24,10.24,7.0,7.0,0
97,12x12,medium,dispersed,18,high,both,7,7,0,0,18,18,10.24,10.24,7.0,7.0,0
97,12x12,medium,dispersed,18,high,null_dispatch,7,7,0,0,18,18,10.24,10.24,7.0,7.0,0
97,12x12,high,clustered,4,low,baseline,5,5,0,0,18,18,8.24,8.24,5.0,5.0,0
97,12x12,high,clustered,4,low,space_bits_only,5,5,0,0,18,18,8.24,8.24,5.0,5.0,0
97,12x12,high,clustered,4,low,mask_only,5,5,0,0,18,4,8.24,5.72,5.0,5.0,0
97,12x12,high,clustered,4,low,both,5,5,0,0,18,4,8.24,5.72,5.0,5.0,0
97,12x12,high,clustered,4,low,null_dispatch,5,5,0,0,18,18,8.24,8.24,5.0,5.0,0
97,12x12,high,clustered,4,high,baseline,4,4,0,0,18,18,7.24,7.24,4.0,4.0,0
97,12x12,high,clustered,4,high,space_bits_only,4,4,0,0,18,18,7.24,7.24,4.0,4.0,0
97,12x12,high,clustered,4,high,mask_only,4,4,0,0,18,4,7.24,4.72,4.0,4.0,0
97,12x12,high,clustered,4,high,both,4,4,0,0,18,4,7.24,4.72,4.0,4.0,0
97,12x12,high,clustered,4,high,null_dispatch,4,4,0,0,18,18,7.24,7.24,4.0,4.0,0
97,12x12,high,clustered,8,low,baseline,2,2,0,0,18,18,5.24,5.24,2.0,2.0,0
97,12x12,high,clustered,8,low,space_bits_only,2,2,0,0,18,18,5.24,5.24,2.0,2.0,0
97,12x12,high,clustered,8,low,mask_only,2,2,0,0,18,8,5.24,3.44,2.0,2.0,0
97,12x12,high,clustered,8,low,both,2,2,0,0,18,8,5.24,3.44,2.0,2.0,0
97,12x12,high,clustered,8,low,null_dispatch,2,2,0,0,18,18,5.24,5.24,2.0,2.0,0
97,12x12,high,clustered,8,high,baseline,4,4,0,0,18,18,7.24,7.24,4.0,4.0,0
97,12x12,high,clustered,8,high,space_bits_only,4,4,0,0,18,18,7.24,7.24,4.0,4.0,0
97,12x12,high,clustered,8,high,mask_only,4,4,0,0,18,8,7.24,5.44,4.0,4.0,0
97,12x12,high,clustered,8,high,both,4,4,0,0,18,8,7.24,5.44,4.0,4.0,0
97,12x12,high,clustered,8,high,null_dispatch,4,4,0,0,18,18,7.24,7.24,4.0,4.0,0
97,12x12,high,clustered,12,low,baseline,3,3,1,1,18,18,7.14,7.14,4.75,4.75,0
97,12x12,high,clustered,12,low,space_bits_only,3,3,1,1,18,18,7.14,7.14,4.75,4.75,0
97,12x12,high,clustered,12,low,mask_only,3,3,1,1,18,12,7.14,6.06,4.75,4.75,0
97,12x12,high,clustered,12,low,both,3,3,1,1,18,12,7.14,6.06,4.75,4.75,0
97,12x12,high,clustered,12,low,null_dispatch,3,3,1,1,18,18,7.14,7.14,4.75,4.75,0
97,12x12,high,clustered,12,high,baseline,2,2,0,0,18,18,5.24,5.24,2.0,2.0,0
97,12x12,high,clustered,12,high,space_bits_only,2,2,0,0,18,18,5.24,5.24,2.0,2.0,0
97,12x12,high,clustered,12,high,mask_only,2,2,0,0,18,12,5.24,4.16,2.0,2.0,0
97,12x12,high,clustered,12,high,both,2,2,0,0,18,12,5.24,4.16,2.0,2.0,0
97,12x12,high,clustered,12,high,null_dispatch,2,2,0,0,18,18,5.24,5.24,2.0,2.0,0
97,12x12,high,clustered,18,low,baseline,3,3,0,0,18,18,6.24,6.24,3.0,3.0,0
97,12x12,high,clustered,18,low,space_bits_only,3,3,0,0,18,18,6.24,6.24,3.0,3.0,0
97,12x12,high,clustered,18,low,mask_only,3,3,0,0,18,18,6.24,6.24,3.0,3.0,0
97,12x12,high,clustered,18,low,both,3,3,0,0,18,18,6.24,6.24,3.0,3.0,0
97,12x12,high,clustered,18,low,null_dispatch,3,3,0,0,18,18,6.24,6.24,3.0,3.0,0
97,12x12,high,clustered,18,high,baseline,3,3,1,1,18,18,7.14,7.14,4.75,4.75,0
97,12x12,high,clustered,18,high,space_bits_only,3,3,1,0,18,18,7.14,6.24,4.75,3.0,1
97,12x12,high,clustered,18,high,mask_only,3,3,1,1,18,18,7.14,7.14,4.75,4.75,0
97,12x12,high,clustered,18,high,both,3,3,1,0,18,18,7.14,6.24,4.75,3.0,1
97,12x12,high,clustered,18,high,null_dispatch,3,3,1,1,18,18,7.14,7.14,4.75,4.75,0
97,12x12,high,dispersed,4,low,baseline,8,8,0,0,18,18,11.24,11.24,8.0,8.0,0
97,12x12,high,dispersed,4,low,space_bits_only,8,8,0,0,18,18,11.24,11.24,8.0,8.0,0
97,12x12,high,dispersed,4,low,mask_only,8,8,0,0,18,4,11.24,8.72,8.0,8.0,0
97,12x12,high,dispersed,4,low,both,8,8,0,0,18,4,11.24,8.72,8.0,8.0,0
97,12x12,high,dispersed,4,low,null_dispatch,8,8,0,0,18,18,11.24,11.24,8.0,8.0,0
97,12x12,high,dispersed,4,high,baseline,7,7,0,0,18,18,10.24,10.24,7.0,7.0,0
97,12x12,high,dispersed,4,high,space_bits_only,7,7,0,0,18,18,10.24,10.24,7.0,7.0,0
97,12x12,high,dispersed,4,high,mask_only,7,7,0,0,18,4,10.24,7.72,7.0,7.0,0
97,12x12,high,dispersed,4,high,both,7,7,0,0,18,4,10.24,7.72,7.0,7.0,0
97,12x12,high,dispersed,4,high,null_dispatch,7,7,0,0,18,18,10.24,10.24,7.0,7.0,0
97,12x12,high,dispersed,8,low,baseline,7,7,1,1,18,18,11.14,11.14,8.75,8.75,0
97,12x12,high,dispersed,8,low,space_bits_only,7,7,1,1,18,18,11.14,11.14,8.75,8.75,0
97,12x12,high,dispersed,8,low,mask_only,7,7,1,1,18,8,11.14,9.34,8.75,8.75,0
97,12x12,high,dispersed,8,low,both,7,7,1,1,18,8,11.14,9.34,8.75,8.75,0
97,12x12,high,dispersed,8,low,null_dispatch,7,7,1,1,18,18,11.14,11.14,8.75,8.75,0
97,12x12,high,dispersed,8,high,baseline,12,12,0,0,18,18,15.24,15.24,12.0,12.0,0
97,12x12,high,dispersed,8,high,space_bits_only,12,12,0,0,18,18,15.24,15.24,12.0,12.0,0
97,12x12,high,dispersed,8,high,mask_only,12,12,0,0,18,8,15.24,13.44,12.0,12.0,0
97,12x12,high,dispersed,8,high,both,12,12,0,0,18,8,15.24,13.44,12.0,12.0,0
97,12x12,high,dispersed,8,high,null_dispatch,12,12,0,0,18,18,15.24,15.24,12.0,12.0,0
97,12x12,high,dispersed,12,low,baseline,7,7,0,0,18,18,10.24,10.24,7.0,7.0,0
97,12x12,high,dispersed,12,low,space_bits_only,7,7,0,0,18,18,10.24,10.24,7.0,7.0,0
97,12x12,high,dispersed,12,low,mask_only,7,7,0,0,18,12,10.24,9.16,7.0,7.0,0
97,12x12,high,dispersed,12,low,both,7,7,0,0,18,12,10.24,9.16,7.0,7.0,0
97,12x12,high,dispersed,12,low,null_dispatch,7,7,0,0,18,18,10.24,10.24,7.0,7.0,0
97,12x12,high,dispersed,12,high,baseline,7,7,1,1,18,18,11.14,11.14,8.75,8.75,0
97,12x12,high,dispersed,12,high,space_bits_only,7,7,1,0,18,18,11.14,10.24,8.75,7.0,1
97,12x12,high,dispersed,12,high,mask_only,7,7,1,1,18,12,11.14,10.06,8.75,8.75,0
97,12x12,high,dispersed,12,high,both,7,7,1,0,18,12,11.14,9.16,8.75,7.0,1
97,12x12,high,dispersed,12,high,null_dispatch,7,7,1,1,18,18,11.14,11.14,8.75,8.75,0
97,12x12,high,dispersed,18,low,baseline,9,9,0,0,18,18,12.24,12.24,9.0,9.0,0
97,12x12,high,dispersed,18,low,space_bits_only,9,9,0,0,18,18,12.24,12.24,9.0,9.0,0
97,12x12,high,dispersed,18,low,mask_only,9,9,0,0,18,18,12.24,12.24,9.0,9.0,0
97,12x12,high,dispersed,18,low,both,9,9,0,0,18,18,12.24,12.24,9.0,9.0,0
97,12x12,high,dispersed,18,low,null_dispatch,9,9,0,0,18,18,12.24,12.24,9.0,9.0,0
97,12x12,high,dispersed,18,high,baseline,3,3,0,0,18,18,6.24,6.24,3.0,3.0,0
97,12x12,high,dispersed,18,high,space_bits_only,3,3,0,0,18,18,6.24,6.24,3.0,3.0,0
97,12x12,high,dispersed,18,high,mask_only,3,3,0,0,18,18,6.24,6.24,3.0,3.0,0
97,12x12,high,dispersed,18,high,both,3,3,0,0,18,18,6.24,6.24,3.0,3.0,0
97,12x12,high,dispersed,18,high,null_dispatch,3,3,0,0,18,18,6.24,6.24,3.0,3.0,0
101,12x12,low,clustered,4,low,baseline,4,4,0,0,18,18,7.24,7.24,4.0,4.0,0
101,12x12,low,clustered,4,low,space_bits_only,4,4,0,0,18,18,7.24,7.24,4.0,4.0,0
101,12x12,low,clustered,4,low,mask_only,4,4,0,0,18,4,7.24,4.72,4.0,4.0,0
101,12x12,low,clustered,4,low,both,4,4,0,0,18,4,7.24,4.72,4.0,4.0,0
101,12x12,low,clustered,4,low,null_dispatch,4,4,0,0,18,18,7.24,7.24,4.0,4.0,0
101,12x12,low,clustered,4,high,baseline,4,4,0,0,18,18,7.24,7.24,4.0,4.0,0
101,12x12,low,clustered,4,high,space_bits_only,4,4,0,0,18,18,7.24,7.24,4.0,4.0,0
101,12x12,low,clustered,4,high,mask_only,4,4,0,0,18,4,7.24,4.72,4.0,4.0,0
101,12x12,low,clustered,4,high,both,4,4,0,0,18,4,7.24,4.72,4.0,4.0,0
101,12x12,low,clustered,4,high,null_dispatch,4,4,0,0,18,18,7.24,7.24,4.0,4.0,0
101,12x12,low,clustered,8,low,baseline,4,4,0,0,18,18,7.24,7.24,4.0,4.0,0
101,12x12,low,clustered,8,low,space_bits_only,4,4,0,0,18,18,7.24,7.24,4.0,4.0,0
101,12x12,low,clustered,8,low,mask_only,4,4,0,0,18,8,7.24,5.44,4.0,4.0,0
101,12x12,low,clustered,8,low,both,4,4,0,0,18,8,7.24,5.44,4.0,4.0,0
101,12x12,low,clustered,8,low,null_dispatch,4,4,0,0,18,18,7.24,7.24,4.0,4.0,0
101,12x12,low,clustered,8,high,baseline,4,4,0,0,18,18,7.24,7.24,4.0,4.0,0
101,12x12,low,clustered,8,high,space_bits_only,4,4,0,0,18,18,7.24,7.24,4.0,4.0,0
101,12x12,low,clustered,8,high,mask_only,4,4,0,0,18,8,7.24,5.44,4.0,4.0,0
101,12x12,low,clustered,8,high,both,4,4,0,0,18,8,7.24,5.44,4.0,4.0,0
101,12x12,low,clustered,8,high,null_dispatch,4,4,0,0,18,18,7.24,7.24,4.0,4.0,0
101,12x12,low,clustered,12,low,baseline,4,4,0,0,18,18,7.24,7.24,4.0,4.0,0
101,12x12,low,clustered,12,low,space_bits_only,4,4,0,0,18,18,7.24,7.24,4.0,4.0,0
101,12x12,low,clustered,12,low,mask_only,4,4,0,0,18,12,7.24,6.16,4.0,4.0,0
101,12x12,low,clustered,12,low,both,4,4,0,0,18,12,7.24,6.16,4.0,4.0,0
101,12x12,low,clustered,12,low,null_dispatch,4,4,0,0,18,18,7.24,7.24,4.0,4.0,0
101,12x12,low,clustered,12,high,baseline,5,5,0,0,18,18,8.24,8.24,5.0,5.0,0
101,12x12,low,clustered,12,high,space_bits_only,5,5,0,0,18,18,8.24,8.24,5.0,5.0,0
101,12x12,low,clustered,12,high,mask_only,5,5,0,0,18,12,8.24,7.16,5.0,5.0,0
101,12x12,low,clustered,12,high,both,5,5,0,0,18,12,8.24,7.16,5.0,5.0,0
101,12x12,low,clustered,12,high,null_dispatch,5,5,0,0,18,18,8.24,8.24,5.0,5.0,0
101,12x12,low,clustered,18,low,baseline,6,6,0,0,18,18,9.24,9.24,6.0,6.0,0
101,12x12,low,clustered,18,low,space_bits_only,6,6,0,0,18,18,9.24,9.24,6.0,6.0,0
101,12x12,low,clustered,18,low,mask_only,6,6,0,0,18,18,9.24,9.24,6.0,6.0,0
101,12x12,low,clustered,18,low,both,6,6,0,0,18,18,9.24,9.24,6.0,6.0,0
101,12x12,low,clustered,18,low,null_dispatch,6,6,0,0,18,18,9.24,9.24,6.0,6.0,0
101,12x12,low,clustered,18,high,baseline,2,2,0,0,18,18,5.24,5.24,2.0,2.0,0
101,12x12,low,clustered,18,high,space_bits_only,2,2,0,0,18,18,5.24,5.24,2.0,2.0,0
101,12x12,low,clustered,18,high,mask_only,2,2,0,0,18,18,5.24,5.24,2.0,2.0,0
101,12x12,low,clustered,18,high,both,2,2,0,0,18,18,5.24,5.24,2.0,2.0,0
101,12x12,low,clustered,18,high,null_dispatch,2,2,0,0,18,18,5.24,5.24,2.0,2.0,0
101,12x12,low,dispersed,4,low,baseline,4,4,0,0,18,18,7.24,7.24,4.0,4.0,0
101,12x12,low,dispersed,4,low,space_bits_only,4,4,0,0,18,18,7.24,7.24,4.0,4.0,0
101,12x12,low,dispersed,4,low,mask_only,4,4,0,0,18,4,7.24,4.72,4.0,4.0,0
101,12x12,low,dispersed,4,low,both,4,4,0,0,18,4,7.24,4.72,4.0,4.0,0
101,12x12,low,dispersed,4,low,null_dispatch,4,4,0,0,18,18,7.24,7.24,4.0,4.0,0
101,12x12,low,dispersed,4,high,baseline,3,3,0,0,18,18,6.24,6.24,3.0,3.0,0
101,12x12,low,dispersed,4,high,space_bits_only,3,3,0,0,18,18,6.24,6.24,3.0,3.0,0
101,12x12,low,dispersed,4,high,mask_only,3,3,0,0,18,4,6.24,3.72,3.0,3.0,0
101,12x12,low,dispersed,4,high,both,3,3,0,0,18,4,6.24,3.72,3.0,3.0,0
101,12x12,low,dispersed,4,high,null_dispatch,3,3,0,0,18,18,6.24,6.24,3.0,3.0,0
101,12x12,low,dispersed,8,low,baseline,5,5,0,0,18,18,8.24,8.24,5.0,5.0,0
101,12x12,low,dispersed,8,low,space_bits_only,5,5,0,0,18,18,8.24,8.24,5.0,5.0,0
101,12x12,low,dispersed,8,low,mask_only,5,5,0,0,18,8,8.24,6.44,5.0,5.0,0
101,12x12,low,dispersed,8,low,both,5,5,0,0,18,8,8.24,6.44,5.0,5.0,0
101,12x12,low,dispersed,8,low,null_dispatch,5,5,0,0,18,18,8.24,8.24,5.0,5.0,0
101,12x12,low,dispersed,8,high,baseline,8,8,0,0,18,18,11.24,11.24,8.0,8.0,0
101,12x12,low,dispersed,8,high,space_bits_only,8,8,0,0,18,18,11.24,11.24,8.0,8.0,0
101,12x12,low,dispersed,8,high,mask_only,8,8,0,0,18,8,11.24,9.44,8.0,8.0,0
101,12x12,low,dispersed,8,high,both,8,8,0,0,18,8,11.24,9.44,8.0,8.0,0
101,12x12,low,dispersed,8,high,null_dispatch,8,8,0,0,18,18,11.24,11.24,8.0,8.0,0
101,12x12,low,dispersed,12,low,baseline,4,4,0,0,18,18,7.24,7.24,4.0,4.0,0
101,12x12,low,dispersed,12,low,space_bits_only,4,4,0,0,18,18,7.24,7.24,4.0,4.0,0
101,12x12,low,dispersed,12,low,mask_only,4,4,0,0,18,12,7.24,6.16,4.0,4.0,0
101,12x12,low,dispersed,12,low,both,4,4,0,0,18,12,7.24,6.16,4.0,4.0,0
101,12x12,low,dispersed,12,low,null_dispatch,4,4,0,0,18,18,7.24,7.24,4.0,4.0,0
101,12x12,low,dispersed,12,high,baseline,7,7,0,0,18,18,10.24,10.24,7.0,7.0,0
101,12x12,low,dispersed,12,high,space_bits_only,7,7,0,0,18,18,10.24,10.24,7.0,7.0,0
101,12x12,low,dispersed,12,high,mask_only,7,7,0,0,18,12,10.24,9.16,7.0,7.0,0
101,12x12,low,dispersed,12,high,both,7,7,0,0,18,12,10.24,9.16,7.0,7.0,0
101,12x12,low,dispersed,12,high,null_dispatch,7,7,0,0,18,18,10.24,10.24,7.0,7.0,0
101,12x12,low,dispersed,18,low,baseline,9,9,0,0,18,18,12.24,12.24,9.0,9.0,0
101,12x12,low,dispersed,18,low,space_bits_only,9,9,0,0,18,18,12.24,12.24,9.0,9.0,0
101,12x12,low,dispersed,18,low,mask_only,9,9,0,0,18,18,12.24,12.24,9.0,9.0,0
101,12x12,low,dispersed,18,low,both,9,9,0,0,18,18,12.24,12.24,9.0,9.0,0
101,12x12,low,dispersed,18,low,null_dispatch,9,9,0,0,18,18,12.24,12.24,9.0,9.0,0
101,12x12,low,dispersed,18,high,baseline,11,11,0,0,18,18,14.24,14.24,11.0,11.0,0
101,12x12,low,dispersed,18,high,space_bits_only,11,11,0,0,18,18,14.24,14.24,11.0,11.0,0
101,12x12,low,dispersed,18,high,mask_only,11,11,0,0,18,18,14.24,14.24,11.0,11.0,0
101,12x12,low,dispersed,18,high,both,11,11,0,0,18,18,14.24,14.24,11.0,11.0,0
101,12x12,low,dispersed,18,high,null_dispatch,11,11,0,0,18,18,14.24,14.24,11.0,11.0,0
101,12x12,medium,clustered,4,low,baseline,4,4,0,0,18,18,7.24,7.24,4.0,4.0,0
101,12x12,medium,clustered,4,low,space_bits_only,4,4,0,0,18,18,7.24,7.24,4.0,4.0,0
101,12x12,medium,clustered,4,low,mask_only,4,4,0,0,18,4,7.24,4.72,4.0,4.0,0
101,12x12,medium,clustered,4,low,both,4,4,0,0,18,4,7.24,4.72,4.0,4.0,0
101,12x12,medium,clustered,4,low,null_dispatch,4,4,0,0,18,18,7.24,7.24,4.0,4.0,0
101,12x12,medium,clustered,4,high,baseline,3,3,0,0,18,18,6.24,6.24,3.0,3.0,0
101,12x12,medium,clustered,4,high,space_bits_only,3,3,0,0,18,18,6.24,6.24,3.0,3.0,0
101,12x12,medium,clustered,4,high,mask_only,3,3,0,0,18,4,6.24,3.72,3.0,3.0,0
101,12x12,medium,clustered,4,high,both,3,3,0,0,18,4,6.24,3.72,3.0,3.0,0
101,12x12,medium,clustered,4,high,null_dispatch,3,3,0,0,18,18,6.24,6.24,3.0,3.0,0
101,12x12,medium,clustered,8,low,baseline,6,6,0,0,18,18,9.24,9.24,6.0,6.0,0
101,12x12,medium,clustered,8,low,space_bits_only,6,6,0,0,18,18,9.24,9.24,6.0,6.0,0
101,12x12,medium,clustered,8,low,mask_only,6,6,0,0,18,8,9.24,7.44,6.0,6.0,0
101,12x12,medium,clustered,8,low,both,6,6,0,0,18,8,9.24,7.44,6.0,6.0,0
101,12x12,medium,clustered,8,low,null_dispatch,6,6,0,0,18,18,9.24,9.24,6.0,6.0,0
101,12x12,medium,clustered,8,high,baseline,5,5,0,0,18,18,8.24,8.24,5.0,5.0,0
101,12x12,medium,clustered,8,high,space_bits_only,5,5,0,0,18,18,8.24,8.24,5.0,5.0,0
101,12x12,medium,clustered,8,high,mask_only,5,5,0,0,18,8,8.24,6.44,5.0,5.0,0
101,12x12,medium,clustered,8,high,both,5,5,0,0,18,8,8.24,6.44,5.0,5.0,0
101,12x12,medium,clustered,8,high,null_dispatch,5,5,0,0,18,18,8.24,8.24,5.0,5.0,0
101,12x12,medium,clustered,12,low,baseline,4,4,0,0,18,18,7.24,7.24,4.0,4.0,0
101,12x12,medium,clustered,12,low,space_bits_only,4,4,0,0,18,18,7.24,7.24,4.0,4.0,0
101,12x12,medium,clustered,12,low,mask_only,4,4,0,0,18,12,7.24,6.16,4.0,4.0,0
101,12x12,medium,clustered,12,low,both,4,4,0,0,18,12,7.24,6.16,4.0,4.0,0
101,12x12,medium,clustered,12,low,null_dispatch,4,4,0,0,18,18,7.24,7.24,4.0,4.0,0
101,12x12,medium,clustered,12,high,baseline,2,2,0,0,18,18,5.24,5.24,2.0,2.0,0
101,12x12,medium,clustered,12,high,space_bits_only,2,2,0,0,18,18,5.24,5.24,2.0,2.0,0
101,12x12,medium,clustered,12,high,mask_only,2,2,0,0,18,12,5.24,4.16,2.0,2.0,0
101,12x12,medium,clustered,12,high,both,2,2,0,0,18,12,5.24,4.16,2.0,2.0,0
101,12x12,medium,clustered,12,high,null_dispatch,2,2,0,0,18,18,5.24,5.24,2.0,2.0,0
101,12x12,medium,clustered,18,low,baseline,2,2,0,0,18,18,5.24,5.24,2.0,2.0,0
101,12x12,medium,clustered,18,low,space_bits_only,2,2,0,0,18,18,5.24,5.24,2.0,2.0,0
101,12x12,medium,clustered,18,low,mask_only,2,2,0,0,18,18,5.24,5.24,2.0,2.0,0
101,12x12,medium,clustered,18,low,both,2,2,0,0,18,18,5.24,5.24,2.0,2.0,0
101,12x12,medium,clustered,18,low,null_dispatch,2,2,0,0,18,18,5.24,5.24,2.0,2.0,0
101,12x12,medium,clustered,18,high,baseline,2,2,0,0,18,18,5.24,5.24,2.0,2.0,0
101,12x12,medium,clustered,18,high,space_bits_only,2,2,0,0,18,18,5.24,5.24,2.0,2.0,0
101,12x12,medium,clustered,18,high,mask_only,2,2,0,0,18,18,5.24,5.24,2.0,2.0,0
101,12x12,medium,clustered,18,high,both,2,2,0,0,18,18,5.24,5.24,2.0,2.0,0
101,12x12,medium,clustered,18,high,null_dispatch,2,2,0,0,18,18,5.24,5.24,2.0,2.0,0
101,12x12,medium,dispersed,4,low,baseline,6,6,0,0,18,18,9.24,9.24,6.0,6.0,0
101,12x12,medium,dispersed,4,low,space_bits_only,6,6,0,0,18,18,9.24,9.24,6.0,6.0,0
101,12x12,medium,dispersed,4,low,mask_only,6,6,0,0,18,4,9.24,6.72,6.0,6.0,0
101,12x12,medium,dispersed,4,low,both,6,6,0,0,18,4,9.24,6.72,6.0,6.0,0
101,12x12,medium,dispersed,4,low,null_dispatch,6,6,0,0,18,18,9.24,9.24,6.0,6.0,0
101,12x12,medium,dispersed,4,high,baseline,9,9,1,1,18,18,13.14,13.14,10.75,10.75,0
101,12x12,medium,dispersed,4,high,space_bits_only,9,9,1,0,18,18,13.14,12.24,10.75,9.0,1
101,12x12,medium,dispersed,4,high,mask_only,9,9,1,1,18,4,13.14,10.62,10.75,10.75,0
101,12x12,medium,dispersed,4,high,both,9,9,1,0,18,4,13.14,9.72,10.75,9.0,1
101,12x12,medium,dispersed,4,high,null_dispatch,9,9,1,1,18,18,13.14,13.14,10.75,10.75,0
101,12x12,medium,dispersed,8,low,baseline,11,11,0,0,18,18,14.24,14.24,11.0,11.0,0
101,12x12,medium,dispersed,8,low,space_bits_only,11,11,0,0,18,18,14.24,14.24,11.0,11.0,0
101,12x12,medium,dispersed,8,low,mask_only,11,11,0,0,18,8,14.24,12.44,11.0,11.0,0
101,12x12,medium,dispersed,8,low,both,11,11,0,0,18,8,14.24,12.44,11.0,11.0,0
101,12x12,medium,dispersed,8,low,null_dispatch,11,11,0,0,18,18,14.24,14.24,11.0,11.0,0
101,12x12,medium,dispersed,8,high,baseline,12,12,0,0,18,18,15.24,15.24,12.0,12.0,0
101,12x12,medium,dispersed,8,high,space_bits_only,12,12,0,0,18,18,15.24,15.24,12.0,12.0,0
101,12x12,medium,dispersed,8,high,mask_only,12,12,0,0,18,8,15.24,13.44,12.0,12.0,0
101,12x12,medium,dispersed,8,high,both,12,12,0,0,18,8,15.24,13.44,12.0,12.0,0
101,12x12,medium,dispersed,8,high,null_dispatch,12,12,0,0,18,18,15.24,15.24,12.0,12.0,0
101,12x12,medium,dispersed,12,low,baseline,5,5,0,0,18,18,8.24,8.24,5.0,5.0,0
101,12x12,medium,dispersed,12,low,space_bits_only,5,5,0,0,18,18,8.24,8.24,5.0,5.0,0
101,12x12,medium,dispersed,12,low,mask_only,5,5,0,0,18,12,8.24,7.16,5.0,5.0,0
101,12x12,medium,dispersed,12,low,both,5,5,0,0,18,12,8.24,7.16,5.0,5.0,0
101,12x12,medium,dispersed,12,low,null_dispatch,5,5,0,0,18,18,8.24,8.24,5.0,5.0,0
101,12x12,medium,dispersed,12,high,baseline,4,4,0,0,18,18,7.24,7.24,4.0,4.0,0
101,12x12,medium,dispersed,12,high,space_bits_only,4,4,0,0,18,18,7.24,7.24,4.0,4.0,0
101,12x12,medium,dispersed,12,high,mask_only,4,4,0,0,18,12,7.24,6.16,4.0,4.0,0
101,12x12,medium,dispersed,12,high,both,4,4,0,0,18,12,7.24,6.16,4.0,4.0,0
101,12x12,medium,dispersed,12,high,null_dispatch,4,4,0,0,18,18,7.24,7.24,4.0,4.0,0
101,12x12,medium,dispersed,18,low,baseline,8,8,0,0,18,18,11.24,11.24,8.0,8.0,0
101,12x12,medium,dispersed,18,low,space_bits_only,8,8,0,0,18,18,11.24,11.24,8.0,8.0,0
101,12x12,medium,dispersed,18,low,mask_only,8,8,0,0,18,18,11.24,11.24,8.0,8.0,0
101,12x12,medium,dispersed,18,low,both,8,8,0,0,18,18,11.24,11.24,8.0,8.0,0
101,12x12,medium,dispersed,18,low,null_dispatch,8,8,0,0,18,18,11.24,11.24,8.0,8.0,0
101,12x12,medium,dispersed,18,high,baseline,5,5,2,2,18,18,10.04,10.04,8.5,8.5,0
101,12x12,medium,dispersed,18,high,space_bits_only,5,5,2,0,18,18,10.04,8.24,8.5,5.0,1
101,12x12,medium,dispersed,18,high,mask_only,5,5,2,2,18,18,10.04,10.04,8.5,8.5,0
101,12x12,medium,dispersed,18,high,both,5,5,2,0,18,18,10.04,8.24,8.5,5.0,1
101,12x12,medium,dispersed,18,high,null_dispatch,5,5,2,2,18,18,10.04,10.04,8.5,8.5,0
101,12x12,high,clustered,4,low,baseline,3,3,0,0,18,18,6.24,6.24,3.0,3.0,0
101,12x12,high,clustered,4,low,space_bits_only,3,3,0,0,18,18,6.24,6.24,3.0,3.0,0
101,12x12,high,clustered,4,low,mask_only,3,3,0,0,18,4,6.24,3.72,3.0,3.0,0
101,12x12,high,clustered,4,low,both,3,3,0,0,18,4,6.24,3.72,3.0,3.0,0
101,12x12,high,clustered,4,low,null_dispatch,3,3,0,0,18,18,6.24,6.24,3.0,3.0,0
101,12x12,high,clustered,4,high,baseline,4,4,0,0,18,18,7.24,7.24,4.0,4.0,0
101,12x12,high,clustered,4,high,space_bits_only,4,4,0,0,18,18,7.24,7.24,4.0,4.0,0
101,12x12,high,clustered,4,high,mask_only,4,4,0,0,18,4,7.24,4.72,4.0,4.0,0
101,12x12,high,clustered,4,high,both,4,4,0,0,18,4,7.24,4.72,4.0,4.0,0
101,12x12,high,clustered,4,high,null_dispatch,4,4,0,0,18,18,7.24,7.24,4.0,4.0,0
101,12x12,high,clustered,8,low,baseline,2,2,0,0,18,18,5.24,5.24,2.0,2.0,0
101,12x12,high,clustered,8,low,space_bits_only,2,2,0,0,18,18,5.24,5.24,2.0,2.0,0
101,12x12,high,clustered,8,low,mask_only,2,2,0,0,18,8,5.24,3.44,2.0,2.0,0
101,12x12,high,clustered,8,low,both,2,2,0,0,18,8,5.24,3.44,2.0,2.0,0
101,12x12,high,clustered,8,low,null_dispatch,2,2,0,0,18,18,5.24,5.24,2.0,2.0,0
101,12x12,high,clustered,8,high,baseline,4,4,0,0,18,18,7.24,7.24,4.0,4.0,0
101,12x12,high,clustered,8,high,space_bits_only,4,4,0,0,18,18,7.24,7.24,4.0,4.0,0
101,12x12,high,clustered,8,high,mask_only,4,4,0,0,18,8,7.24,5.44,4.0,4.0,0
101,12x12,high,clustered,8,high,both,4,4,0,0,18,8,7.24,5.44,4.0,4.0,0
101,12x12,high,clustered,8,high,null_dispatch,4,4,0,0,18,18,7.24,7.24,4.0,4.0,0
101,12x12,high,clustered,12,low,baseline,3,3,0,0,18,18,6.24,6.24,3.0,3.0,0
101,12x12,high,clustered,12,low,space_bits_only,3,3,0,0,18,18,6.24,6.24,3.0,3.0,0
101,12x12,high,clustered,12,low,mask_only,3,3,0,0,18,12,6.24,5.16,3.0,3.0,0
101,12x12,high,clustered,12,low,both,3,3,0,0,18,12,6.24,5.16,3.0,3.0,0
101,12x12,high,clustered,12,low,null_dispatch,3,3,0,0,18,18,6.24,6.24,3.0,3.0,0
101,12x12,high,clustered,12,high,baseline,4,4,0,0,18,18,7.24,7.24,4.0,4.0,0
101,12x12,high,clustered,12,high,space_bits_only,4,4,0,0,18,18,7.24,7.24,4.0,4.0,0
101,12x12,high,clustered,12,high,mask_only,4,4,0,0,18,12,7.24,6.16,4.0,4.0,0
101,12x12,high,clustered,12,high,both,4,4,0,0,18,12,7.24,6.16,4.0,4.0,0
101,12x12,high,clustered,12,high,null_dispatch,4,4,0,0,18,18,7.24,7.24,4.0,4.0,0
101,12x12,high,clustered,18,low,baseline,3,3,0,0,18,18,6.24,6.24,3.0,3.0,0
101,12x12,high,clustered,18,low,space_bits_only,3,3,0,0,18,18,6.24,6.24,3.0,3.0,0
101,12x12,high,clustered,18,low,mask_only,3,3,0,0,18,18,6.24,6.24,3.0,3.0,0
101,12x12,high,clustered,18,low,both,3,3,0,0,18,18,6.24,6.24,3.0,3.0,0
101,12x12,high,clustered,18,low,null_dispatch,3,3,0,0,18,18,6.24,6.24,3.0,3.0,0
101,12x12,high,clustered,18,high,baseline,6,6,1,1,18,18,10.14,10.14,7.75,7.75,0
101,12x12,high,clustered,18,high,space_bits_only,6,6,1,0,18,18,10.14,9.24,7.75,6.0,1
101,12x12,high,clustered,18,high,mask_only,6,6,1,1,18,18,10.14,10.14,7.75,7.75,0
101,12x12,high,clustered,18,high,both,6,6,1,0,18,18,10.14,9.24,7.75,6.0,1
101,12x12,high,clustered,18,high,null_dispatch,6,6,1,1,18,18,10.14,10.14,7.75,7.75,0
101,12x12,high,dispersed,4,low,baseline,7,7,0,0,18,18,10.24,10.24,7.0,7.0,0
101,12x12,high,dispersed,4,low,space_bits_only,7,7,0,0,18,18,10.24,10.24,7.0,7.0,0
101,12x12,high,dispersed,4,low,mask_only,7,7,0,0,18,4,10.24,7.72,7.0,7.0,0
101,12x12,high,dispersed,4,low,both,7,7,0,0,18,4,10.24,7.72,7.0,7.0,0
101,12x12,high,dispersed,4,low,null_dispatch,7,7,0,0,18,18,10.24,10.24,7.0,7.0,0
101,12x12,high,dispersed,4,high,baseline,7,7,1,1,18,18,11.14,11.14,8.75,8.75,0
101,12x12,high,dispersed,4,high,space_bits_only,7,7,1,1,18,18,11.14,11.14,8.75,8.75,0
101,12x12,high,dispersed,4,high,mask_only,7,7,1,1,18,4,11.14,8.62,8.75,8.75,0
101,12x12,high,dispersed,4,high,both,7,7,1,1,18,4,11.14,8.62,8.75,8.75,0
101,12x12,high,dispersed,4,high,null_dispatch,7,7,1,1,18,18,11.14,11.14,8.75,8.75,0
101,12x12,high,dispersed,8,low,baseline,8,8,0,0,18,18,11.24,11.24,8.0,8.0,0
101,12x12,high,dispersed,8,low,space_bits_only,8,8,0,0,18,18,11.24,11.24,8.0,8.0,0
101,12x12,high,dispersed,8,low,mask_only,8,8,0,0,18,8,11.24,9.44,8.0,8.0,0
101,12x12,high,dispersed,8,low,both,8,8,0,0,18,8,11.24,9.44,8.0,8.0,0
101,12x12,high,dispersed,8,low,null_dispatch,8,8,0,0,18,18,11.24,11.24,8.0,8.0,0
101,12x12,high,dispersed,8,high,baseline,5,5,0,0,18,18,8.24,8.24,5.0,5.0,0
101,12x12,high,dispersed,8,high,space_bits_only,5,5,0,0,18,18,8.24,8.24,5.0,5.0,0
101,12x12,high,dispersed,8,high,mask_only,5,5,0,0,18,8,8.24,6.44,5.0,5.0,0
101,12x12,high,dispersed,8,high,both,5,5,0,0,18,8,8.24,6.44,5.0,5.0,0
101,12x12,high,dispersed,8,high,null_dispatch,5,5,0,0,18,18,8.24,8.24,5.0,5.0,0
101,12x12,high,dispersed,12,low,baseline,3,3,0,0,18,18,6.24,6.24,3.0,3.0,0
101,12x12,high,dispersed,12,low,space_bits_only,3,3,0,0,18,18,6.24,6.24,3.0,3.0,0
101,12x12,high,dispersed,12,low,mask_only,3,3,0,0,18,12,6.24,5.16,3.0,3.0,0
101,12x12,high,dispersed,12,low,both,3,3,0,0,18,12,6.24,5.16,3.0,3.0,0
101,12x12,high,dispersed,12,low,null_dispatch,3,3,0,0,18,18,6.24,6.24,3.0,3.0,0
101,12x12,high,dispersed,12,high,baseline,10,10,0,0,18,18,13.24,13.24,10.0,10.0,0
101,12x12,high,dispersed,12,high,space_bits_only,10,10,0,0,18,18,13.24,13.24,10.0,10.0,0
101,12x12,high,dispersed,12,high,mask_only,10,10,0,0,18,12,13.24,12.16,10.0,10.0,0
101,12x12,high,dispersed,12,high,both,10,10,0,0,18,12,13.24,12.16,10.0,10.0,0
101,12x12,high,dispersed,12,high,null_dispatch,10,10,0,0,18,18,13.24,13.24,10.0,10.0,0
101,12x12,high,dispersed,18,low,baseline,6,6,1,1,18,18,10.14,10.14,7.75,7.75,0
101,12x12,high,dispersed,18,low,space_bits_only,6,6,1,1,18,18,10.14,10.14,7.75,7.75,0
101,12x12,high,dispersed,18,low,mask_only,6,6,1,1,18,18,10.14,10.14,7.75,7.75,0
101,12x12,high,dispersed,18,low,both,6,6,1,1,18,18,10.14,10.14,7.75,7.75,0
101,12x12,high,dispersed,18,low,null_dispatch,6,6,1,1,18,18,10.14,10.14,7.75,7.75,0
101,12x12,high,dispersed,18,high,baseline,10,10,1,1,18,18,14.14,14.14,11.75,11.75,0
101,12x12,high,dispersed,18,high,space_bits_only,10,10,1,0,18,18,14.14,13.24,11.75,10.0,1
101,12x12,high,dispersed,18,high,mask_only,10,10,1,1,18,18,14.14,14.14,11.75,11.75,0
101,12x12,high,dispersed,18,high,both,10,10,1,0,18,18,14.14,13.24,11.75,10.0,1
101,12x12,high,dispersed,18,high,null_dispatch,10,10,1,1,18,18,14.14,14.14,11.75,11.75,0
